/*
 Navicat Premium Data Transfer

 Source Server         : 10.12.2.149
 Source Server Type    : MySQL
 Source Server Version : 50556
 Source Host           : 10.12.2.149:3306
 Source Schema         : geic_manage

 Target Server Type    : MySQL
 Target Server Version : 50556
 File Encoding         : 65001

 Date: 21/09/2018 15:25:22
*/

SET NAMES utf8mb4;
SET FOREIGN_KEY_CHECKS = 0;

-- ----------------------------
-- Table structure for geic_banner
-- ----------------------------
DROP TABLE IF EXISTS `geic_banner`;
CREATE TABLE `geic_banner`  (
  `banner_id` int(11) NOT NULL AUTO_INCREMENT COMMENT 'banner主键ID',
  `banner_name` varchar(100) CHARACTER SET utf8 COLLATE utf8_general_ci NULL DEFAULT NULL COMMENT '名称',
  `banner_position` varchar(100) CHARACTER SET utf8 COLLATE utf8_general_ci NULL DEFAULT NULL COMMENT 'Banner位置',
  `banner_desc` varchar(255) CHARACTER SET utf8 COLLATE utf8_general_ci NULL DEFAULT NULL COMMENT '简介',
  `banner_url` varchar(50) CHARACTER SET utf8 COLLATE utf8_general_ci NULL DEFAULT NULL COMMENT 'banner图存储地址',
  `banner_video_url` varchar(50) CHARACTER SET utf8 COLLATE utf8_general_ci NULL DEFAULT NULL COMMENT 'banner视频地址',
  `banner_type` tinyint(2) NULL DEFAULT NULL COMMENT 'banner类型',
  `banner_redirect` varchar(50) CHARACTER SET utf8 COLLATE utf8_general_ci NULL DEFAULT NULL COMMENT '跳转地址',
  `status` tinyint(2) NULL DEFAULT NULL COMMENT '状态0编辑1发布2未发布3删除',
  `sort` tinyint(2) NULL DEFAULT NULL COMMENT '顺序',
  `create_id` int(11) NULL DEFAULT NULL COMMENT '创建人ID',
  `create_time` datetime NULL DEFAULT NULL COMMENT '创建时间',
  `update_id` int(11) NULL DEFAULT NULL COMMENT '更新人ID',
  `update_time` datetime NULL DEFAULT NULL COMMENT '更新时间',
  PRIMARY KEY (`banner_id`) USING BTREE
) ENGINE = InnoDB AUTO_INCREMENT = 5 CHARACTER SET = utf8 COLLATE = utf8_general_ci COMMENT = 'banner管理' ROW_FORMAT = Dynamic;

-- ----------------------------
-- Records of geic_banner
-- ----------------------------
INSERT INTO `geic_banner` VALUES (1, '新网络 / 新平台 / 新服务', NULL, '共建开放融合的智能制造新生态', '/static/pic/home/web_banner1.jpg', NULL, NULL, '/#/products/product/300101/1', 1, 1, 100001, '2018-07-16 17:46:47', NULL, NULL);
INSERT INTO `geic_banner` VALUES (2, '海量垂直应用', NULL, '面向企业生产、运营、管理提供专业化应用服务', '/static/pic/home/web_banner2.jpg', NULL, NULL, '/#/market', 1, 2, 100001, '2018-07-17 17:46:51', NULL, NULL);
INSERT INTO `geic_banner` VALUES (3, '供需交易服务', NULL, '拉通产业链上下游的供需交易', '/static/pic/home/web_banner3.jpg', NULL, NULL, '/#/supplyDemand/list2', 1, 3, 100001, '2018-07-19 17:46:55', NULL, NULL);
INSERT INTO `geic_banner` VALUES (4, '智能工厂解决方案', NULL, '设备智能互联、远程故障诊断、预测性维护分析', '/static/pic/home/web_banner4.jpg', NULL, NULL, '/#/solution/10086', 1, 4, 100001, '2018-07-21 17:46:58', NULL, NULL);

-- ----------------------------
-- Table structure for geic_class_manage
-- ----------------------------
DROP TABLE IF EXISTS `geic_class_manage`;
CREATE TABLE `geic_class_manage`  (
  `class_id` int(11) NOT NULL AUTO_INCREMENT COMMENT '分类ID',
  `class_type` tinyint(2) NULL DEFAULT NULL COMMENT '分类类型（01软件超市分类02供需查询区03产品分类04解决方案分类05软件超市查询区06企业行业分类07企业类型）',
  `class_name` varchar(100) CHARACTER SET utf8 COLLATE utf8_general_ci NULL DEFAULT NULL COMMENT '分类名称',
  `class_icon` varchar(100) CHARACTER SET utf8 COLLATE utf8_general_ci NULL DEFAULT NULL COMMENT '分类简图（首页软件展示）',
  `class_desc` varchar(255) CHARACTER SET utf8 COLLATE utf8_general_ci NULL DEFAULT NULL COMMENT '分类简述',
  `parent_class_id` int(11) NULL DEFAULT NULL COMMENT '父分类ID',
  `class_level` tinyint(2) NULL DEFAULT NULL COMMENT '分类级别',
  `class_order` tinyint(2) NULL DEFAULT NULL COMMENT '顺序',
  `status` tinyint(2) NULL DEFAULT NULL COMMENT '状态0删除1正常',
  `create_id` int(11) NULL DEFAULT NULL COMMENT '创建人ID',
  `create_time` datetime NULL DEFAULT NULL COMMENT '创建时间',
  `update_id` int(11) NULL DEFAULT NULL COMMENT '更新人ID',
  `update_time` datetime NULL DEFAULT NULL COMMENT '更新时间',
  PRIMARY KEY (`class_id`) USING BTREE
) ENGINE = InnoDB AUTO_INCREMENT = 10010106 CHARACTER SET = utf8 COLLATE = utf8_general_ci COMMENT = '分类管理' ROW_FORMAT = Dynamic;

-- ----------------------------
-- Records of geic_class_manage
-- ----------------------------
INSERT INTO `geic_class_manage` VALUES (1001, 1, '企业办公', 'icon-homepage_4', '高效率办公，让工作事半功倍', NULL, 1, 1, 1, NULL, NULL, NULL, NULL);
INSERT INTO `geic_class_manage` VALUES (1002, 1, '工业设计', 'icon-homepage_3', '设计、生产一体化流程操作', NULL, 1, 2, 1, NULL, NULL, NULL, NULL);
INSERT INTO `geic_class_manage` VALUES (1003, 1, '生产管理', 'icon-homepage_1', '优化生产工艺流程', NULL, 1, 3, 1, NULL, NULL, NULL, NULL);
INSERT INTO `geic_class_manage` VALUES (2001, 2, '行业分类', NULL, NULL, NULL, 1, 1, 1, NULL, NULL, NULL, NULL);
INSERT INTO `geic_class_manage` VALUES (3001, 3, '标准化产品', 'icon-homepage_2', '具有标准化、通用化的产品', NULL, 1, 1, 1, NULL, NULL, NULL, NULL);
INSERT INTO `geic_class_manage` VALUES (4001, 4, '制造', NULL, NULL, NULL, 1, 1, 1, NULL, NULL, NULL, NULL);
INSERT INTO `geic_class_manage` VALUES (4002, 4, '石油/天然气', NULL, NULL, NULL, 1, 2, 1, NULL, NULL, NULL, NULL);
INSERT INTO `geic_class_manage` VALUES (4003, 4, '电力', NULL, NULL, NULL, 1, 3, 1, NULL, NULL, NULL, NULL);
INSERT INTO `geic_class_manage` VALUES (4004, 4, '矿山/冶金', NULL, NULL, NULL, 1, 4, 1, NULL, NULL, NULL, NULL);
INSERT INTO `geic_class_manage` VALUES (4005, 4, '给排水/供热/燃气', NULL, NULL, NULL, 1, 5, 1, NULL, NULL, NULL, NULL);
INSERT INTO `geic_class_manage` VALUES (4006, 4, '新能源', NULL, NULL, NULL, 1, 6, 1, NULL, NULL, NULL, NULL);
INSERT INTO `geic_class_manage` VALUES (5001, 5, '试用方式', NULL, NULL, NULL, 1, 1, 1, NULL, NULL, NULL, NULL);
INSERT INTO `geic_class_manage` VALUES (5002, 5, '操作系统', NULL, NULL, NULL, 1, 2, 1, NULL, NULL, NULL, NULL);
INSERT INTO `geic_class_manage` VALUES (5003, 5, '软件品牌', NULL, NULL, NULL, 1, 3, 1, NULL, NULL, NULL, NULL);
INSERT INTO `geic_class_manage` VALUES (6001, 6, '采矿能源业', NULL, NULL, NULL, 1, 1, 1, NULL, NULL, NULL, NULL);
INSERT INTO `geic_class_manage` VALUES (6002, 6, '制造行业', NULL, NULL, NULL, 1, 2, 1, NULL, NULL, NULL, NULL);
INSERT INTO `geic_class_manage` VALUES (6003, 6, '电力、热力、燃气及水生产和供应业', NULL, NULL, NULL, 1, 3, 1, NULL, NULL, NULL, NULL);
INSERT INTO `geic_class_manage` VALUES (6004, 6, '建筑工程', NULL, NULL, NULL, 1, 4, 1, NULL, NULL, NULL, NULL);
INSERT INTO `geic_class_manage` VALUES (6005, 6, '批发和零售业', NULL, NULL, NULL, 1, 5, 1, NULL, NULL, NULL, NULL);
INSERT INTO `geic_class_manage` VALUES (6006, 6, '交通运输、仓储', NULL, NULL, NULL, 1, 6, 1, NULL, NULL, NULL, NULL);
INSERT INTO `geic_class_manage` VALUES (6007, 6, '餐饮业', NULL, NULL, NULL, 1, 7, 1, NULL, NULL, NULL, NULL);
INSERT INTO `geic_class_manage` VALUES (6008, 6, '信息技术服务及软件行业', NULL, NULL, NULL, 1, 8, 1, NULL, NULL, NULL, NULL);
INSERT INTO `geic_class_manage` VALUES (6009, 6, '金融业', NULL, NULL, NULL, 1, 9, 1, NULL, NULL, NULL, NULL);
INSERT INTO `geic_class_manage` VALUES (6010, 6, '科学研究和技术服务业', NULL, NULL, NULL, 1, 10, 1, NULL, NULL, NULL, NULL);
INSERT INTO `geic_class_manage` VALUES (6011, 6, '水利、环境和公共设施管理业', NULL, NULL, NULL, 1, 11, 1, NULL, NULL, NULL, NULL);
INSERT INTO `geic_class_manage` VALUES (6012, 6, '教育', NULL, NULL, NULL, 1, 12, 1, NULL, NULL, NULL, NULL);
INSERT INTO `geic_class_manage` VALUES (6013, 6, '文化、体育和娱乐业', NULL, NULL, NULL, 1, 13, 1, NULL, NULL, NULL, NULL);
INSERT INTO `geic_class_manage` VALUES (6014, 6, '公共管理', NULL, NULL, NULL, 1, 14, 1, NULL, NULL, NULL, NULL);
INSERT INTO `geic_class_manage` VALUES (6015, 6, '国际组织', NULL, NULL, NULL, 1, 15, 1, NULL, NULL, NULL, NULL);
INSERT INTO `geic_class_manage` VALUES (7001, 7, '国有企业', NULL, NULL, NULL, 1, 1, 1, NULL, NULL, NULL, NULL);
INSERT INTO `geic_class_manage` VALUES (7002, 7, '集体所有制企业', NULL, NULL, NULL, 1, 2, 1, NULL, NULL, NULL, NULL);
INSERT INTO `geic_class_manage` VALUES (7003, 7, '私营企业', NULL, NULL, NULL, 1, 3, 1, NULL, NULL, NULL, NULL);
INSERT INTO `geic_class_manage` VALUES (7004, 7, '股份制企业', NULL, NULL, NULL, 1, 4, 1, NULL, NULL, NULL, NULL);
INSERT INTO `geic_class_manage` VALUES (7005, 7, '有限合伙企业', NULL, NULL, NULL, 1, 5, 1, NULL, NULL, NULL, NULL);
INSERT INTO `geic_class_manage` VALUES (7006, 7, '联营企业', NULL, NULL, NULL, 1, 6, 1, NULL, NULL, NULL, NULL);
INSERT INTO `geic_class_manage` VALUES (7007, 7, '外商投资企业', NULL, NULL, NULL, 1, 7, 1, NULL, NULL, NULL, NULL);
INSERT INTO `geic_class_manage` VALUES (7008, 7, '个人独资企业', NULL, NULL, NULL, 1, 8, 1, NULL, NULL, NULL, NULL);
INSERT INTO `geic_class_manage` VALUES (7009, 7, '股份合作企业', NULL, NULL, NULL, 1, 9, 1, NULL, NULL, NULL, NULL);
INSERT INTO `geic_class_manage` VALUES (7010, 7, '港、澳、台企业', NULL, NULL, NULL, 1, 10, 1, NULL, NULL, NULL, NULL);
INSERT INTO `geic_class_manage` VALUES (100101, 1, '协同办公', NULL, '规范管理，提高工作效率和企业竞争力', 1001, 2, 1, 1, NULL, NULL, NULL, NULL);
INSERT INTO `geic_class_manage` VALUES (100102, 1, '人员管理', NULL, '整合企业人才战略，统一管理人事业务', 1001, 2, 2, 1, NULL, NULL, NULL, NULL);
INSERT INTO `geic_class_manage` VALUES (100103, 1, '财务管理', NULL, '强化财务制度合规运营、规范运作', 1001, 2, 3, 1, NULL, NULL, NULL, NULL);
INSERT INTO `geic_class_manage` VALUES (100104, 1, '基础服务', NULL, '为客户办公提供基础软件', 1001, 2, 4, 1, NULL, NULL, NULL, NULL);
INSERT INTO `geic_class_manage` VALUES (100201, 1, '仿真设计', NULL, '高效协同企业研发平台，提高研发效率', 1002, 2, 1, 1, NULL, NULL, NULL, NULL);
INSERT INTO `geic_class_manage` VALUES (100202, 1, '制图工具', NULL, '专业强大的工业绘图软件', 1002, 2, 2, 1, NULL, NULL, NULL, NULL);
INSERT INTO `geic_class_manage` VALUES (100301, 1, '生产管理', NULL, '实现企业管理标准化、流程化', 1003, 2, 1, 1, NULL, NULL, NULL, NULL);
INSERT INTO `geic_class_manage` VALUES (200101, 2, '机电产品', NULL, NULL, 2001, 2, 1, 1, NULL, NULL, 1, '2018-09-04 09:53:50');
INSERT INTO `geic_class_manage` VALUES (200102, 2, '工程建材', NULL, NULL, 2001, 2, 2, 1, NULL, NULL, NULL, NULL);
INSERT INTO `geic_class_manage` VALUES (200103, 2, '机械设备', NULL, NULL, 2001, 2, 3, 1, NULL, NULL, NULL, NULL);
INSERT INTO `geic_class_manage` VALUES (200104, 2, '工业器件', NULL, NULL, 2001, 2, 4, 1, NULL, NULL, NULL, NULL);
INSERT INTO `geic_class_manage` VALUES (200105, 2, '办公设备', NULL, NULL, 2001, 2, 5, 1, NULL, NULL, NULL, NULL);
INSERT INTO `geic_class_manage` VALUES (200106, 2, '服务应用', NULL, NULL, 2001, 2, 6, 1, NULL, NULL, NULL, NULL);
INSERT INTO `geic_class_manage` VALUES (200199, 2, '其他', NULL, NULL, 2001, 2, 99, 1, NULL, NULL, NULL, NULL);
INSERT INTO `geic_class_manage` VALUES (300101, 3, '智能监测', NULL, '面向工业生产环境提供智能监测服务', 3001, 2, 1, 1, NULL, NULL, NULL, NULL);
INSERT INTO `geic_class_manage` VALUES (300102, 3, '智能巡检', NULL, '助力工业能源行业安全生产', 3001, 2, 2, 1, NULL, NULL, NULL, NULL);
INSERT INTO `geic_class_manage` VALUES (300103, 3, '工业设备互联', NULL, '以数据为驱动，释放工业设备数据潜能', 3001, 2, 3, 1, NULL, NULL, NULL, NULL);
INSERT INTO `geic_class_manage` VALUES (300104, 3, '工业虚拟专网', NULL, '网关一机多用，配置灵活，即插即用', 3001, 2, 4, 1, NULL, NULL, NULL, NULL);
INSERT INTO `geic_class_manage` VALUES (500101, 5, '下载试用', NULL, NULL, 5001, 2, 1, 1, NULL, NULL, NULL, NULL);
INSERT INTO `geic_class_manage` VALUES (500102, 5, '在线试用', NULL, NULL, 5001, 2, 2, 1, NULL, NULL, NULL, NULL);
INSERT INTO `geic_class_manage` VALUES (500201, 5, 'Windows', NULL, NULL, 5002, 2, 1, 1, NULL, NULL, NULL, NULL);
INSERT INTO `geic_class_manage` VALUES (500202, 5, ' Linux', NULL, NULL, 5002, 2, 2, 1, NULL, NULL, NULL, NULL);
INSERT INTO `geic_class_manage` VALUES (500203, 5, 'Centos OS', NULL, NULL, 5002, 2, 3, 1, NULL, NULL, NULL, NULL);
INSERT INTO `geic_class_manage` VALUES (500301, 5, '中服', NULL, NULL, 5003, 2, 1, 1, NULL, NULL, NULL, NULL);
INSERT INTO `geic_class_manage` VALUES (500302, 5, ' Adobe', NULL, NULL, 5003, 2, 1, 1, NULL, NULL, NULL, NULL);
INSERT INTO `geic_class_manage` VALUES (10010101, 1, '测试类', NULL, '实现企业管理标准化、流程化', 100101, 3, 1, 1, NULL, NULL, NULL, NULL);

-- ----------------------------
-- Table structure for geic_common_code
-- ----------------------------
DROP TABLE IF EXISTS `geic_common_code`;
CREATE TABLE `geic_common_code`  (
  `id` int(11) NOT NULL AUTO_INCREMENT COMMENT '主键',
  `code_type` varchar(10) CHARACTER SET utf8 COLLATE utf8_general_ci NULL DEFAULT NULL COMMENT '公共代码分类',
  `type_name` varchar(50) CHARACTER SET utf8 COLLATE utf8_general_ci NULL DEFAULT NULL COMMENT '公共代码分类名称',
  `code_id` varchar(10) CHARACTER SET utf8 COLLATE utf8_general_ci NULL DEFAULT NULL COMMENT '公共代码ID',
  `code_name` varchar(50) CHARACTER SET utf8 COLLATE utf8_general_ci NULL DEFAULT NULL COMMENT '公共代码名称',
  `sort` tinyint(2) NULL DEFAULT NULL COMMENT '排序',
  `remark` varchar(255) CHARACTER SET utf8 COLLATE utf8_general_ci NULL DEFAULT NULL COMMENT '备注',
  `create_id` int(11) NULL DEFAULT NULL COMMENT '创建人ID',
  `create_time` datetime NULL DEFAULT NULL COMMENT '创建时间',
  `update_id` int(11) NULL DEFAULT NULL COMMENT '更新人ID',
  `update_time` datetime NULL DEFAULT NULL COMMENT '更新时间',
  `status` tinyint(2) NULL DEFAULT NULL COMMENT '状态（0删除1在用）',
  PRIMARY KEY (`id`) USING BTREE
) ENGINE = InnoDB AUTO_INCREMENT = 1 CHARACTER SET = utf8 COLLATE = utf8_general_ci COMMENT = '公共代码表' ROW_FORMAT = Dynamic;

-- ----------------------------
-- Table structure for geic_config
-- ----------------------------
DROP TABLE IF EXISTS `geic_config`;
CREATE TABLE `geic_config`  (
  `id` int(11) NOT NULL AUTO_INCREMENT,
  `type` int(11) NULL DEFAULT NULL COMMENT '常量的类型',
  `key` varchar(50) CHARACTER SET utf8 COLLATE utf8_general_ci NULL DEFAULT NULL COMMENT 'key',
  `value` varchar(2000) CHARACTER SET utf8 COLLATE utf8_general_ci NULL DEFAULT NULL COMMENT 'value',
  `status` tinyint(2) NULL DEFAULT 1 COMMENT '状态   0：隐藏   1：显示',
  `remark` varchar(500) CHARACTER SET utf8 COLLATE utf8_general_ci NULL DEFAULT NULL COMMENT '备注',
  `create_id` int(11) NULL DEFAULT NULL COMMENT '创建人id',
  `create_time` datetime NULL DEFAULT NULL COMMENT '创建时间',
  `update_id` int(11) NULL DEFAULT NULL COMMENT '更新人id',
  `update_time` datetime NULL DEFAULT NULL COMMENT '更新时间',
  PRIMARY KEY (`id`) USING BTREE,
  UNIQUE INDEX `key`(`key`) USING BTREE
) ENGINE = InnoDB AUTO_INCREMENT = 11 CHARACTER SET = utf8 COLLATE = utf8_general_ci COMMENT = '系统配置信息表' ROW_FORMAT = Dynamic;

-- ----------------------------
-- Records of geic_config
-- ----------------------------
INSERT INTO `geic_config` VALUES (2, 5, 'FTP_ADDRESS', '10.12.2.179', 1, 'FTP地址 内容发布 防篡改的目录', 1, NULL, NULL, NULL);
INSERT INTO `geic_config` VALUES (3, 5, 'FTP_USERNAME', 'node', 1, 'FTP用户名 内容发布 防篡改的目录', 1, NULL, NULL, NULL);
INSERT INTO `geic_config` VALUES (4, 5, 'FTP_PORT', '22', 1, 'FTP端口号 内容发布 防篡改的目录', 1, '2017-10-10 10:58:56', NULL, NULL);
INSERT INTO `geic_config` VALUES (5, 1, 'FTP_ROOT', '/usr/local/myImage/', 1, 'FTP根目录 内容发布 防篡改的目录', 1, '2017-10-10 10:58:56', NULL, NULL);
INSERT INTO `geic_config` VALUES (6, 1, 'FTP_LOCALROOT', 'release', 1, 'FTP本地文件根目录 内容发布 ', 1, '2017-10-10 10:58:56', NULL, NULL);
INSERT INTO `geic_config` VALUES (9, 1, 'FTP_APP_ROOT', '/home/node/cloud/app/upload', 1, 'FTP资源发布的目标目录', NULL, NULL, NULL, NULL);
INSERT INTO `geic_config` VALUES (10, 5, 'FTP_PASSWORD', '', 1, 'FTP密码 内容发布 防篡改的目录', NULL, NULL, NULL, NULL);

-- ----------------------------
-- Table structure for geic_demand_bid
-- ----------------------------
DROP TABLE IF EXISTS `geic_demand_bid`;
CREATE TABLE `geic_demand_bid`  (
  `bid_id` int(11) NOT NULL AUTO_INCREMENT COMMENT '竞标ID（一各需求可选多个中标）',
  `demand_id` int(11) NOT NULL COMMENT '需求ID',
  `user_id` int(11) NOT NULL COMMENT '需求竞标企业ID',
  `company_name` varchar(100) CHARACTER SET utf8 COLLATE utf8_general_ci NULL DEFAULT NULL COMMENT '企业名称',
  `offer` decimal(10, 2) NULL DEFAULT NULL COMMENT '需求竞标报价(-1面议正数为实际报价)',
  `reason` varchar(255) CHARACTER SET utf8 COLLATE utf8_general_ci NULL DEFAULT NULL COMMENT '需求竞标理由',
  `mobile` varchar(20) CHARACTER SET utf8 COLLATE utf8_general_ci NULL DEFAULT NULL COMMENT '联系方式',
  `is_bid` tinyint(2) NULL DEFAULT NULL COMMENT '是否中标（0进行中 1成功 2失败）',
  `status` tinyint(2) NULL DEFAULT NULL COMMENT '(0撤销1正常)',
  `create_time` datetime NULL DEFAULT NULL COMMENT '创建时间',
  `update_time` datetime NULL DEFAULT NULL COMMENT '更新时间',
  PRIMARY KEY (`bid_id`) USING BTREE
) ENGINE = InnoDB AUTO_INCREMENT = 100044 CHARACTER SET = utf8 COLLATE = utf8_general_ci COMMENT = '需求竞标表' ROW_FORMAT = Dynamic;

-- ----------------------------
-- Table structure for geic_doc
-- ----------------------------
DROP TABLE IF EXISTS `geic_doc`;
CREATE TABLE `geic_doc`  (
  `id` int(11) NOT NULL AUTO_INCREMENT,
  `doc_url` varchar(255) CHARACTER SET utf8 COLLATE utf8_general_ci NULL DEFAULT NULL,
  `doc_name` varchar(255) CHARACTER SET utf8 COLLATE utf8_general_ci NULL DEFAULT '' COMMENT '文档名称',
  `doc_image` varchar(50) CHARACTER SET utf8 COLLATE utf8_general_ci NULL DEFAULT NULL COMMENT '文档图片',
  `doc_desc` varchar(511) CHARACTER SET utf8 COLLATE utf8_general_ci NULL DEFAULT NULL COMMENT '文件简介',
  `status` tinyint(2) NULL DEFAULT NULL COMMENT '状态0删除1发布2未发布',
  `create_time` datetime NULL DEFAULT NULL COMMENT '创建时间',
  `update_time` datetime NULL DEFAULT NULL COMMENT '修改时间',
  `create_id` int(11) NULL DEFAULT NULL COMMENT '创建人ID',
  `update_id` int(11) NULL DEFAULT NULL COMMENT '修改人',
  `remark` varchar(1000) CHARACTER SET utf8 COLLATE utf8_general_ci NULL DEFAULT NULL COMMENT '备注',
  `pubdate` datetime NULL DEFAULT NULL,
  PRIMARY KEY (`id`) USING BTREE
) ENGINE = InnoDB AUTO_INCREMENT = 4 CHARACTER SET = utf8 COLLATE = utf8_general_ci COMMENT = '推荐资料下载关系表' ROW_FORMAT = Dynamic;

-- ----------------------------
-- Records of geic_doc
-- ----------------------------
INSERT INTO `geic_doc` VALUES (1, '/static/video-A3s.mp4', 'test1', '/static/pic/industry.jpg', NULL, 1, '2018-07-28 11:35:43', NULL, 100001, NULL, NULL, NULL);
INSERT INTO `geic_doc` VALUES (2, '/static/video-A3s.mp4', 'test2', '/static/pic/industry.jpg', NULL, 1, '2018-07-28 11:35:43', NULL, 100001, NULL, NULL, NULL);
INSERT INTO `geic_doc` VALUES (3, '/static/video-A3s.mp4', 'test3', '/static/pic/industry.jpg', NULL, 1, '2018-07-28 11:35:43', NULL, 100001, NULL, NULL, NULL);

-- ----------------------------
-- Table structure for geic_ftp_resource
-- ----------------------------
DROP TABLE IF EXISTS `geic_ftp_resource`;
CREATE TABLE `geic_ftp_resource`  (
  `resource_id` int(11) NULL DEFAULT NULL COMMENT '资源编号',
  `resource_type` varchar(2) CHARACTER SET utf8 COLLATE utf8_general_ci NULL DEFAULT NULL COMMENT '资源类型',
  `status` tinyint(2) NULL DEFAULT 1 COMMENT '资源状态',
  `create_user_id` int(11) NOT NULL COMMENT '创建人ID',
  `create_time` datetime NOT NULL COMMENT '创建时间',
  `resource_url` varchar(255) CHARACTER SET utf8 COLLATE utf8_general_ci NULL DEFAULT NULL COMMENT '资源路径',
  `remark` varchar(255) CHARACTER SET utf8 COLLATE utf8_general_ci NULL DEFAULT NULL COMMENT '备注'
) ENGINE = InnoDB CHARACTER SET = utf8 COLLATE = utf8_general_ci COMMENT = 'FTP发布资源表' ROW_FORMAT = Dynamic;

-- ----------------------------
-- Table structure for geic_home_recommend
-- ----------------------------
DROP TABLE IF EXISTS `geic_home_recommend`;
CREATE TABLE `geic_home_recommend`  (
  `id` int(11) NOT NULL AUTO_INCREMENT COMMENT '首页推荐主键',
  `recommend_id` int(11) NOT NULL COMMENT '推荐资源ID',
  `recommend_type` tinyint(2) UNSIGNED NOT NULL COMMENT '1软件2产品3解决方案4合作伙伴',
  `operate_time` datetime NULL DEFAULT NULL COMMENT '推荐操作时间',
  `operate_id` int(11) NULL DEFAULT NULL COMMENT '推荐操作人ID',
  `sort` tinyint(2) NULL DEFAULT NULL COMMENT '顺序（备用）',
  `status` tinyint(2) NULL DEFAULT NULL COMMENT '状态（0删除1正常）',
  `update_id` int(11) NULL DEFAULT NULL COMMENT '更新人ID',
  `update_time` datetime NULL DEFAULT NULL COMMENT '更新时间',
  PRIMARY KEY (`id`) USING BTREE
) ENGINE = InnoDB AUTO_INCREMENT = 10 CHARACTER SET = utf8 COLLATE = utf8_general_ci COMMENT = '首页推荐表' ROW_FORMAT = Dynamic;

-- ----------------------------
-- Records of geic_home_recommend
-- ----------------------------
INSERT INTO `geic_home_recommend` VALUES (1, 11, 3, '2018-07-11 14:37:54', 100001, 2, 0, NULL, NULL);
INSERT INTO `geic_home_recommend` VALUES (2, 12, 3, '2018-07-11 14:37:54', 100001, 3, 0, NULL, NULL);
INSERT INTO `geic_home_recommend` VALUES (3, 13, 3, '2018-07-11 14:37:54', 100001, 4, 0, NULL, NULL);
INSERT INTO `geic_home_recommend` VALUES (4, 10086, 3, '2018-07-11 14:37:54', 100001, 5, 0, NULL, NULL);
INSERT INTO `geic_home_recommend` VALUES (5, 10001, 3, '2018-08-21 16:26:05', 100001, 1, 0, NULL, NULL);
INSERT INTO `geic_home_recommend` VALUES (6, 10087, 3, '2018-09-14 18:38:47', 100001, 6, 1, NULL, NULL);
INSERT INTO `geic_home_recommend` VALUES (7, 10091, 3, '2018-09-14 18:38:47', 100001, 7, 1, NULL, NULL);
INSERT INTO `geic_home_recommend` VALUES (8, 10093, 3, '2018-09-14 18:38:47', 100001, 8, 1, NULL, NULL);
INSERT INTO `geic_home_recommend` VALUES (9, 10096, 3, '2018-09-14 18:38:47', 100001, 9, 1, NULL, NULL);

-- ----------------------------
-- Table structure for geic_hot_recommend
-- ----------------------------
DROP TABLE IF EXISTS `geic_hot_recommend`;
CREATE TABLE `geic_hot_recommend`  (
  `id` int(11) NOT NULL AUTO_INCREMENT COMMENT '热门推荐主键',
  `recommend_id` int(11) NOT NULL COMMENT '推荐资源ID',
  `recommend_type` tinyint(2) UNSIGNED NOT NULL COMMENT '1软件',
  `operate_time` datetime NULL DEFAULT NULL COMMENT '推荐操作时间',
  `operate_id` int(11) NULL DEFAULT NULL COMMENT '推荐操作人ID',
  `sort` tinyint(2) NULL DEFAULT NULL COMMENT '顺序（备用）',
  `status` tinyint(2) NULL DEFAULT NULL COMMENT '状态（0删除1正常）',
  `update_id` int(11) NULL DEFAULT NULL COMMENT '更新人ID',
  `update_time` datetime NULL DEFAULT NULL COMMENT '更新时间',
  PRIMARY KEY (`id`) USING BTREE
) ENGINE = InnoDB AUTO_INCREMENT = 10004 CHARACTER SET = utf8 COLLATE = utf8_general_ci COMMENT = '热门推荐表' ROW_FORMAT = Dynamic;

-- ----------------------------
-- Records of geic_hot_recommend
-- ----------------------------
INSERT INTO `geic_hot_recommend` VALUES (10000, 10000, 1, '2018-07-09 21:52:05', 100001, 1, 1, NULL, NULL);
INSERT INTO `geic_hot_recommend` VALUES (10001, 10004, 1, '2018-07-09 21:52:33', 100001, 3, 1, NULL, NULL);
INSERT INTO `geic_hot_recommend` VALUES (10002, 10005, 1, '2018-07-09 21:53:04', 100001, 2, 1, NULL, NULL);
INSERT INTO `geic_hot_recommend` VALUES (10003, 10006, 1, '2018-07-09 21:53:19', 100001, 4, 1, NULL, NULL);

-- ----------------------------
-- Table structure for geic_login_logs
-- ----------------------------
DROP TABLE IF EXISTS `geic_login_logs`;
CREATE TABLE `geic_login_logs`  (
  `login_logs_id` int(11) NOT NULL AUTO_INCREMENT COMMENT '主键ID',
  `user_id` int(11) NULL DEFAULT NULL COMMENT '用户ID',
  `login_time` datetime NULL DEFAULT NULL COMMENT '登录时间',
  `user_type` varchar(2) CHARACTER SET utf8 COLLATE utf8_general_ci NULL DEFAULT NULL COMMENT '用户类型',
  `user_phone` varchar(22) CHARACTER SET utf8 COLLATE utf8_general_ci NULL DEFAULT NULL,
  `login_logs_remark` varchar(30) CHARACTER SET utf8 COLLATE utf8_general_ci NULL DEFAULT NULL COMMENT '备注',
  `user_name` varchar(255) CHARACTER SET utf8 COLLATE utf8_general_ci NULL DEFAULT NULL,
  `log_is_success` int(11) NULL DEFAULT NULL,
  `log_type` int(11) NULL DEFAULT NULL,
  `log_ip` varchar(255) CHARACTER SET utf8 COLLATE utf8_general_ci NULL DEFAULT NULL,
  `log_content` varchar(255) CHARACTER SET utf8 COLLATE utf8_general_ci NULL DEFAULT NULL,
  PRIMARY KEY (`login_logs_id`) USING BTREE
) ENGINE = InnoDB AUTO_INCREMENT = 4953 CHARACTER SET = utf8 COLLATE = utf8_general_ci COMMENT = '登录日志表' ROW_FORMAT = Dynamic;


-- ----------------------------
-- Table structure for geic_logs
-- ----------------------------
DROP TABLE IF EXISTS `geic_logs`;
CREATE TABLE `geic_logs`  (
  `log_id` bigint(20) NOT NULL AUTO_INCREMENT COMMENT '日志ID',
  `user_account` varchar(50) CHARACTER SET utf8 COLLATE utf8_general_ci NULL DEFAULT NULL COMMENT '用户账户',
  `user_name` varchar(50) CHARACTER SET utf8 COLLATE utf8_general_ci NULL DEFAULT NULL COMMENT '用户名',
  `operate_content` varchar(255) CHARACTER SET utf8 COLLATE utf8_general_ci NULL DEFAULT NULL COMMENT '操作内容',
  `method` varchar(255) CHARACTER SET utf8 COLLATE utf8_general_ci NULL DEFAULT NULL COMMENT '请求方法',
  `param` varchar(5000) CHARACTER SET utf8 COLLATE utf8_general_ci NULL DEFAULT NULL COMMENT '请求参数',
  `time` bigint(20) NOT NULL COMMENT '执行时长',
  `ip_address` varchar(20) CHARACTER SET utf8 COLLATE utf8_general_ci NULL DEFAULT NULL COMMENT 'ip地址',
  `operate_time` datetime NULL DEFAULT NULL COMMENT '操作时间',
  `status` tinyint(2) NULL DEFAULT NULL COMMENT '状态',
  `user_id` int(11) NULL DEFAULT NULL COMMENT '用户ID',
  PRIMARY KEY (`log_id`) USING BTREE
) ENGINE = InnoDB AUTO_INCREMENT = 2 CHARACTER SET = utf8 COLLATE = utf8_general_ci COMMENT = '系统日志表' ROW_FORMAT = Dynamic;

-- ----------------------------
-- Records of geic_logs
-- ----------------------------
INSERT INTO `geic_logs` VALUES (1, '1', '1', '1', '1', '1', 1, '1', '2018-08-31 17:39:30', 1, 1);

-- ----------------------------
-- Table structure for geic_menu
-- ----------------------------
DROP TABLE IF EXISTS `geic_menu`;
CREATE TABLE `geic_menu`  (
  `menu_id` int(11) NOT NULL AUTO_INCREMENT COMMENT '菜单ID',
  `menu_name` varchar(50) CHARACTER SET utf8 COLLATE utf8_general_ci NULL DEFAULT NULL COMMENT '菜单名称',
  `menu_code` varchar(50) CHARACTER SET utf8 COLLATE utf8_general_ci NULL DEFAULT NULL COMMENT '菜单编码',
  `parent_menuID` int(11) NULL DEFAULT NULL COMMENT '父菜单ID',
  `menu_level` tinyint(2) NULL DEFAULT NULL COMMENT '菜单级别',
  `menu_url` varchar(100) CHARACTER SET utf8 COLLATE utf8_general_ci NULL DEFAULT NULL COMMENT '菜单url',
  `menu_order` tinyint(2) NULL DEFAULT NULL COMMENT '菜单顺序',
  `status` tinyint(2) NULL DEFAULT NULL COMMENT '状态0留用1在用2删除',
  `create_id` int(11) UNSIGNED NULL DEFAULT NULL COMMENT '创建人ID',
  `create_time` datetime NULL DEFAULT NULL COMMENT '创建时间',
  `update_id` int(11) NULL DEFAULT NULL COMMENT '更新人ID',
  `update_time` datetime NULL DEFAULT NULL COMMENT '更新时间',
  PRIMARY KEY (`menu_id`) USING BTREE
) ENGINE = InnoDB AUTO_INCREMENT = 1 CHARACTER SET = utf8 COLLATE = utf8_general_ci COMMENT = '系统菜单表' ROW_FORMAT = Dynamic;

-- ----------------------------
-- Table structure for geic_news
-- ----------------------------
DROP TABLE IF EXISTS `geic_news`;
CREATE TABLE `geic_news`  (
  `id` int(11) NOT NULL AUTO_INCREMENT COMMENT '新闻资讯主键ID',
  `title` varchar(100) CHARACTER SET utf8 COLLATE utf8_general_ci NULL DEFAULT NULL COMMENT '标题',
  `image` varchar(50) CHARACTER SET utf8 COLLATE utf8_general_ci NULL DEFAULT NULL COMMENT '标题图片',
  `news_desc` varchar(255) CHARACTER SET utf8 COLLATE utf8_general_ci NULL DEFAULT NULL COMMENT '简介',
  `news_content` text CHARACTER SET utf8 COLLATE utf8_general_ci NULL COMMENT '内容',
  `type` tinyint(2) NULL DEFAULT NULL COMMENT '资讯类型（0新闻、1政策、2资料）',
  `url_type` tinyint(2) NULL DEFAULT NULL COMMENT '链接地址类型（在线、下载）',
  `url_address` varchar(255) CHARACTER SET utf8 COLLATE utf8_general_ci NULL DEFAULT NULL COMMENT '链接地址或下载地址',
  `pubdate` datetime NULL DEFAULT NULL COMMENT '发布时间',
  `status` tinyint(2) NULL DEFAULT NULL COMMENT '状态0删除1发布2未发布',
  `keyword` varchar(255) CHARACTER SET utf8 COLLATE utf8_general_ci NULL DEFAULT NULL COMMENT '关键词',
  `create_id` int(11) NULL DEFAULT NULL COMMENT '创建人ID',
  `create_time` datetime NULL DEFAULT NULL COMMENT '创建时间',
  `update_id` int(11) NULL DEFAULT NULL COMMENT '更新人ID',
  `update_time` datetime NULL DEFAULT NULL COMMENT '更新时间',
  PRIMARY KEY (`id`) USING BTREE
) ENGINE = InnoDB AUTO_INCREMENT = 10103 CHARACTER SET = utf8 COLLATE = utf8_general_ci COMMENT = '新闻资讯表' ROW_FORMAT = Dynamic;

-- ----------------------------
-- Records of geic_news
-- ----------------------------
INSERT INTO `geic_news` VALUES (10000, '习近平：改革只有进行时、没有完成时', '/static/pic/news-1.jpg', '习近平：改革只有进行时、没有完成时', '<div class=\"page_nr\">\r\n						<div class=\"page_text\">\r\n                        	 <div class=TRS_Editor><p align=\"left\">　　<strong>【学习进行时】</strong></p>\r\n<p>　　新华社近日播发万字长文《风生水起逐浪高——党的十九大以来以习近平同志为核心的党中央坚定不移推进全面深化改革述评》，披露了十九大后党中央决策、部署、推进全面深化改革全过程，其中一些重要论述、关键数据和具体细节为首次公开。新华社《学习进行时》为您梳理。</p>\r\n<p>　　以下就是这篇重磅报道的大量干货：</p>\r\n<p align=\"left\"><strong>　　首次披露习近平总书记关于全面深化改革的一系列重要论述</strong></p>\r\n<p>　　“始终牢记改革只有进行时、没有完成时”</p>\r\n<p>　　——这是习近平总书记在十九届中央深改领导小组第一次会议上的讲话。此前，“改革只有进行时、没有完成时”的论述已广为人知，但此次加上“始终牢记”4个字，进一步彰显出党的十九大继续推进全面深化改革的坚定决心。</p>\r\n<p>　　“要在保持经济社会大局稳定的前提下，在经济体制改革上步子再快一些。推进基础性关键领域改革取得新突破，同时抓好已出台改革举措落实。”</p>\r\n<p>　　——这是习近平总书记在2017年底召开的中央工作会议上的讲话，对经济体制改革进一步提出明确要求。</p>\r\n<p>　　“新时代坚持和发展中国特色社会主义，根本动力仍然是全面深化改革。要适应新时代中国特色社会主义事业发展进程，牢牢把握全面深化改革总目标，统筹推进各领域各方面改革。”</p>\r\n<p>　　——这是习近平总书记在党的十九届一中全会上的讲话，明确提出全面深化改革是新时代坚持和发展中国特色社会主义的根本动力。</p>\r\n<p>　　“一个山头一个山头地攻，一个难关一个难关地破”</p>\r\n<p>　　——这是习近平总书记在中央深改委第三次会议上的讲话，强调要把更多精力聚焦到改革的重点难点问题上来。</p>\r\n<p>　　“先立后破、不立不破”“不仅要把‘块’切好，还要把‘条’理顺”</p>\r\n<p>　　——这是习近平总书记在中央深改委第二次会议上的讲话，对深化党和国家机构改革如何做好职责配置和划转提出明确要求，为机构改革科学有序、有条不紊推进指明了方向。</p>\r\n<p>　　“站在新的起点谋划和推进改革，关键还是要真抓实干”“一定要有求实精神，真刀真枪干”</p>\r\n<p>　　——这是习近平总书记分别在十九届中央深改领导小组第一次、第二次会议上的讲话，彰显出党中央对于狠抓改革落实工作的高度重视和明确要求。</p>\r\n<p>　　<strong>首次公开全面深化改革两大关键数据：“158”和“156”</strong></p>\r\n<p>　　<strong>“</strong> <strong>158</strong> <strong>”</strong> ：党的十九大报告共提出158项改革举措。《党的十九大报告重要改革举措实施规划（2018-2022年）》对158项改革举措进行梳理，列明牵头单位、改革起止时间、改革目标路径、成果形式等要素，形成了未来5年全面深化改革的“大施工图”。</p>\r\n<p>　　<strong>“</strong> <strong>156</strong> <strong>”</strong> ：2018年，党中央明确了全面深化改革156项任务。要把蓝图变为现实，必须按照习近平总书记明确要求的“不驰于空想、不骛于虚声”，不断推深做实。</p>\r\n<p>　　<strong>首次提出党的十九大后全面深化改革“四大主线”：更谋长远、更高起点、更涉险滩、更惠民生</strong></p>\r\n<p>　　<strong>更谋长远的改革大布局</strong> ——表决通过《中华人民共和国宪法修正案》，深化党和国家机构改革，成立国家监察委员会……全面深化改革向着“完善和发展中国特色社会主义制度，推进国家治理体系和治理能力现代化”的总目标不断奋进。</p>\r\n<p>　　<strong>更高起点的改革再出发</strong> ——支持海南全面深化改革开放，赋予雄安新区更大改革自主权，复制推广自贸试验区改革试点经验……吸吮着40年改革开放积蓄的丰厚养分和过去5年改革积累的宝贵经验，全面深化改革站上更高起点。</p>\r\n<p>　　<strong>更涉险滩的改革攻坚战</strong> ——以不断深化、精准的改革举措为脱贫攻坚注入强大动力，建立企业职工基本养老保险基金中央调剂制度，开展防范和惩治统计造假、弄虚作假督察工作……新的历史关口，唯有以更大决心、更强勇气破藩篱、涉险滩，才能开辟党和国家事业全新局面。</p>\r\n<p>　　<strong>更惠民生的改革新指向</strong> ——出台农村人居环境整治三年行动方案，规范校外培训机构发展，完善全科医生培养与使用激励机制……一系列改革举措精准出击，始终向着满足人民日益增长的美好生活需要的目标迈进。</p>\r\n<p>　　<strong>首次披露改革督察发现突出问题：一些地方对改革认识不清、落实不力</strong></p>\r\n<p>　　党的十九大后，中央改革办迅速组织对山东、黑龙江、四川、广东等地改革任务落实情况进行全面督察，还对青少年校园足球工作情况、围填海管控办法落实情况、法官检察官员额制改革落实情况等进行了专项督察。</p>\r\n<p>　　督察人员深入一线召开座谈会、查看台账，实地查看社区、企业、农村等改革推进和落实情况，既有效发掘了一批基层抓改革落实的有益经验，也如实反映了一些地方存在的改革认识不清、落实不力等问题，既严肃批评工作不足又明确提出整改建议。</p></div>\r\n                        </div>', 0, 0, '', '2018-07-13 10:03:50', 1, '天然气管道巡检', 100001, '2018-06-10 15:32:03', NULL, NULL);
INSERT INTO `geic_news` VALUES (10001, '7月金融数据传政策暖意 未来实体经济有效融资需求有保障', '/static/pic/news-1.jpg', '7月金融数据传政策暖意 未来实体经济有效融资需求有保障', '<p><font face=\"楷体\">　　7月M2增速回升至8.5%，但M1增速仅5.1%，和M2的趋势之间出现背离，这反映了货币政策调整向企业的传导存在一定时滞。未来随着相关政策持续发力，实体经济有效融资需求有望得到充分保障。</font></p>\r\n<p>　　最新出炉的7月金融统计数据，显示出近期疏通货币政策传导机制的种种举措正在逐步发挥作用。</p>\r\n<p>　　人民银行13日晚间公布，截至7月末广义货币（M2）同比增长8.5%，增速为今年3月以来的最高值。与此同时，表内信贷投放力度加大，7月新增贷款1.45万亿元，其中企业中长期贷款所占比重明显较上月上升。表外融资虽然延续上半年的“冷”意，但是下降幅度开始趋于缓和。</p>\r\n<p>　　狭义货币（M1）增速、社会融资规模增速等数据也传递出这样的信息，即货币政策、信贷政策以及其他监管政策的微调，完全传导至实体经济仍需要一段时间。未来随着相关政策持续发力，实体经济有效融资需求有望得到充分保障。</p>\r\n<p><strong><font color=\"navy\">　　M2反弹至5个月来最高值</font></strong></p>\r\n<p>　　截至7月末，M2增速回升至8.5%，这是5个月以来的最高值。中央财经大学银行业研究室主任郭田勇说，今年二季度以来宏观金融调控政策发生了一些调整，到了7、8月份政策调整力度进一步增大，进而传导到M2上。</p>\r\n<p>　　民生银行首席研究员温彬认为，M2增速触底回升，反映出当前市场流动性总体充裕，市场利率回落，银行信贷超预期增长，存款派生效应增强，市场流动性状况好转。</p>\r\n<p>　　对于下一阶段M2的走势，郭田勇预计，三、四季度M2有可能进一步升高。华泰证券首席宏观分析师李超认为，M2增速反弹的趋势有望持续，稳增长和保就业的目标需要一定的货币增速。</p>\r\n<p>　　7月份M1增速仅5.1%，和M2的趋势之间出现背离。李超认为，这反映了货币政策调整向企业的传导存在一定时滞。</p>\r\n<p><strong><font color=\"navy\">　　信贷投放力度持续 企业中长期贷款向暖</font></strong></p>\r\n<p>　　7月人民币贷款增加1.45万亿元，同比多增6278亿元。这一水平是今年的第三高位，显示出银行的放贷能力和放贷意愿增强。</p>\r\n<p>　　这一趋势，与监管近期传递出来的声音是一致的。银保监会近日称，指导银行保险机构正确理解监管政策意图，充分利用当前流动性充裕、融资成本稳中有降的有利条件，加大信贷投放力度，扩大对实体经济融资支持。近期贷款投放明显加快。</p>\r\n<p>　　从结构来看，7月企业中长期贷款增加4875亿元，是今年3月以来的新高。对此，郭田勇表示，中央从稳增长的角度，提出扩大增加基建类投资项目，这样从融资角度就会形成中长期贷款，因此说中长期贷款较多与稳增长政策调整有关。</p>\r\n<p>　　交通银行金融研究中心首席金融分析师鄂永健分析，7月对公中长期贷款增加较多，估计以小企业和基建为主，说明政策推动效果明显。但是当月票据融资较多，达到2388亿元，也说明融资需求并不是很强劲，后续随着相关政策陆续发力，预计会带动融资需求，未来融资增长或可期。</p>\r\n<p><strong><font color=\"navy\">　　社融统计口径“扩围” 资产支持证券纳入</font></strong></p>\r\n<p>　　自2018年7月起，社会融资规模这一“大家庭”里，纳入了新成员。人民银行完善统计方法，将“存款类金融机构资产支持证券”和“贷款核销”纳入社会融资规模统计，在“其他融资”项下反映。</p>\r\n<p>　　初步统计，7月份社会融资规模增量为1.04万亿元，比上年同期少1242亿元。其中，表外融资依旧延续了上半年的“冷”意。7月委托贷款减少950亿元，信托贷款减少1192亿元，未贴现的银行承兑汇票减少2744亿元。</p>\r\n<p>　　温彬说，社会融资规模存量同比增速10.3%，再创新低，表明社会融资仍受委托贷款、信托贷款等表外融资下降的拖累。</p>\r\n<p>　　但是好的迹象也在出现。上证报注意到，7月表外融资的降幅已经明显较6月收窄。6月委托贷款减少1642亿元，信托贷款减少1623亿元，未贴现银行承兑汇票减少3650亿元。银保监会近日表示，7月信托贷款、委托贷款等表外融资变化趋于平缓。</p>\r\n<p>　　对于下一阶段，温彬预计，随着资管新规和银行理财新规落地，表外融资变动趋向平缓，有利于社融增速保持平稳。郭田勇认为，理财新规推出对资管新规的一些具体问题作出细化和修正，在稳增长前提下，现有的政策较以前的强监管政策有微调，至少表外融资如果在风险整体可控的前提下是可以有容忍度的，因此表外融资有可能出现小幅反弹。（黄紫豪 记者 李丹丹）</p>\r', 0, 1, NULL, '2018-07-13 10:04:30', 1, '天然气管道巡检', 100001, '2018-06-24 15:32:05', NULL, NULL);
INSERT INTO `geic_news` VALUES (10002, '“摩羯”还没走，“贝碧嘉”又来 台风扎堆如何应对', '/static/pic/news-1.jpg', '“摩羯”还没走，“贝碧嘉”又来 台风扎堆如何应对', '<div class=\"a-con\">\r\n\r\n                            <p><strong>“摩羯”还没走，“贝碧嘉”又来</strong></p><p><strong>台风扎堆 如何应对</strong></p><p>12日，今年第14号台风“摩羯”在浙江温岭沿海登陆，给北方多地带来强降雨。据预测，第16号台风“贝碧嘉”或将于15日登陆广东。台风为何接连而至？面对这种情况，应如何应对以减少险情、灾情？</p><p>13日23时许，由于暴雨，山东淄博市张店区西四路与和平路交叉口附近铁路桥下，桥洞内积水近1米深。一辆轿车经过桥下时涉水熄火，1人被困车内。淄博消防官兵接到求助后赶来，将男子带到安全地带。</p><p>受台风“摩羯”影响，13日4时起，山东全省普遍出现降雨，部分地区伴有7级大风。青岛名胜栈桥于13日被海浪淹没，14日上午露出水面、恢复正常。</p><p><strong>“摩羯”北上带来强降雨，国家防总启动防汛Ⅲ级应急响应</strong></p><p>“摩羯”登陆后深入内陆，减弱后的环流和弱冷空气相互作用，给北方多地带来强降雨。</p>\r\n            \r\n            <div class=\"a-edit\"><span class=\"a\">责编：秦阿琪</span></div>\r\n                    </div>\r\n\r\n                    \r\n            \r\n                            <div class=\"aa-item mtb30\" id=\"aa_paging_1\">\r\n                    <script type=\"text/javascript\">     /*bdxw-b0-优化-t-创建于 2018/4/3*/     var cpro_id = \"u3406524\"; </script> <script type=\"text/javascript\" src=\"//cpro.baidustatic.com/cpro/ui/c.js\"></script>\r\n                </div>\r\n                    \r\n        \r\n                    <div class=\"a-page\">\r\n                <a >上一页</a>\r\n                                    <a href=\"/a/4eba6c1165e562a5/7FnAVqz3kYg?p=1&agt=8\" class=\"selected\" >1</a>\r\n                                    <a href=\"/a/4eba6c1165e562a5/7FnAVqz3kYg?p=2&agt=8\" >2</a>\r\n                                    <a href=\"/a/4eba6c1165e562a5/7FnAVqz3kYg?p=3&agt=8\" >3</a>\r\n                                    <a href=\"/a/4eba6c1165e562a5/7FnAVqz3kYg?p=4&agt=8\" >4</a>\r\n                                <a  href=\"/a/4eba6c1165e562a5/7FnAVqz3kYg?p=2&agt=8\" >下一页</a>\r\n            </div>', 0, 0, NULL, '2018-07-13 10:03:33', 1, '天然气管道巡检', 100001, '2018-06-25 15:32:10', NULL, NULL);
INSERT INTO `geic_news` VALUES (10087, '2018年我国环境监测设备行业发展现状分析 政策利好行业发展', '/static/pic/news-1.jpg', '2018年我国环境监测设备行业发展现状分析 政策利好行业发展', '<p><p>　　<strong>一、政策利好促进行业需求</strong><br/></p><p>　　环境监测是环境管理和科学决策的重要基础，是评价考核各级政府改善环境质量、治理环境污染成效的重要依据。十三五期间是我国以改善环境质量为重点，打好气、水、土壤污染防治三大攻坚战役的关键期。环境刚需以及环境管理的客观需求，都要求环保系统加快构建科学先进的环境监测体系，充分发挥环境监测对环境管理和科学决策的支撑作用，提供的监测数据产品更加丰富、科学、准确、及时。同时，政府治理体系和治理能力的现代化也要求环境监测要不断地创新管理思路、管理方法和管理手段，提高政府履职能力和服务水平。</p><p>　　近年来，政府不断加大对生态环境监测行业的扶持力度。<span class=\"tipWord info\">2016</span>年11月，环保部印发了《十三五环境监测质量管理工作方案》及《关于加强环境空气自动监测质量管理的工作方案》，为十三五时期环境监测质量管理工作提供了基本遵循，明确了十三五期间环境空气自动监测质量管理总体思路和重点任务，是规范全国各级环境空气自动监测和运维机构监测行为、保证监测数据质量的专项指导性文件。</p><p class=\"img-pWrapper\" style=\"text-align: center;\"><img src=\"http://e.thsi.cn/img/954a88115c36e9d1\" id=\"514cc4969e75860d198ee502caf3f388\" onerror=\"javascript: this.parentNode.removeChild(this);\" onload=\"javascript:this.parentNode.className=&#39;img-pWrapper&#39;;this.parentNode.style.textAlign=&#39;center&#39;;\"/></p><p>　　<strong>二、行业销售规模持续增长</strong></p><p>　　生态环境检测行业是随着污染加重和政府、社会对于环境保护、监控和治理的日益重视以及对于健康环境的关注而发展起来的，环境调查和检测是了解、掌握、评估、预测环境质量状况的基本手段，是环境信息的主要来源。</p><p>　　随着“十三五”环保规划的出台，以及在各项新的环保政策的指引下，环境监测设备行业的市场得到了稳步发展。2017年，我国共计销售各类环境监测产品56575台，同比<span class=\"tipWord info\">2016</span>年增长38.5%。</p><p class=\"img-pWrapper\" style=\"text-align: center;\"><img src=\"http://e.thsi.cn/img/6a5ad52219703a32\" id=\"c3ccf578afc5c6d7ec689ab3801085f7\" onerror=\"javascript: this.parentNode.removeChild(this);\" onload=\"javascript:this.parentNode.className=&#39;img-pWrapper&#39;;this.parentNode.style.textAlign=&#39;center&#39;;\"/></p><p>　　随着国家对环境质量监测要求的不断提高，监测范围的不断扩大和频次的增加，以及监测需求量大幅上升，我国环境监测行业也持续发展。据中国环境保护产业协会环境监测仪器专业委员会统计数据显示，2017年，我国环境监测设备行业的总销售额突破了65亿元，同比增长了1.56%。</p><p class=\"img-pWrapper\" style=\"text-align: center;\"><img src=\"http://e.thsi.cn/img/f0475e2a1faf563b\" id=\"ac50991ddd79a08e29b4184c284a644f\" onerror=\"javascript: this.parentNode.removeChild(this);\" onload=\"javascript:this.parentNode.className=&#39;img-pWrapper&#39;;this.parentNode.style.textAlign=&#39;center&#39;;\"/></p><p>　　<strong>三、行业产品销售集中度高</strong></p><p>　　随着《水污染防治行动计划》《“十三五”国家地表水环境质量监测网设置方案》等政策的落实和推动，2017年水质监测设备的销量达19345台，同比上升86.3%。由于绝大部分省市已建成了地表水国控网监测，因此全国水质监测设备的销售量市场空间巨大。</p><p>　　我国环境监测仪器在产品结构方面，销售量占比最大的是水质监测设备和烟尘烟气监测设备，两者占总体市场销量的66%。数采仪、环境空气监测设备和采样器分别占比17%、13%和4%。</p><p class=\"img-pWrapper\" style=\"text-align: center;\"><img src=\"http://e.thsi.cn/img/24a073d609da3572\" id=\"d72711c9f14474f8899ab620d4b4bf27\" onerror=\"javascript: this.parentNode.removeChild(this);\" onload=\"javascript:this.parentNode.className=&#39;img-pWrapper&#39;;this.parentNode.style.textAlign=&#39;center&#39;;\"/></p><p>　　随着各领域环境测点在全国范围内铺设，产生了对环境监测设备的巨大需求空间，其中京津冀地区的销售量占到了总销售量的42.1%，销售量由<span class=\"tipWord info\">2016</span>年的15575台增长至2017年的22891台，同比增长46.9%。</p><p class=\"img-pWrapper\" style=\"text-align: center;\"><img src=\"http://e.thsi.cn/img/72891af841ef81a2\" id=\"9ae35b255c1dc8095f23f00b382a94c4\" onerror=\"javascript: this.parentNode.removeChild(this);\" onload=\"javascript:this.parentNode.className=&#39;img-pWrapper&#39;;this.parentNode.style.textAlign=&#39;center&#39;;\"/></p><p>　　《京津冀协同发展生态环境保护规划》开展以来，京津冀及周边地区的大气和水环境质量均有所改善，但仍是我国大气和水体污染重点监控区域。随着智慧环保和网格化监测等手段的全面引入，相信京津冀地区对于环境监测设备的需求量，在一段时期内仍将处于较高占比，这也体现了我国环境监测行业销售区域存在发展不平衡的状况。</p><p>　　以上数据及分析来源参考前瞻产业研究院发布的《2018-2023年中国环境监测仪器行业产销需求与投资预测分析报告》。</p><!--keywords-30301147:环境监测:0.999973,30300730:节能环保:0.428697---><!--articletag--></p>		  <p class=\"bottomSign\"><a class=\"gsrd-hidden brokers_hidden\" href=\"http://focus.10jqka.com.cn/weixin.html\" target=\"_blank\"><strong>关注同花顺财经（ths518），获取更多机会</strong></a></p>\r\n			', 1, 0, NULL, '2018-07-25 16:24:36', 1, '区块链', 100001, '2018-07-25 15:32:10', NULL, NULL);
INSERT INTO `geic_news` VALUES (10088, '工信部发布《2018中国区块链产业白皮书》', '/static/pic/news-1.jpg', '2018中国区块链产业布局政策', '<p>2017- 2018中国区块链产业布局政策详细调整方案（北京召开）', 1, 0, NULL, '2018-07-25 16:24:36', 1, '区块链', 100001, '2018-07-25 15:32:10', NULL, NULL);
INSERT INTO `geic_news` VALUES (10089, '山西省教育厅召开2018年高校学生资助政策新闻通气会', '/static/pic/news-1.jpg', '山西省教育厅召开2018年高校学生资助政策新闻通气会', '<p>　　<span>8</span><span>月<span>14</span>日上午，省教育厅召开山西省<span>2018</span>年高校学生资助政策新闻通气会。马骏副厅长通报了资助政策实施的总体情况，财务处、助贷中心负责同志分别解读了相关资助政策及实施成效。驻并有关媒体参加了通报会。</span>&nbsp;</p>\r\n<p>&nbsp;</p>\r\n<p align=\"center\"><img style=\"border-right-width: 0px; border-top-width: 0px; border-bottom-width: 0px; border-left-width: 0px\" alt=\"\" oldsrc=\"W020180815307897244982.jpg\" complete=\"complete\" src=\"./W020180815307897244982.jpg\" /></p>\r\n<p align=\"center\">&nbsp;</p>\r\n<p>　　<span>会议通报称，</span><span>十八大以来</span><span>教育资助政策</span><span>不断修订完善，目前学生资助政策实现了“三个全覆盖”，即所有学段全覆盖、公办民办全覆盖、所有家庭困难学生全覆盖。2007年至2017年十年间，国家财政在学生资助方面的支出达到7000亿元，预算增长速度相当于同期财政收入增长速度的2.6倍。</span><span>尤其在</span><span>高等教育方面，做到了家庭经济困难学生上学“三不愁”，即入学前不用愁，助学贷款交学费、住宿费；入学时不用愁，路费有补助、绿色通道提供临时救济；入学后不用愁，奖助学金、勤工助学帮助完成学业。</span>&nbsp;</p>\r\n<p>&nbsp;</p>\r\n<p align=\"center\"><img style=\"border-right-width: 0px; border-top-width: 0px; border-bottom-width: 0px; border-left-width: 0px\" alt=\"\" complete=\"complete\" oldsrc=\"W020180815307897423258.jpg\" src=\"./W020180815307897423258.jpg\" /></p>\r\n<p align=\"center\">&nbsp;</p>\r\n<p align=\"center\"><img style=\"border-right-width: 0px; border-top-width: 0px; border-bottom-width: 0px; border-left-width: 0px\" alt=\"\" complete=\"complete\" oldsrc=\"W020180815307897611119.jpg\" src=\"./W020180815307897611119.jpg\" /></p>\r\n<p align=\"center\">&nbsp;</p>\r\n<p align=\"center\"><img style=\"border-right-width: 0px; border-top-width: 0px; border-bottom-width: 0px; border-left-width: 0px\" alt=\"\" complete=\"complete\" oldsrc=\"W020180815307897750785.jpg\" src=\"./W020180815307897750785.jpg\" /></p>\r\n<p align=\"center\">&nbsp;</p>\r\n<p>　　<span>目前，我省学生资助政策实现了学前教育到研究生教育各级各类教育资助政策全覆盖，形成了“奖、贷、助、补、免、勤”全方位资助，建立起“政府主导、社会参与、学校实施、学生受益”的资助工作格局，</span><span>从制度上保证了家庭经济困难学生享受高等教育的权利。<span>2017</span>年，全省普通高校奖助学金累计资助学生<span>24</span>万人次，资助金额<span>9.23</span>亿元，对阻断贫困代际传递发挥根本性作用，对脱贫攻坚具有重要意义。</span>&nbsp;</p>\r\n<p>　　<span>马骏副厅长指出，学生资助工作仍将坚持“不让一个学生因家庭经济困难而失学”的资助理念不动摇，在现有成果的基础上，狠抓落实，进一步提升我省学生资助工作成效和水平。<b>强化学生资助规范化管理，</b>从完善管理制度、落实监管责任、规范资助程序、提高资助精准度、规范资金管理、规范信息管理和加强机构队伍建设等六个方面强化业务管理规范性。<b>切实落实资助育人政策，</b>建立健全国家资助、学校奖助、社会捐助、学生自助的发展型资助体系<span>,</span>促进以奖助学金为主的无偿资助和以勤工俭学为主的有偿资助深度融合<span>,</span>强化诚信教育活动、志愿活动的开展，培养学生诚实守信、知恩感恩的良好品质，深化“扶困”与“扶志”的结合。<b>丰富政策宣传渠道和手段，</b>在报纸、电视等公众宣传渠道基础上，通过新媒体提高资助政策宣传频率，丰富资助宣传内容体系，强化资助政策覆盖深度和广度，确保政策宣传无遗漏。<b>提高资助系统应用水平和管理效率，</b>进一步使用好全国学生资助管理信息系统，利用现代信息化手段，促进提升学生资助工作管理水平。</span>&nbsp;</p>\r\n<p>&nbsp;</p>', 1, 0, NULL, '2018-07-25 16:24:36', 1, '漏洞', 100001, '2018-07-25 15:32:10', NULL, NULL);
INSERT INTO `geic_news` VALUES (10090, '2017- 2018中国区块链产业布局政策详细调整方案（北京召开）', '/static/pic/news-1.jpg', '2017- 2018中国区块链产业布局政策详细调整方案（北京召开）', NULL, 1, 0, NULL, '2018-07-25 16:24:36', 1, '区块链', 100001, '2018-07-25 15:32:10', NULL, NULL);
INSERT INTO `geic_news` VALUES (10091, '2018中国区块链产业布局政策', '/static/pic/news-1.jpg', '2018中国区块链产业布局政策', NULL, 1, 0, NULL, '2018-07-25 16:24:36', 1, '区块链', 100001, '2018-07-25 15:32:10', NULL, NULL);
INSERT INTO `geic_news` VALUES (10092, '58集团与庞大成立合资公司 创新打造汽车全服务体系', '/static/pic/news-1.jpg', '58集团与庞大成立合资公司 创新打造汽车全服务体系', '<div id=\"artical\"><P style=\"TEXT-ALIGN: left; PADDING-BOTTOM: 0px; WIDOWS: 2; TEXT-TRANSFORM: none; BACKGROUND-COLOR: rgb(255,255,255); LIST-STYLE-TYPE: none; FONT-STYLE: normal; TEXT-INDENT: 2em; MARGIN: 0px; OUTLINE-STYLE: none; PADDING-LEFT: 0px; OUTLINE-WIDTH: medium; PADDING-RIGHT: 0px; FONT-FAMILY: \'\'; WHITE-SPACE: normal; ORPHANS: 2; LETTER-SPACING: normal; COLOR: rgb(51,51,51); FONT-SIZE: 14px; FONT-WEIGHT: normal; LIST-STYLE-IMAGE: none; WORD-SPACING: 0px; PADDING-TOP: 10px; font-variant-ligatures: normal; font-variant-caps: normal; -webkit-text-stroke-width: 0px\">5月8日，由58集团主办的主题为“全赋服务&#8226;美好生活”的“58神奇日2018赋能美好生活峰会”在北京五洲皇冠国际酒店举行。58集团作为国内最大的生活服务平台，致力于解决就业、房产、汽车以及二手服务等民生之本，2018年将贯通全赋服务的生态理念和目标，提供更全面、优质的生活服务，持续为中国“互联网+生活服务”的新服务业转型升级注入了新动力。</P>\r\n<P style=\"TEXT-ALIGN: left; PADDING-BOTTOM: 0px; WIDOWS: 2; TEXT-TRANSFORM: none; BACKGROUND-COLOR: rgb(255,255,255); LIST-STYLE-TYPE: none; FONT-STYLE: normal; TEXT-INDENT: 2em; MARGIN: 0px; OUTLINE-STYLE: none; PADDING-LEFT: 0px; OUTLINE-WIDTH: medium; PADDING-RIGHT: 0px; FONT-FAMILY: \'\'; WHITE-SPACE: normal; ORPHANS: 2; LETTER-SPACING: normal; COLOR: rgb(51,51,51); FONT-SIZE: 14px; FONT-WEIGHT: normal; LIST-STYLE-IMAGE: none; WORD-SPACING: 0px; PADDING-TOP: 10px; font-variant-ligatures: normal; font-variant-caps: normal; -webkit-text-stroke-width: 0px\">58集团副总裁丛林以全力以“服”为主题，介绍了58同城二手车在2018年的核心战略。58同城二手车将通过夯实信息平台服务，并引入58估车价、58放心车检测、58延保、58金融等产品全面提升服务水平。</P>\r<CENTER style=\"PADDING-BOTTOM: 0px; WIDOWS: 2; TEXT-TRANSFORM: none; BACKGROUND-COLOR: rgb(255,255,255); LIST-STYLE-TYPE: none; FONT-STYLE: normal; TEXT-INDENT: 0px; MARGIN: 0px 0px 20px; OUTLINE-STYLE: none; PADDING-LEFT: 0px; OUTLINE-WIDTH: medium; PADDING-RIGHT: 0px; FONT-FAMILY: \'\'; WHITE-SPACE: normal; ORPHANS: 2; LETTER-SPACING: normal; COLOR: rgb(51,51,51); FONT-SIZE: 14px; FONT-WEIGHT: normal; LIST-STYLE-IMAGE: none; WORD-SPACING: 0px; PADDING-TOP: 0px; font-variant-ligatures: normal; font-variant-caps: normal; -webkit-text-stroke-width: 0px\"><IMG style=\"BORDER-BOTTOM: medium none; BORDER-LEFT: medium none; PADDING-BOTTOM: 0px; LIST-STYLE-TYPE: none; MARGIN: 5px auto; OUTLINE-STYLE: none; PADDING-LEFT: 0px; OUTLINE-WIDTH: medium; PADDING-RIGHT: 0px; DISPLAY: block; VERTICAL-ALIGN: top; BORDER-TOP: medium none; LIST-STYLE-IMAGE: none; BORDER-RIGHT: medium none; PADDING-TOP: 0px\" border=0 alt=\"\" src=\"http://money.china.com/files/201859/11a5f325-47ab-4b74-b538-46f36a073176.jpg\"></CENTER>\r\n<P style=\"TEXT-ALIGN: left; PADDING-BOTTOM: 0px; WIDOWS: 2; TEXT-TRANSFORM: none; BACKGROUND-COLOR: rgb(255,255,255); LIST-STYLE-TYPE: none; FONT-STYLE: normal; TEXT-INDENT: 2em; MARGIN: 0px; OUTLINE-STYLE: none; PADDING-LEFT: 0px; OUTLINE-WIDTH: medium; PADDING-RIGHT: 0px; FONT-FAMILY: \'\'; WHITE-SPACE: normal; ORPHANS: 2; LETTER-SPACING: normal; COLOR: rgb(51,51,51); FONT-SIZE: 14px; FONT-WEIGHT: normal; LIST-STYLE-IMAGE: none; WORD-SPACING: 0px; PADDING-TOP: 10px; font-variant-ligatures: normal; font-variant-caps: normal; -webkit-text-stroke-width: 0px\">在活动现场，58集团与庞大集团签署合作备忘录，共同出资成立<A class=hotlinkmode onmousedown=\"return hcclick(\'?screen_tracelog=end_articalHotword_372\')\" href=\"http://www.carec.hc360.com/\" target=_blank>汽车电子</A>商务公司。双方将充分发挥在互联网和传统售车渠道的自身优势，为用户提供58金融的汽车融资租赁服务，共同打造互联网与线下结合的新型汽车零售模式，为用户提供全面的互联网汽车生活服务。</P>\r', 0, 1, '/static/video-A3s.mp4', '2018-07-27 16:28:36', 1, '资料', 100001, '2018-07-26 16:28:15', NULL, NULL);
INSERT INTO `geic_news` VALUES (10093, '康明斯动力，自卸车的强大内“芯”', '/static/pic/news-1.jpg', '1973年，在特雷克斯前卡车工厂，一辆重13.5吨的R17非公路用自卸卡车被建造出来，以后的大部分时间它都在苏格兰阿伯丁郡的利斯采石场工作。', '<P style=\"TEXT-ALIGN: justify; TEXT-INDENT: 2em\"><SPAN style=\"FONT-FAMILY: 微软雅黑,Microsoft YaHei\">1973年，在特雷克斯前卡车工厂，一辆重13.5吨的R17非公路用自卸卡车被建造出来，以后的大部分时间它都在苏格兰阿伯丁郡的利斯采石场工作。</SPAN></P>\r\n<P style=\"TEXT-ALIGN: justify; TEXT-INDENT: 2em\"><SPAN style=\"FONT-FAMILY: 微软雅黑,Microsoft YaHei\">2016年末，17名康明斯和特雷克斯卡车学徒工在英国开始着手修复这辆卡车，成功改装后的这辆车在2018年于苏格兰的Motherwll工厂展出，并在最近的英国巴克斯顿的Hillhead展览上备受瞩目。</SPAN></P>\r\n<P style=\"TEXT-ALIGN: justify; TEXT-INDENT: 2em\"><SPAN style=\"FONT-FAMILY: 微软雅黑,Microsoft YaHei\">这辆有着45年历史的特雷克斯卡车经过改装后依然运行良好，它配装的康明斯N855发动机引发高度关注，这个经过翻新的发动机让大家领略到康明斯动力可靠耐用的巨大魅力，让人们的目光再一次聚焦在这个“庞然大物”上。</SPAN></P><SPAN style=\"FONT-FAMILY: 微软雅黑,Microsoft YaHei\">\r\n<P align=center><IMG border=0 alt=康明斯 src=\"http://img01.hc360.com/cm/201808/201808150955455673.jpg\"></P></SPAN></SECTION></SECTION></SECTION></SECTION></SECTION><SECTION><SECTION></SECTION></SECTION><SECTION><SECTION></SECTION></SECTION><SECTION></SECTION></SECTION></SECTION><SECTION><SECTION><SECTION><SECTION><SECTION><SECTION><SECTION><SECTION><SECTION><SECTION><SECTION><SECTION><SECTION></SECTION></SECTION><SECTION><SECTION></SECTION>\r\n<P style=\"TEXT-ALIGN: justify; TEXT-INDENT: 2em\"><SPAN style=\"FONT-FAMILY: 微软雅黑,Microsoft YaHei\"><STRONG>改装前</STRONG></SPAN></P><SPAN style=\"FONT-FAMILY: 微软雅黑,Microsoft YaHei\">\r\n<P align=center><IMG border=0 alt=康明斯 src=\"http://img00.hc360.com/cm/201808/201808150955585572.jpg\"></P></SPAN><SECTION></SECTION></SECTION></SECTION></SECTION></SECTION></SECTION></SECTION></SECTION></SECTION></SECTION><SECTION><SECTION><SECTION><SECTION><SECTION><SECTION><SECTION><SECTION><SECTION><SECTION></SECTION></SECTION><SECTION><SECTION></SECTION>\r\n<P style=\"TEXT-ALIGN: justify; TEXT-INDENT: 2em\"><SPAN style=\"FONT-FAMILY: 微软雅黑,Microsoft YaHei\"><STRONG>改装后</STRONG></SPAN></P><SECTION></SECTION></SECTION></SECTION></SECTION></SECTION></SECTION></SECTION></SECTION></SECTION></SECTION></SECTION></SECTION></SECTION></SECTION>\r\n<P><SECTION><SECTION><SECTION><SECTION><SECTION></SECTION><SECTION><SECTION>\r\n<P style=\"TEXT-ALIGN: justify; TEXT-INDENT: 2em\"><SPAN style=\"FONT-FAMILY: 微软雅黑,Microsoft YaHei\"><STRONG>自卸车是什么？</STRONG></SPAN></P></SECTION></SECTION><SECTION></SECTION></SECTION></SECTION></SECTION></SECTION>\r\n<P></P>\r\n<P style=\"TEXT-ALIGN: justify; TEXT-INDENT: 2em\"><SPAN style=\"FONT-FAMILY: 微软雅黑,Microsoft YaHei\">自卸车是指通过液压或机械举升而自行卸载货物的车辆，分为公路用和非公路用两种。相比其他商用车型，公路用自卸车的作业环境更恶劣，所以卡友们对其动力要求也相对苛刻：跑得了公路爬得了坡，皮实可靠不掉链子。公路自卸车是否靠谱，不仅关系到卡友们的经济效益，也关乎到运输安全。康明斯公路自卸车动力——X12工程版、ISM，稳定靠谱，可靠耐用，动力强劲，节油省钱，让“一车在手，万事不愁”的运输梦想成为现实。卡友们对康明斯动力的可靠性都赞誉有加，来看看他们是怎么说的吧。</SPAN></P><SPAN style=\"FONT-FAMILY: 微软雅黑,Microsoft YaHei\">\r\n<P align=center><IMG border=0 alt=康明斯 src=\"http://img03.hc360.com/cm/201808/201808150956184362.jpg\"></P></SPAN>\r\n<P><SECTION><SECTION><SECTION><SECTION><SECTION></SECTION><SECTION><SECTION>\r\n<P style=\"TEXT-ALIGN: justify; TEXT-INDENT: 2em\"><SPAN style=\"FONT-FAMILY: 微软雅黑,Microsoft YaHei\"><STRONG>ISM发动机</STRONG></SPAN></P></SECTION></SECTION><SECTION></SECTION></SECTION></SECTION></SECTION></SECTION>\r\n<P></P>\r\n<P style=\"TEXT-ALIGN: justify; TEXT-INDENT: 2em\"><SPAN style=\"FONT-FAMILY: 微软雅黑,Microsoft YaHei\">卡车圈里，卡友们都很熟悉“百万公里无大修”的康明斯ISM发动机，这不仅是良好的口碑，更是ISM发动机可靠性能的真实写照。在西安康明斯发动机有限公司前厅，有一台已拆解的康明斯ISM发动机展品，这台发动机已经运行了近120万公里（1194720公里），纵观拆解后的<A onmousedown=\"return hcclick(\'?screen_tracelog=end_articalHotword_372\')\" class=hotlinkmode href=\"http://www.cmp.hc360.com/\" target=_blank>零部件</A>状态，让我们不得不承认：<STRONG>ISM卓越的可靠性，确实名不虚传！！</STRONG></SPAN></P>\r\n<P style=\"TEXT-ALIGN: justify; TEXT-INDENT: 2em\"><SPAN style=\"FONT-FAMILY: 微软雅黑,Microsoft YaHei\">无论是凸轮轴、缸套，或是摇臂单件的推杆、内孔还是锁片，全部光亮如新，最重要的是发动机喷油器喷头的积碳难得的少，滤网也没有出现烧焦的痕迹。</SPAN></P><SPAN style=\"FONT-FAMILY: 微软雅黑,Microsoft YaHei\">\r\n<P align=center><IMG border=0 alt=康明斯 src=\"http://img01.hc360.com/cm/201808/201808150956328944.jpg\"></P></SPAN>\r\n<P style=\"TEXT-ALIGN: justify; TEXT-INDENT: 2em\"><SPAN style=\"FONT-FAMILY: 微软雅黑,Microsoft YaHei\">除了拆下来的发动机活塞中有轻微积碳，一些部件有轻微的划痕，绝大部分部件基本完好如初。</SPAN></P>\r\n<P style=\"TEXT-ALIGN: justify; TEXT-INDENT: 2em\"><SPAN style=\"FONT-FAMILY: 微软雅黑,Microsoft YaHei\">这台拆解的康明斯ISM发动机是新疆蒋师傅提供的，他2009年<A onmousedown=\"return hcclick(\'?screen_tracelog=end_articalHotword_372\')\" class=hotlinkmode href=\"http://info.cm.hc360.com/list/info_guide.shtml\" target=_blank>购买</A>了配装ISM陕汽F2000重卡。对于这款发动机，他给出极高的评价：“发动机性能非常好，动力性很强，油耗也很低，从购买到2015年，已运行100多万公里，发动机除了正常保养之外，没有<A onmousedown=\"return hcclick(\'?screen_tracelog=end_articalHotword_372\')\" class=hotlinkmode href=\"http://info.cm.hc360.com/list/tech_weixiu.shtml\" target=_blank>维修</A>过。我对康明斯ISM非常满意！”</SPAN></P>\r\n<P><SECTION><SECTION><SECTION><SECTION><SECTION></SECTION><SECTION><SECTION>\r\n<P style=\"TEXT-ALIGN: justify; TEXT-INDENT: 2em\"><SPAN style=\"FONT-FAMILY: 微软雅黑,Microsoft YaHei\"><STRONG>X12工程版发动机</STRONG></SPAN></P></SECTION></SECTION><SECTION></SECTION></SECTION></SECTION></SECTION></SECTION>\r\n<P></P>\r\n<P style=\"TEXT-ALIGN: justify; TEXT-INDENT: 2em\"><SPAN style=\"FONT-FAMILY: 微软雅黑,Microsoft YaHei\">云贵地区客户对康明斯动力的可靠性能感触颇深。贵州六盘水水城县某选煤公司车队负责人这样评价配装康明斯X12工程版动力：“发动机性能稳定，动力强劲，油耗低，今后自卸车动力选择，会更加认定康明斯X12工程版发动机！”</SPAN></P><SPAN style=\"FONT-FAMILY: 微软雅黑,Microsoft YaHei\">\r\n<P align=center><IMG border=0 alt=康明斯 src=\"http://img03.hc360.com/cm/201808/201808150956463057.jpg\"></P></SPAN>\r\n<P style=\"TEXT-ALIGN: justify; TEXT-INDENT: 2em\"><SPAN style=\"FONT-FAMILY: 微软雅黑,Microsoft YaHei\"><STRONG>水城县随处可见搭载康明斯X12工程版动力的自卸车</STRONG></SPAN></P>\r\n<P style=\"TEXT-ALIGN: justify; TEXT-INDENT: 2em\"><SPAN style=\"FONT-FAMILY: 微软雅黑,Microsoft YaHei\">X12工程版发动机对油门及增压器进行了调整，使得其最大扭矩提升10%，动力响应也更快。同时曲轴强度也增加了50%以传递更强大的瞬时扭力。</SPAN></P>\r\n<P style=\"TEXT-ALIGN: justify; TEXT-INDENT: 2em\"><SPAN style=\"FONT-FAMILY: 微软雅黑,Microsoft YaHei\">为了保证耐久性与适用性，X12工程版发动机都配备了三级燃油滤、发动机底盘保护、专为工程车定制的节油开关。</SPAN><a href=\"http://www.cm.hc360.com\" target=\"_blank\" onMouseDown=\"return hcclick(\'?hyym_tracelog=hyym_endPage_article_hyym\"><img src=\"http://style.org.hc360.com/css_hy/images/end_logo/hc_logo_end.jpg\"></a></P><P class=\"editorN\">责任编辑：时嘉</P></div><input type=\"hidden\" id=\"hid_areastr\" value=\"工程机械\"><input type=\"hidden\" id=\"hid_idstr\" value=\"705124\"><input type=\"hidden\" id=\"hid_areacode_str\" value=\"016\"/><input type=\"hidden\" id=\"hid_info_title\" value=\"康明斯动力，自卸车的强大内“芯”\"/><div id=\"add-comment-info\"><iframe src=\"http://comment.info.hc360.com/comment/ttl/ttlContAction.action?infoid=705124&systype=0&areacode=016&pubdate=1534298246000&templateid=999999\" id=\"comment-info\" name=\"comment-info\" frameborder=\"0\" height=\"20\" scrolling=\"no\" width=\"100%\" style=\"filter:Chroma(Color=white);\"></iframe></div>\r\n<div id=\"endFunction\"></div>', 0, 1, '/static/video-A3s.mp4', '2018-07-27 16:28:36', 1, '资料', 100001, '2018-07-26 16:28:15', NULL, NULL);
INSERT INTO `geic_news` VALUES (10095, '无人机管理政策法规颁布实施', '/static/pic/news-1.jpg', '无人机管理政策法规颁布实施', '【<span class=\"bjh-strong\">中国安防展览网 市场分析</span>】为实现对无人驾驶航空器的依法管理，国务院、中央军委空中交通管制委员会办公室组织起草了《无人驾驶航空器飞行管理暂行条例(征求意见稿)》，并于2018年1月26日通过工业和信息化部装备工业司发布了关于公开征求《无人驾驶航空器飞行管理暂行条例(征求意见稿)》意见的通知，在工信部上对外征求意见。这一条例不仅回答了上述人们关心的问题，也是我国首次从国家战略层面对无人机管理与发展做出部署。</span></p><p><span class=\"bjh-p\">无人机(Unmanned Aerial Vehicle)是指没有机载驾驶员操纵，而在外部空间进行控制的航空器。随着无人机研发技术逐渐成熟，生产成本大幅降低，无人机在各个领域得到了广泛的应用，除军事用途外，还包括农业植保、电力巡检、警用执法、地质勘探、环境监测、森林防火以及影视航拍等民用领域，且其适用领域还在迅速拓展。</span></p><p><span class=\"bjh-p\">与此同时，无人机在推广和使用过程中，也出现了一系列的安全隐患和监管漏洞，比如误闯禁飞区、小区飞行干扰休息等，这类现象对公共安全和个人权益造成一定影响，并不断有声音呼吁制定对无人机的专项管理条例。</span></p><p><span class=\"bjh-p\"><span class=\"bjh-strong\">一、无人驾驶航空器飞行管理暂行条例(征求意见稿)</span></span></p><p><span class=\"bjh-p\">为实现对无人驾驶航空器的依法管理，国务院、中央军委空中交通管制委员会办公室组织起草了《无人驾驶航空器飞行管理暂行条例(征求意见稿)》，并于2018年1月26日通过工业和信息化部装备工业司发布了关于公开征求《无人驾驶航空器飞行管理暂行条例(征求意见稿)》意见的通知，在工信部上对外征求意见。这一条例不仅回答了上述人们关心的问题，也是我国首次从国家战略层面对无人机管理与发展做出部署。</span></p><p><span class=\"bjh-p\">2月28日意见征求已结束，法规有望年内出台。</span></p><p><span class=\"bjh-p\">《征求意见稿》是我国首次在国家层面对无人机的规范和管理作出部署。《征求意见稿》在尊重我国空域未开放的实际情况下，对满足一定监管要求的无人机合理开放了120米以下的空域，破除了“黑飞”的误解，对产业发展和无人机爱好者来说是一大利好。</span></p><p><span class=\"bjh-p\">无人机是近年迅速兴起的新型科技产品，各地相关部门在监管过程中往往缺少有效的法律依据和监管措施。《征求意见稿》积极回应社会关切，主动适应无人机行业发展的新形势，充分借鉴国外管理的成功经验，亮点颇多，最突出的亮点有以下几个方面：</span></p><p><span class=\"bjh-p\">第一，《征求意见稿》贯彻了国务院“放、管、服”改革的理念。《征求意见稿》按照分级分类管理的办法，将无人机分为两级三类五型。一方面，对风险高的无人机，采取严格管理的方式，保障飞行安全;另一方面对风险小的无人机，根据具体类型完全放开或者简化管理措施，方便企业和群众使用。此外，《征求意见稿》突破现行“所有飞行必须预先提出申请，经批准后方可实施”的规定， 取消了微型无人机在禁止飞行空域外飞行的申请程序，简化了轻型无人机的申请程序，缩短了紧急任务飞行申请的时间间隔。这些规定将极大的方便企业和群众的生产和生活，为今后无人机行业的健康发展提供了重要的政策支持。</span></p><p><span class=\"bjh-p\">第二，《征求意见稿》体现了多维、开放、立体的监管思路。《征求意见稿》在对无人机的监督管理上，从生产、销售、使用各个环节均作出了明确细致的要求，改变了以往各部门监管过程中权责不清的问题。比如，《征求意见稿》规定国家统筹建立具备监视和必要管控功能的无人机综合监管平台，民用无人机飞行动态信息与公安机关共享，这一规定防止了监管过程的冗杂，可以显著提升监管效率。此外，《征求意见稿》提出飞行空域和计划的审批情况应当接受社会和用户监督，可以充分发挥社会和个人在无人机监管中的作用。</span></p><p><span class=\"bjh-p\">第三，《征求意见稿》照顾了特殊行业的需求，满足了农业生产的实际需要。目前，无人机在农业生产中发挥的作用越来越明显，且由于其飞行高度低，飞行速度慢，安全风险低，但作业效率高，作业面积广，在一些农田、牧场等人口稀少地带，无人机成为农业生产的主力。《征求意见稿》对符合条件的植保无人机给予了特殊政策，包括配置特许空域、免予计划申请等，这些规定可以避免未来条例在适用过程中与社会生产实际相互冲突的状况，有利于法律在执行中的权威性和针对性。</span></p><p><span class=\"bjh-p\">第四，《征求意见稿》明确了无人机的分类情况。据条例的管理对象全面覆盖各类无人机，范围由250克以下至150公斤以上，包含民用、警用、军用等不同类别。条例明确，遥控驾驶航空器和自主航空器统称无人机。而模型航空器的管理规则，今后由体育部门会同其他相关部门另行制定。</span></p><p><span class=\"bjh-p\">结合重量、速度等因素，无人机又被分为微型、轻型、小型、中型、大型五大类。</span></p><p><span class=\"bjh-p\">条例明确，除微型无人机外，凡是空机重量不超过4000克，最大起飞重量不超过7000克，最大飞行速度不超过每小时100千米，具备符合空域管理要求的空域保持能力和可靠被监视能力的遥控驾驶航空器，都属于轻型无人机。据大疆无人机公司有关负责人介绍，目前我国无人机市场上约90%的产品都属于此类。</span></p><p><span class=\"bjh-p\">专家表示，细化分类的目的在于精细化管理，对小型及以上的产品加强监管，对普通群众最常使用的微型、轻型产品尽量放宽限制，管理兼顾开放。如条例明确，中型、大型无人机应当进行适航管理。微型、轻型、小型无人机投放市场前，应当完成产品认证。销售除微型无人机以外的民用无人机的单位和个人应当向公安机关备案，并核实记录购买单位、个人的相关信息，定期向公安机关报备。</span></p><p><span class=\"bjh-p\">第五、明确了我国的空域管制类空域划分。条例充分尊重现有的空域管理特点，在维持整体制度不变的情况下，对120米、50米的安全高度进行了突破，向轻型无人机和微型无人机释放120米以下、50米以下的空域，在保障安全的前提下，疏导了正常合理的飞行需求。</span></p><p><span class=\"bjh-p\">条例明确，除空中禁区、机场、军事禁区、危险区域等周边一定范围内，微型无人机无需批准可以在真空50米以下空域飞行，轻型无人机可以在真空120米以下空域飞行。</span></p><p><span class=\"bjh-p\">专家表示，民用无人机，特别是微型与轻型无人机的操作使用准备时间普遍比较短，无固定起降点，飞行量巨大，应用较为广泛，传统通航式的管理早已不能适应当下的应用习惯。条例一方面通过明确管控空域，以及管控空域飞行需求的申请与审批制度，保障基础安全；另一方面，释放出适飞空域，为群众与企业提供合法合规飞行的权利，为社会生产生活提供了效率与便利。可以说，条例为逐步进入自动化、智能化的科技社会做出了准备，是重要的管理方法探索。</span></p><p><span class=\"bjh-p\">此外，条例综合无人机产品特性、飞行量、飞行目的、用户使用习惯等多种因素考虑，提出微型无人机在禁止飞行区以外飞行，无需提交飞行计划；由国家建立具备监视和必要管控功能的无人机综合监管平台，轻型无人机如在适飞空域内飞行并通过监管平台报送飞行动态，亦无需提交飞行计划等。通过技术手段，减少用户负担，提升管理效率。</span></p><p><span class=\"bjh-p\">目前，《征求意见稿》刚刚结束意见征求，距离法规的正式出台还需一定的时间。法规出台后，在执行中还需要各地政府配合上位法制定相应的实施细则。我们期待着各地在未来推出既符合上位法“开放、服务”精神，又符合地方实际的管理规定，为无人机产业健康发展保驾护航。</span></p><p><span class=\"bjh-p\"><span class=\"bjh-strong\">二、治安管理处罚法(修订公开征求意见稿)</span></span></p><p><span class=\"bjh-p\">2017年1月，公安部在公布《治安管理处罚法(修订公开征求意见稿)》，向社会征求意见，其中第46条增加规定：违反国家规定，在低空飞行无人机、动力伞等通用航空器、航空运动器材的，处五日以上十日以下拘留；情节较重的，处十日以上十五日以下拘留。</span></p><p><span class=\"bjh-p\"><span class=\"bjh-strong\">三、《深圳市民用轻小无人驾驶航空器管理办法(征求意见稿)</span></span></p><p><span class=\"bjh-p\">2017年9月7日，深圳市人民政府法制办公室7日发布《深圳市民用轻小无人驾驶航空器管理办法(征求意见稿)》，强调用科技手段对无人机进行监管，重点监管容易对民航以及公共安全造成隐患的消费级无人机以及部分航空模型，并对限飞和禁飞区进行了区分。</span></p><p><span class=\"bjh-p\">在监管对象方面，考虑目前对民航以及公众安全造成威胁的主要是消费级无人机，该办法将监管对象界定为大于等于0.25千克、小于7千克的轻小型无人机，同时，加载飞行控制模块或者使用卫星和图像下传辅助飞行的航空模型也纳入监管。</span></p><p><span class=\"bjh-p\">在关于监管范围方面，该办法从生产、销售、飞行以及安全管理活动等方面进行全链条管理。记者注意到，办法提出销售环节中不得销售不符合深圳经济特区无人机技术规范的无人机，不得将无人机改装、破解系统后销售，使用环节上包括禁止改装、破解无人机等。</span></p><p><span class=\"bjh-p\">在无人机的技术规范上，办法明确规范应当包括激活认证、卫星定位、自动返航、电子围栏、飞行记录、平台接入等技术要求。该办法的制定机构表示，由于无人机属于科技产品，对其监管更多的是依赖科技手段，例如通过无人机云系统或者监控平台和其他飞行控制设备监察无人机飞行、对禁飞区、限飞区设置电子围栏等。此外，深圳市作为无人机之都，应当以更加包容的态度支持无人机产业的发展，在确保安全和产业发展之间取得平衡。所以与其他地方“一刀切”的政策不同，该办法区分出禁飞区和限飞区，将机场障碍物限制面以及民航航路、航线列入禁飞范围，而将机场障碍物限制面外、距机场跑道两侧各10公里、跑道两端各20公里范围内设为限飞区，严格控制飞行高度。</span></p><p><span class=\"bjh-p\"><span class=\"bjh-strong\">四、《民用无人驾驶航空器实名制登记管理规定》</span></span></p><p><span class=\"bjh-p\">关于购买者实名认证，2017年6月起实施的《民用无人驾驶航空器实名制登记管理规定》规定：在我国境内最大起飞重量为250克及以上的民用无人机，拥有者必须按规定实名登记，民航局航空器适航审定司是登记系统管理单位。至于销售企业是否向公安机关备案并核实信息等并没有要求。</span></p><p><span class=\"bjh-p\">《条例》征求意见稿拟对买卖双方提出要求。销售除微型无人机以外的民用无人机的单位、个人应当向公安机关备案，并核实记录购买单位、个人相关信息，定期向公安机关报备。购买除微型无人机以外的民用无人机的单位、个人应当通过实名认证，配合做好相关信息核实。</span></p><p><span class=\"bjh-p\"><span class=\"bjh-strong\">五、深圳市民用轻小无人驾驶航空器管理办法(征求意见稿)</span></span></p><p><span class=\"bjh-p\">深圳市法制办起草的《深圳市民用轻小无人驾驶航空器管理办法(征求意见稿)》中，拟规定除在室内或拦网内等隔离空间飞行外，禁止未满8周岁的未成年人飞行无人机。已满8周岁、未满16周岁的未成年人应当在成年人的陪同下飞行无人机。</span></p></div><div class=\"notice\"><p>本文由百家号作者上传并发布，百家号仅提供信息发布平台。文章仅代表作者个人观点，不代表百度立场。未经作者许可，不得转载。</p>', 0, 0, NULL, '2018-08-02 16:31:14', 1, '无人机', 100001, '2018-07-27 16:31:19', NULL, NULL);
INSERT INTO `geic_news` VALUES (10096, '政企分公司及31省公司与阿里巴巴、爱奇艺等5家互联网企业签署第二批内容引入合作协议', '/upload/image/news/news-1.png', '6月26日上午，政企分公司组织31省公司分别与阿里巴巴、爱奇艺、金山云、网易和迅雷5家互联网企业在上海签署内容引入框架协议及业务合作协议。', '<p><br/></p><p>6月26日上午，政企分公司组织31省公司分别与阿里巴巴、爱奇艺、金山云、网易和迅雷5家互联网企业在上海签署内容引入框架协议及业务合作协议，这是继2017年11月与腾讯等5家互联网企业签约后， TOP55统一内容引入工作开展以来第二批落地签约的客户。政企分公司魏冰副总经理及北京、上海、广东、江苏、浙江等31省公司领导出席签约仪式，魏冰副总经理代表中国移动发表致辞。</p><p style=\"text-align: center;\"><img src=\"/upload/image/news/1534472278028072777.png\" title=\"\" alt=\"news1-1.png\"/></p><p>魏冰副总经理表示，中国移动以打造“网络强国”为己任，不断践行“大连接”战略，建设优质基础设施，拓展连接的广度深度，运营最优质的网络业务，构建合作共赢生态体系。此次内容引入合作，不仅涉及业务面广、惠及方多，合作规模巨大，更是提高移动用户感知，为中国移动的7亿4G用户和1.3亿家宽用户打通了通向内容的“高速路”，建立了客户到内容的“直通车”。中国移动将全力做好项目实施和服务保障工作，力争以最优质的产品兑现承诺，以最优质的服务践行承诺，同时希望中国移动与客户合作顺畅、长久，在此次合作的基础上，探索移动互联网、产业互联网、人工智能等领域合作发展的新机遇，拓展政企信息化、垂直行业应用市场和国际市场的新格局。</p><p style=\"text-align: center;\"><img src=\"/upload/image/news/1534472306834076337.png\" title=\"\" alt=\"news1-2.png\"/></p><p>根据此次内容引入合作协议，未来一年内，上述五家客户在全国将开通近60T带宽，全面覆盖31省，贡献收入预计将翻倍增长。</p><p style=\"text-align: center;\"><img src=\"/upload/image/news/1534472327590070892.png\" title=\"\" alt=\"news1-3.png\"/></p>', 0, 0, NULL, '2018-07-27 10:06:34', 1, '政企分公司', 100001, '2018-06-27 10:07:13', NULL, NULL);
INSERT INTO `geic_news` VALUES (10097, '移动互联，和创未来 —— 中国移动2018“和互联”行业研讨会隆重举行', '/upload/image/news/news-2.png', '2018年5月10日，中国移动“和互联”行业研讨会在贵阳隆重举行', '<p style=\"margin-top:0;margin-right:0;margin-bottom:20px;margin-left: 0;text-indent:32px;background:white\"><span style=\"font-size:14px\">互联网行业互联网行业互联网行业互联网行业</span><span style=\"font-size:14px;font-family:&#39;Helvetica&#39;,&#39;sans-serif&#39;;color:#444444\">2018</span><span style=\"font-size:14px;color:#444444\">年</span><span style=\"font-size:14px;font-family:&#39;Helvetica&#39;,&#39;sans-serif&#39;;color:#444444\">5</span><span style=\"font-size:14px;color:#444444\">月</span><span style=\"font-size:14px;font-family:&#39;Helvetica&#39;,&#39;sans-serif&#39;;color:#444444\">10</span><span style=\"font-size:14px;color:#444444\">日，中国移动</span><span style=\"font-size:14px;font-family:&#39;Helvetica&#39;,&#39;sans-serif&#39;;color:#444444\">“</span><span style=\"font-size:14px;color:#444444\">和互联</span><span style=\"font-size:14px;font-family:&#39;Helvetica&#39;,&#39;sans-serif&#39;;color:#444444\">”</span><span style=\"font-size:14px;color:#444444\">行业研讨会在贵阳隆重举行。本次会议邀请了百度、腾讯、阿里巴巴、华为、神州数码、云上贵州、贵州省大数据发展管理局等数百家行业龙头企业及政府部门，共三百余名领导、嘉宾参会，广泛遍及互联网、</span><span style=\"font-size:14px;font-family:&#39;Helvetica&#39;,&#39;sans-serif&#39;;color:#444444\">IT</span><span style=\"font-size:14px;color:#444444\">软件等行业。中国移动贵州公司张丽副总经理、贵州省大数据发展管理局基础设施处洪浩处长出席会议并致辞。政企分公司互联网解决方案部文静总经理主持会议。</span></p><p style=\"margin-bottom:20px;text-align:left;text-indent:32px;background:white\"><span style=\";font-family:宋体;color:#444444\">政企分公司魏冰副总经理出席会议并发表</span><span style=\";font-family:&#39;Helvetica&#39;,&#39;sans-serif&#39;;color:#444444\">“</span><span style=\";font-family:宋体;color:#444444\">移动互联，和创未来</span><span style=\";font-family:&#39;Helvetica&#39;,&#39;sans-serif&#39;;color:#444444\">”</span><span style=\";font-family:宋体;color:#444444\">主题演讲。魏冰副总经理表示，</span><span style=\";font-family:&#39;Helvetica&#39;,&#39;sans-serif&#39;;color:#444444\">“</span><span style=\";font-family:宋体;color:#444444\">互联网</span><span style=\";font-family:&#39;Helvetica&#39;,&#39;sans-serif&#39;;color:#444444\">+”</span><span style=\";font-family:宋体;color:#444444\">已成为中国现代产业变革的</span><span style=\";font-famil', 0, 0, NULL, '2018-05-10 10:10:29', 1, '中国移动“和互联”', 100001, '2018-05-09 10:10:37', NULL, NULL);
INSERT INTO `geic_news` VALUES (10098, '人工智能融入“云”端', '/upload/image/news/news-3.png', '近年来，随着互联网和移动互联网的蓬勃发展，大数据、云计算、人工智能、物联网等新技术也迎来了广阔的发展空间。', '<p>近年来，随着互联网和移动互联网的蓬勃发展，大数据、云计算、人工智能、物联网等新技术也迎来了广阔的发展空间。去年，阿里云工业互联网全国总部正式在广州揭牌成立，阿里云将联合广东本地合作伙伴，共同打造服务全国的工业大脑。去年9月，华为与白云区签署云计算产业战略合作协议，将协同打造千亿元级新一代信息产业集群。</p><p>云计算从诞生至今，已成为较成熟的网络信息技术，在如今人工智能的热潮下，云计算将融入更多的人工智能，为智慧城市、公共政务、企业、普罗大众等带来深刻的技术变革。近十年，全球各大科技企业亦争相进入云领域，近年，阿里巴巴、腾讯、华为等中国企业已积极布阵“出海”，与亚马逊、微软等巨头争抢海外市场。</p><p>政务、企业纷纷上“云”</p><p>云产业纷纷落户广州</p><p>业界中有人通俗易懂地比喻：就好比从古老的单台发电机模式转向电厂集中供电的模式，云计算让计算能力也可以作为一种商品通过互联网传输并进行流通，变得像煤气、水电一样，取用方便、费用低廉。</p><p>云计算最初的目标是对资源的管理，管理的主要是计算资源、网络资源、存储资源三个方面。一般来说，云计算分为三个层次的服务：基础设施级服务（IaaS），平台级服务（PaaS）和软件级服务（SaaS）。这里所谓的层次，是分层体系架构意义上的“层次”。IaaS、PaaS、SaaS分别在基础设施层、软件开放运行平台层和应用软件层上实现。</p><p>在新一轮人工智能大潮的助推下，企业上云成为大势所趋，打造云生态成为云产业的顶层构建目标。早前，我国工业和信息化部编制和印发了《云计算发展三年行动计划（2017～2019年）》，提出到2019年，要将中国的云计算产业规模从2015年的1500亿元扩大至4300亿元，云计算在制造业、政务等多领域的应用水平显著提升，并成为信息化建设的主要形态和建设网络强国、制造强国的重要支撑。</p><p>去年9月，广州市白云区政府与华为共同签署云计算产业战略合作协议，未来将协同在白云区打造千亿元级新一代信息产业集群，主要建设“三中心一平台”。其中，“三中心一平台”是指云计算数据中心、云产业运营中心及创新展示中心、云产业发展平台。</p><p>目前华为云主要业务包括三大类：为大中型企业做私有云，为中国和全球做政务云以及标准的公有云。据了解，目前东风集团就是基于华为云构建面向未来的混合云，实现了自动化统一云管理平台，建设了各部门云上协同办公体系，已部署超过300个云主机，支撑了50多个项目同时稳定运行和上万用户访问，并使得集团整体IT成本降低30％。</p><p>瞄准华南市场，不单单是华为云。去年11月，阿里云宣布将设立阿里云广东研发中心，招募1000名云计算和人工智能工程师，推动前沿技术与广东产业融合。其中在制造领域，阿里将在广东建设其工业互联网云平台，并将全国工业云总部定于广州，依据企业需求和场景，深度再造ET工业大脑，目标是服务全国10万家制造企业。</p><p>阿里云相关负责人表示，工业云总部之所以放在广州，看中的是广州海量的人才储备优势，同时广东作为制造强省、中国第一经济大省的地位，如果能把广东的工业企业服务好了，就能把全国乃至全球的工业服务好。</p><p>中山大学数据科学与计算学院教授吴维刚表示，“对于云计算，普罗大众的切身感受不是太深，因为很多时候大众都是通过互联网进入网站办理相关业务，但对于政府部门、企业、单位等，他们将一些服务放到云上，就能体会到与以往的差别。”</p><p>正因为云计算能有效在降低政务、企业后台成本，并且提供存储、服务、软件的应用，也正适合初创企业的需求。去年，“微软广州云暨移动应用孵化平台”落户南沙，是全球科技巨头微软与广州市合作落地的第一个项目。据悉，首批入驻孵化平台的18支创业团队中，“谷居”基于微软HoloLens混合现实与Azure云平台技术， 自主研发的国内领先的VR家装设计工具，提供混合现实体验场景。目前，谷居已获得PRE－A轮2000万云，市场估值达到1亿元。</p><p>微软表示，希望“广州云暨移动应用孵化平台”能帮助有理想、有能力的创业团队赢得机遇。微软将配合南沙区政府“1＋1＋10”政策，打造创新平台，积极参与多方合作，共同促进人才培养、技术创新、创业。</p><p>未来5年，广州将着力发展工业互联网、云计算、大数据、移动互联网、物联网等新兴领域关键软件产品和解决方案等全生命周期的新一代信息技术产业，推动新一轮软件产业大发展，鼓励平台型企业、平台型产业发展，加快培育新业态和新模式，形成“平台、数据、应用、服务、安全”协同发展的格局。</p><p>数字化转型的浪潮正在席卷全球，而中国则是拥抱数字化转型最为积极的市场之一。据IDC预测，2021年，以云计算、移动计算、物联网、人工智能等数字技术为基础的数字化产品和服务在中国GDP中的占比将达到65％，为中国GDP贡献1％的增速，价值7160亿美元。</p><p>融入“智慧”大脑</p><p>人工智能是火箭 云计算是引擎</p><p>业内，大家将人工智能、大数据以及云计算称为“铁三角”关系。吴维刚表示，“人工智能与云计算，两者不是同一事物，但是相互发展。云计算提供移动计算模式和计算资源，人工智能的发展正需要这种计算资源。”</p><p>假如将人工智能看作是一台火箭，那么大数据是燃料，云计算是引擎。据了解，经历了多年的人工智能，在这五六年间遍地开花，主要是归功于2006年出现的人工智能关键技术——“深度学习”，人工智能至此才有了实用价值；而深度学习也是基于云计算和大数据日趋成熟的背景下才取得实质性进展。另一方面，也正是因为人工智能的迅猛发展，实现了技术系统本身的提升，如利用人工智能做智能化分配、风险的评估，甚至是软件本身的可靠性也可以用人工智能技术去分析。</p><p>去年，阿里云推出的“ET工业大脑”就是一项人工智能技术，它让机器能够感知、传递和自我诊断问题。“ET工业大脑”通过分析工业生产中收集的数据，优化机器的产出，减少废品成本。该技术本质上是通过传感器、阿里云的计算能力和深度学习能力，帮助企业实现智能升级，解决制造业的核心问题。据了解，在工业领域，阿里云ET工业大脑已经摸索出一套以云计算、人工智能、互联网等助力智能制造革命的创新方法。</p><p>华为云BU总裁郑叶来表示，未来人工智能与云计算的结合，一方面是和企业实际应用生产场景相结合，核心是应用。利用人工智能，尤其是OCR表单识别和图片识别，解决公司供应链、生产发货，甚至内部安保等内容。另一方面是通过软硬件的创新，人工智能可以提升经济成本的效率。例如通过应用AI实现智能装箱，集装箱利用率提升了6％，每年节省数千万成本，报关单据自动识别实现了97％的数值准确率，同时报关遵从度分析实现了95％以上的预警率、准确率。</p><p>其实，华为早从2012年就成立诺亚方舟实验室，投入人工智能和大数据方面的研究。2017年，华为宣布成立Cloud BU，并设立EI企业智能产品部，将人工智能技术应用于企业应用场景，实现产业化运营，让企业更智能。</p><p>技术未来</p><p>移动通讯带来边缘计算发展</p><p>对于云计算未来技术模式的发展，吴维刚表示，边缘计算将会增长。边缘计算的出现与近年移动通讯快速发展有密不可分的关系，在科技领域，计算与通讯的融合是一大趋势。“未来，云计算不是像如今用户到云端，而是用户身边会部署不同设备，这些设备也具备一定的计算能力，与云端进行协同合作。”</p><p>边缘计算是指在靠近物或数据源头的一侧，采用网络、计算、存储、应用核心能力为一体的开放平台，就近提供最近端服务。其应用程序在边缘侧发起，产生更快的网络服务响应，满足行业在实时业务、应用智能、安全与隐私保护等方面的基本需求。边缘计算处于物理实体和工业连接之间，或处于物理实体的顶端。</p><p>日前，百度云天工发布“智能边缘”，并开启邀请制测试，这是国内云计算厂商推出的首款边缘计算产品。据了解，百度云天工将云端的数据管理与计算功能以软件的方式放在设备端上，融合网络、计算、存储以及应用核心能力，打造出从设备端开始的智能计算。将智能计算能力带向离数据源更近的地方，与云端计算良好协同，让设备变得更加智能。工业、汽车、楼宇、家电等行业将从这类边缘计算中率先获益。</p><p>据IDC发布的相关预测，2018年，40％的数据需要在网络边缘侧分析、处理与储存，50％的物联网网络将面临网络带宽的限制。随着IoT市场的爆发，传感器的融合以及由大量传感器带来的数据运算和处理，将会成为新的难题。</p><p>云业务“出海”</p><p>中国云商向全球发起挑战</p><p>目前，在全球云计算领域，以亚马逊的AWS、微软的Azure和谷歌的Google Cloud为代表的超大规模云计算服务商以前所未有的速度拓展全球云计算服务，尤其是抢占公有云市场。其中，亚马逊被公认为全球云计算的鼻祖，其AWS开辟了云计算市场，2013年底，亚马逊宣布其AWS业务进入中国市场，当时，中国云计算企业纷纷大幅降低云服务价格，以应对“即将到来”的竞争。</p><p>从2013年开始，我国云服务商也开始了全球化之路，当时主要集中在游戏、电商、视频、金融等业务。经过3年多时间的“深耕”之下，尤其在游戏、金融、视频等互联网企业掀起的出海大潮下，也快速促进了中国云计算推向全球市场。</p><p>据了解，当前，阿里云基础设施覆盖美国西部、美国东部、新加坡、澳大利亚、德国、日本、印度、马来西亚、印度尼西亚等地区。而腾讯云在海外，如德国、新加坡、加拿大、美国等地区也部署了数据中心。日前，马来西亚首都吉隆坡引入阿里云“ET城市大脑”，人工智能将全面应用到马来西亚交通治理、城市规划、环境保护等领域。在第一阶段将应用到马来西亚首都吉隆坡281个道路路口，通过红绿灯动态调节、交通事故检测、应急车辆优先通行，来缓解吉隆坡拥堵的交通状况。</p><p>据Gartner数据显示，阿里云目前在全球市场份额已排名第三，仅次于亚马逊和微软。全球“3A”（亚马逊AWS、微软Azure和阿里云Alibaba Cloud）阵营中，阿里云保持最快增速，Gartner数据显示，阿里云年增速达到了126％。</p><p>阿里云方面表示，在全球范围内，阿里云建立了本地化的技术和市场服务团队以及庞大的生态网络。这不仅加速了中国技术落地速度，还也让当地技术社区得到领先技术的扶持，加速了当地科技创新发展。</p><p><br/></p>', 0, 0, NULL, '2018-08-16 10:32:21', 1, '人工智能', 100001, '2018-08-16 10:14:51', NULL, NULL);
INSERT INTO `geic_news` VALUES (10100, '工信部印发《推动企业上云实施指南（2018-2020年）》（附解读）', NULL, '工业和信息化部近日印发《推动企业上云实施指南（2018-2020年）》', '<p style=\"text-indent:28px\"><span style=\"font-family:宋体\">工业和信息化部近日印发《推动企业上云实施指南（</span>2018-2020<span style=\"font-family:宋体\">年）》，提出到</span>2020<span style=\"font-family: 宋体\">年行业企业上云意识和积极性明显提高，上云比例和应用深度显著提升，云计算在企业生产、经营、管理中的应用广泛普及，全国新增上云企业</span>100<span style=\"font-family:宋体\">万家，形成典型标杆应用案例</span>100<span style=\"font-family:宋体\">个以上，形成一批有影响力、带动力的云平台和企业上云体验中心。</span></p><p style=\"text-indent:28px\"><span style=\"font-family:宋体\">工业和信息化部</span>  <span style=\"font-family:宋体\">关于印发《推动企业上云实施指南（</span>2018-2020<span style=\"font-family:宋体\">年）》的通知</span></p><p style=\"text-indent:28px\"><span style=\"font-family:宋体\">工信部信软〔</span>2018<span style=\"font-family:宋体\">〕</span>135<span style=\"font-family:宋体\">号</span></p><p style=\"text-indent:28px\"><span style=\"font-family:宋体\">各省、自治区、直辖市及计划单列市、新疆生产建设兵团工业和信息化主管部门：</span></p><p style=\"text-indent:28px\"><span style=\"font-family:宋体\">为贯彻落实《国务院关于促进云计算创新发展培育信息产业新业态的意见》《国务院关于深化“互联网</span>+<span style=\"font-family:宋体\">先进制造业</span>”<span style=\"font-family: 宋体\">发展工业互联网的指导意见》《云计算发展三年行动计划（</span>2017-2019<span style=\"font-family:宋体\">年）》等部署要求，推动企业利用云计算加快数字化、网络化、智能化转型，推进互联网、大数据、人工智能与实体经济深度融合，现将《推动企业上云实施指南（</span>2018-2020<span style=\"font-family:宋体\">年）》印发你们，请结合各地实际，认真组织实施。</span></p><p style=\"text-indent:28px\"><span style=\"font-family:宋体\">云计算是信息技术发展和服务模式创新的集中体现，是信息化发展的重大变革和必然趋势。支持企业上云，有利于推动企业加快数字化、网络化、智能化转型，提高创新能力、业务实力和发展水平；有利于加快软件和信息技术服务业发展，深化供给侧结构性改革，促进互联网、大数据、人工智能与实体经济深度融合，加快现代化经济体系建设。</span></p><p style=\"text-indent:28px\"><span style=\"font-family:宋体\">一、总体要求</span></p><p style=\"text-indent:28px\"><span style=\"font-family:宋体\">工业和信息化部统筹协调企业上云工作，组织制定完善企业上云效果评价等相关标准，指导各地工业和信息化主管部门、第三方机构等协同开展工作。各地工业和信息化主管部门要结合本地实际，以强化云计算平台服务和运营能力为基础，以加快推动重点行业领域企业上云为着力点，以完善支撑配套服务为保障，制定工作方案和推进措施，组织开展宣传培训，推动云平台服务商和行业企业加强供需对接，有序推进企业上云进程。</span></p><p style=\"text-indent:28px\"><span style=\"font-family:宋体\">到</span>2020<span style=\"font-family:宋体\">年，力争实现企业上云环境进一步优化，行业企业上云意识和积极性明显提高，上云比例和应用深度显著提升，云计算在企业生产、经营、管理中的应用广泛普及，全国新增上云企业</span>100<span style=\"font-family:宋体\">万家，形成典型标杆应用案例</span>100<span style=\"font-family:宋体\">个以上，形成一批有影响力、带动力的云平台和企业上云体验中心。</span></p><p style=\"text-indent:28px\"><span style=\"font-family:宋体\">（一）企业上云应以提升企业发展能力、解决实际业务问题为出发点。通过将企业业务与信息化应用相结合，实现信息系统升级，促进企业业务创新、流程重构、管理变革，加速企业数字化、网络化、智能化转型，切实提高企业管理水平和综合竞争力。</span></p><p style=\"text-indent:28px\"><span style=\"font-family:宋体\">（二）企业开展上云工作，可从性价比、可用性、可扩展性、安全性、合规性等方面进行调研分析，运用理论分析、仿真实验、测试验证等方法，充分评估业务使用云服务的成本、收益、风险和可接受程度。在此基础上，按照分级分类的原则，统一规划信息系统的上云部署方案。</span></p><p style=\"text-indent:28px\"><span style=\"font-family:宋体\">（三）企业可优先选择业务特征与云计算特点相契合、上云价值效益明显的信息系统上云。一是信息系统使用具有明显的高低峰，需要动态调配资源，进行弹性扩展。二是信息系统需要快速迭代上线，提升业务创新速度。三是信息系统需要降低运行维护成本，提高应急响应、故障恢复、信息安全保障能力。四是信息系统需要运用大数据、人工智能等云上服务实现业务拓展。</span></p><p style=\"text-indent:28px\"><span style=\"font-family:宋体\">（四）开展上云工作，需要上云企业、云平台服务商、云应用服务商、系统集成商、基础设施提供商及相关行业组织、第三方机构加强协作，明确各方责任，共同推进实施。云平台服务商等作为主要服务供给方，要联合云应用服务商、系统集成商、基础设施提供商等产业链相关方，共同为上云企业提供技术支撑服务。上云企业参照指南引导，稳步推进自身上云工作，积极利用云计算平台上的软件应用和数据服务实现数字化转型。第三方机构积极参与宣贯培训、测试评估工作，加强对企业上云工作的跟踪研究。</span></p><p style=\"text-indent:28px\"><span style=\"font-family:宋体\">二、科学制定部署模式</span></p><p style=\"text-indent:28px\"><span style=\"font-family:宋体\">（五）大型企业可建立私有云，部署数据安全要求高的关键信息系统；可将连接客户、供应商、员工的信息系统采用公有云部署，并与私有云共同形成混合云架构。对于数据安全要求高且需对外连接提供服务的信息系统，可考虑采用数据存储于私有云、应用部署于公有云的混合云架构。</span></p><p style=\"text-indent:28px\"><span style=\"font-family:宋体\">（六）中小企业和创业型企业可依托公有云平台，按需租用存储、计算、网络等基础设施资源，应用设计、生产、营销、办公、财务等云服务或构建特色云服务，提高经营管理水平和效率，加快形成业务能力，开展业务和服务模式创新，实现个性化服务输出，加速建立现代化经营模式。</span></p><p style=\"text-indent:28px\"><span style=\"font-family:宋体\">三、按需合理选择云服务</span></p><p style=\"text-indent:28px\"><span style=\"font-family:宋体\">（七）基础设施类云服务。一是计算资源服务。使用云平台的各种弹性计算服务，实现计算资源集中管理、动态分配、弹性扩展和运维减负。二是存储资源服务。使用云平台的块存储、对象存储等云存储服务，提高数据存储的经济性、安全性和可靠性。三是网络资源服务。使用云平台的虚拟专有云、虚拟专有网络、负载均衡等网络服务，高效安全利用云平台网络资源。四是安全防护服务。使用云上主机安全防护、网络攻击防护、应用防火墙、密钥</span>/<span style=\"font-family:宋体\">证书管理、数据加密保护等安全服务，提高信息安全保障能力。</span></p><p style=\"text-indent:28px\"><span style=\"font-family:宋体\">（八）平台系统类服务。一是数据库服务。利用云数据库系统，实现各类数据跨平台、跨业务的协同管理。二是大数据分析服务。利用云端大数据平台推动数据资源集聚，进行数据采集、存储、分析、挖掘和协同应用。三是中间件平台服务。利用云上中间件服务，构建分布式系统架构，满足“互联网</span>+”<span style=\"font-family:宋体\">转型的需要。四是物联网平台服务。将海量物联网终端设备接入云平台，实现设备高效可视化在线管理。五是软件开发平台服务。通过云上开发平台进行软件生命周期管理，快速构建开发、测试、运行环境，规范开发流程、降低成本、提高效率。六是人工智能平台服务。利用云平台的计算资源，形成语音识别、图像识别、人脸识别等智能服务能力，提升业务智能化水平。</span></p><p style=\"text-indent:28px\"><span style=\"font-family:宋体\">（九）业务应用服务。一是协同办公服务。使用邮件、会议、通信等云服务，形成维护成本低、服务效率高的办公系统，提高办公效率。二是经营管理应用服务。使用企业人力资源管理、行政管理、财务管理等云服务，提高企业经营管理的科学性和效率。三是运营管理服务。使用采购管理、生产管理、销售管理、供应链管理、客户资源管理等云服务，提升企业运营管理水平。四是研发设计服务。使用计算机辅助设计、产品开发等云服务，在云端部署开发、设计环境，提升研发效率和创新水平。五是生产控制服务。通过</span>MES<span style=\"font-family:宋体\">（制造执行系统）、生产数据等系统上云，优化生产控制流程，提升生产效率和水平。六是智能应用服务。整合企业全局数据，打造智能研发、智能生产、智能营销、智能服务等智能应用，提升企业智能化水平。</span></p><p style=\"text-indent:28px\"><span style=\"font-family:宋体\">四、稳妥有序推进企业上云</span></p><p style=\"text-indent:28px\"><span style=\"font-family:宋体\">（十）企业上云可按照需求分析、可行性评估、选择确定云平台服务商、上云方案设计、测试和部署、验证和总结、运维保障、效果评估等步骤进行。企业可根据自身实际选择合适步骤，适当简化流程，有序实施上云。</span></p><p style=\"text-indent:28px\"><span style=\"font-family:宋体\">（十一）企业可结合自身业务发展规划，在第三方机构或云平台服务商的支持下，对信息系统业务类型、使用人员、使用特征、性能指标、数据库使用情况、系统间关联关系等进行全面梳理。</span></p><p style=\"text-indent:28px\"><span style=\"font-family:宋体\">（十二）企业可在第三方机构或云平台服务商的支持下，参考信息系统分析结果，结合已有信息资源和业务需要，从业务需求、用户体验、平台兼容性、成本、安全性等方面，分析满足系统安全稳定运行的云基础环境需求，对信息系统的上云可行性进行分析，初步确定各类系统是否上云，以及上云的优先级。重点分析内容包括：</span></p><p style=\"text-indent:28px\"><span style=\"font-family:宋体\">（</span>1<span style=\"font-family:宋体\">）上云是否能够提升企业发展能力、解决实际业务问题；</span></p><p style=\"text-indent:28px\"><span style=\"font-family:宋体\">（</span>2<span style=\"font-family:宋体\">）信息系统是否适合弹性拓展、是否需要快速部署；云平台及应用服务是否兼容现有信息系统；若不兼容则需评估迁移改造成本及风险等；</span></p><p style=\"text-indent:28px\"><span style=\"font-family:宋体\">（</span>3<span style=\"font-family:宋体\">）评估数据存储方式、数据安全等是否符合要求；</span></p><p style=\"text-indent:28px\"><span style=\"font-family:宋体\">（</span>4<span style=\"font-family:宋体\">）评估上云方式（在线</span>/<span style=\"font-family:宋体\">离线等）是否符合业务要求，上云迁移时间是否在可接受业务中断时间范围内；上云后能否满足不同类型用户体验需求；</span></p><p style=\"text-indent:28px\"><span style=\"font-family:宋体\">（</span>5<span style=\"font-family:宋体\">）评估现有系统与上云后系统的切换方案、并行运行方案、失败回滚方案等；评估系统改造、数据迁移、应用程序迁移过程中可能出现的风险点，并给出应对建议。</span></p><p style=\"text-indent:28px\"><span style=\"font-family:宋体\">（十三）上云企业可在云平台服务商支持下，基于上云可行性评估结论，拟定详细上云工作内容和要求，明确各方责任和义务。充分评估迁移上云过程中的风险点，制定应用迁移、数据迁移、系统改造方案、数据存储方式及安全保护等技术方案，以及配套的监督、验收、失败回滚方案，做好上云信息系统和未上云信息系统的协同。</span></p><p style=\"text-indent:28px\"><span style=\"font-family:宋体\">（十四）上云企业可依托云平台服务商或第三方机构，明确各信息系统具体迁移策略。对于复杂系统的迁移上云，需要根据实际情况采用定制化的迁移技术及方法。迁移策略包括：</span></p><p style=\"text-indent:28px\"><span style=\"font-family:宋体\">（</span>1<span style=\"font-family:宋体\">）直接迁移：将信息系统迁移部署到云平台，利用统一运营管理平台进行管理；</span></p><p style=\"text-indent:28px\"><span style=\"font-family:宋体\">（</span>2<span style=\"font-family:宋体\">）改造后迁移：对数据库、系统架构、运行环境、接口等进行改造，使其满足迁移到云平台的技术要求后迁移；</span></p><p style=\"text-indent:28px\"><span style=\"font-family:宋体\">（</span>3<span style=\"font-family:宋体\">）采购云服务重建：结合业务实际，采购满足需求的各类云服务，重新构建信息系统；</span></p><p style=\"text-indent:28px\"><span style=\"font-family:宋体\">（</span>4<span style=\"font-family:宋体\">）保持现状：对暂不适合迁移的系统，继续保持运行在当前环境。</span></p><p style=\"text-indent:28px\"><span style=\"font-family:宋体\">（十五）企业可在云平台服务商或第三方机构支持下，根据上云方案构建模拟环境，进行上云演练，经过测试和验证，不断优化完善上云方案，执行上云过程。</span></p><p style=\"text-indent:28px\"><span style=\"font-family:宋体\">（</span>1<span style=\"font-family:宋体\">）推动开发、测试环境上云，构建模拟环境，包括迁移源端和目标端环境；</span></p><p style=\"text-indent:28px\"><span style=\"font-family:宋体\">（</span>2<span style=\"font-family:宋体\">）实施模拟上云，进行功能测试、性能测试、备份测试、容灾测试等，并在此基础上修改完善上云方案；</span></p><p style=\"text-indent:28px\"><span style=\"font-family:宋体\">（</span>3<span style=\"font-family:宋体\">）按照上云方案准备包括人员、环境、实施工具等在内的资源，实施上云过程，开展数据迁移和应用迁移，失败时实施回滚方案。</span></p><p style=\"text-indent:28px\"><span style=\"font-family:宋体\">（十六）上云过程结束后，各相关方可进行数据完整性和一致性校验，执行上云后的功能测试、业务流程测试、性能比对测试、备份测试、容灾测试、安全测试等，出具上云测试报告；将信息系统正式割接到云平台，开展上云总结。</span></p><p style=\"text-indent:28px\"><span style=\"font-family:宋体\">（十七）上云成功后，上云企业可自行或委托第三方机构对云服务进行监督，督促云平台服务商不断提升服务能力。如出现服务不可用或达不到保障水平的情况，云平台服务商应按照服务协议中约定的内容和方式进行赔付，保证上云企业合法权益。</span></p><p style=\"text-indent:28px\"><span style=\"font-family:宋体\">（十八）企业上云后，可自行或委托第三方机构，从资源采购规模和利用率、业务效率提升情况、经济效益和社会效益等方面对上云效果进行评估。</span></p><p style=\"text-indent:28px\"><span style=\"font-family:宋体\">（十九）上云企业可配备相应的云计算人才队伍，并根据上云对企业业务经营和组织管理带来的变化，及时调整建立与之相适应的企业组织管理模式。</span></p><p style=\"text-indent:28px\"><span style=\"font-family:宋体\">五、提升支撑服务能力</span></p><p style=\"text-indent:28px\"><span style=\"font-family:宋体\">（二十）云平台服务商应加快提升技术水平和服务能力，保障云平台高效、安全、稳定运行，与云应用服务商、系统集成商、基础设施提供商、第三方机构、行业组织密切合作，为上云企业提供方案咨询和定制服务，拓展企业上云覆盖范围。</span></p><p style=\"text-indent:28px\"><span style=\"font-family:宋体\">（二十一）鼓励云平台服务商建设综合性、行业性或区域性企业上云体验中心，系统展示云服务业务内容、功能特点、典型应用案例和上云成效，提高用户对云计算的认知度和应用能力。鼓励云平台服务商与云应用开发商、系统集成商等组织开展培训服务，加强专业人才队伍建设。</span></p><p style=\"text-indent:28px\"><span style=\"font-family:宋体\">（二十二）鼓励软件和信息技术服务企业加速向云计算转型，针对不同行业、不同企业差异化需求，基于云计算平台开展产品、服务和解决方案的开发测试，加快丰富云计算产品服务供给。积极发展协同办公、生产管理、财务管理、营销管理、人力资源管理等各类</span>SaaS<span style=\"font-family:宋体\">服务，为上云企业提供业务支撑。</span></p><p style=\"text-indent:28px\"><span style=\"font-family:宋体\">六、强化政策保障</span></p><p style=\"text-indent:28px\"><span style=\"font-family:宋体\">（二十三）鼓励各地建立政府部门、云平台服务商、上云企业等多方合作推进机制。支持各地工业和信息化主管部门设立企业上云专家咨询委员会。加大对企业上云的引导推进力度，加强政策宣贯解读，普及上云知识，提高企业上云意识和实践能力，持续扩大企业上云影响力。</span></p><p style=\"text-indent:28px\"><span style=\"font-family:宋体\">（二十四）支持各地工业和信息化主管部门建立完善公共服务平台，为企业提供信息系统规划咨询、方案设计、监理培训等各类服务。深入开展云服务能力测评和服务可信度评估，推动提升云计算企业服务水平和服务质量。积极探索利用保险模式对上云企业给予保障。</span></p><p style=\"text-indent:28px\"><span style=\"font-family:宋体\">（二十五）鼓励各地加快推动开展云上创新创业。支持各类企业和创业者以云计算平台为基础，利用大数据、物联网、人工智能、区块链等新技术，积极培育平台经济、分享经济等新业态、新模式。</span></p><p style=\"text-indent:28px\"><span style=\"font-family:宋体\">（二十六）制定出台企业上云的效果评价标准，逐步构建企业上云效果评价体系。支持第三方机构根据相关标准，对成本节约、效率提升、业务升级、创新促进等上云效果进行评估、统计，引导企业深度上云。总结宣传企业上云的典型案例和成功经验，加大推广力度，打造上云标杆企业，充分发挥示范引领作用，实现企业上云规模化推进。</span></p><p style=\"text-indent:28px\"><span style=\"font-family:宋体\">（二十七）落实《中华人民共和国网络安全法》相关要求，推动建立健全云计算相关安全管理制度，完善云计算网络安全防护标准。指导督促云平台服务商切实落实主体责任，保障用户信息安全和商业秘密。</span></p><p><br/></p>', 1, 0, NULL, '2018-08-13 10:49:15', 1, '企业上云', 100001, '2018-08-13 10:49:07', NULL, NULL);
INSERT INTO `geic_news` VALUES (10101, '工业互联网APP培育工程实施方案', NULL, '工业互联网APP（以下简称工业APP）是基于工业互联网，承载工业知识和经验，满足特定需求的工业应用软件，是工业技术软件化的重要成果。', '<p style=\"text-indent:28px\"><span style=\"font-family:宋体\">工业互联网</span>APP<span style=\"font-family:宋体\">（以下简称工业</span>APP<span style=\"font-family:宋体\">）是基于工业互联网，承载工业知识和经验，满足特定需求的工业应用软件，是工业技术软件化的重要成果。实施工业</span>APP<span style=\"font-family:宋体\">培育工程，有利于发挥软件赋能、赋值、赋智作用，推进两化深度融合；有利于将制造业企业内部原本分散、隐性的工业技术挖掘出来、传播开来、传承下去，破解国内工匠不足难题；有利于汇聚海量开发者、提升用户粘性，打造资源富集、多方参与、合作共赢、协同演进的工业互联网平台应用生态；有利于更大程度激发“双创”活力，培育产业发展新动能，带动形成新的增长极。为推进实施工业</span>APP<span style=\"font-family:宋体\">培育工程，制定本实施方案。</span></p><p style=\"text-indent:28px\"><span style=\";line-height:150%;font-family:宋体;color:black\">一、总体要求</span></p><p style=\"text-indent:28px\"><span style=\";line-height:150%;font-family:宋体;color:black\">（一）指导思想</span></p><p style=\"text-indent:28px\"><span style=\";line-height:150%;font-family:宋体;color:black\">以习近平新时代中国特色社会主义思想为指导，深入贯彻落实党的十九大和十九届二中、三中全会精神，牢固树立新发展理念，围绕制造业提质增效和转型升级实际需求，以企业为主体，以发展和繁荣工业互联网平台应用生态为目标，推动软件技术与工业技术深度融合，工业</span><span style=\";line-height:150%;color:black\">APP</span><span style=\";line-height:150%;font-family:宋体;color:black\">培育与工业互联网平台建设协同推进，着力突破共性关键技术，夯实工业</span><span style=\";line-height:150%;color:black\">APP</span><span style=\";line-height:150%;font-family:宋体;color:black\">发展基础，着力提高工业</span><span style=\";line-height:150%;color:black\">APP</span><span style=\";line-height:150%;font-family:宋体;color:black\">发展质量，提升价值和应用效果，着力构建开放共享和流通交易机制，推动工业</span><span style=\";line-height:150%;color:black\">APP</span><span style=\";line-height:150%;font-family:宋体;color:black\">向工业互联网平台汇聚，形成建平台和用平台双向迭代、互促共进的制造业新生态。</span></p><p style=\"text-indent:28px\"><span style=\";line-height:150%;font-family:宋体;color:black\">（二）重点方向</span></p><p style=\"text-indent:28px\"><span style=\";line-height:150%;font-family:宋体;color:black\">——面向国内制造业重点项目推进、重大工程实施和重要装备研制需求，发展具有高支撑价值的安全可靠工业</span><span style=\";line-height:150%;color:black\">APP</span><span style=\";line-height:150%;font-family:宋体;color:black\">。</span></p><p style=\"text-indent:28px\"><span style=\";line-height:150%;font-family:宋体;color:black\">——面向关键基础材料、核心基础零部件（元器件）、先进基础工艺、产业技术基础等“工业四基”领域，发展普适性强、复用率高的基础共性工业</span><span style=\";line-height:150%;color:black\">APP</span><span style=\";line-height:150%;font-family:宋体;color:black\">。</span></p><p style=\"text-indent:28px\"><span style=\";line-height:150%;font-family:宋体;color:black\">——面向汽车、航空航天、石油化工、机械制造、轻工家电、信息电子等行业需求，发展推广价值高、带动作用强的行业通用工业</span><span style=\";line-height:150%;color:black\">APP</span><span style=\";line-height:150%;font-family:宋体;color:black\">。</span></p><p style=\"text-indent:28px\"><span style=\";line-height:150%;font-family:宋体;color:black\">——面向制造企业的个性化需求，发展高应用价值的企业专用工业</span><span style=\";line-height:150%;color:black\">APP</span><span style=\";line-height:150%;font-family:宋体;color:black\">。</span></p><p style=\"text-indent:28px\"><span style=\";line-height:150%;font-family:宋体;color:black\">（三）主要目标</span></p><p style=\"text-indent:28px\"><span style=\";line-height:150%;font-family:宋体;color:black\">到</span><span style=\";line-height:150%;color:black\">2020</span><span style=\";line-height:150%;font-family:宋体;color:black\">年，培育</span><span style=\";line-height:150%;color:black\">30</span><span style=\";line-height:150%;font-family:宋体;color:black\">万个面向特定行业、特定场景的工业</span><span style=\";line-height:150%;color:black\">APP</span><span style=\";line-height:150%;font-family:宋体;color:black\">，全面覆盖研发设计、生产制造、运营维护和经营管理等制造业关键业务环节的重点需求。</span></p><p style=\"text-indent:28px\"><span style=\";line-height:150%;font-family:宋体;color:black\">突破一批工业技术软件化共性关键技术，构建工业</span><span style=\";line-height:150%;color:black\">APP</span><span style=\";line-height:150%;font-family:宋体;color:black\">标准体系，培育出一批具有重要支撑意义的高价值、高质量工业</span><span style=\";line-height:150%;color:black\">APP</span><span style=\";line-height:150%;font-family:宋体;color:black\">，形成一批具有国际竞争力的工业</span><span style=\";line-height:150%;color:black\">APP</span><span style=\";line-height:150%;font-family:宋体;color:black\">企业。</span></p><p style=\"text-indent:28px\"><span style=\";line-height:150%;font-family:宋体;color:black\">工业</span><span style=\";line-height:150%;color:black\">APP</span><span style=\";line-height:150%;font-family:宋体;color:black\">应用取得积极成效，创新应用企业关键业务环节工业技术软件化率达到</span><span style=\";line-height:150%;color:black\">50%</span><span style=\";line-height:150%;font-family:宋体;color:black\">。</span></p><p style=\"text-indent:28px\"><span style=\";line-height:150%;font-family:宋体;color:black\">工业</span><span style=\";line-height:150%;color:black\">APP</span><span style=\";line-height:150%;font-family:宋体;color:black\">市场化流通、可持续发展能力初步形成，对繁荣工业互联网平台应用生态、促进工业提质增效和转型升级的支撑作用初步显现。</span></p><p style=\"text-indent:28px\"><span style=\";line-height:150%;font-family:宋体;color:black\">二、主要任务</span></p><p style=\"text-indent:28px\"><span style=\";line-height:150%;font-family:宋体;color:black\">（一）夯实工业技术软件化基础</span></p><p style=\"text-indent:28px\"><span style=\";line-height:150%;color:black\">1.</span><span style=\";line-height:150%;font-family:宋体;color:black\">突破工业</span><span style=\";line-height:150%;color:black\">APP</span><span style=\";line-height:150%;font-family:宋体;color:black\">共性关键技术。瞄准产业发展制高点，组织实施一批重点产业化创新项目，推进复杂系统建模、…mily:宋体;color:black\">发展白皮书》，指导第三方机构编制《工业</span><span style=\";line-height:150%;color:black\">APP</span><span style=\";line-height:150%;font-family:宋体;color:black\">培育指南》，指导地方加强工业</span><span style=\";line-height:150%;color:black\">APP</span><span style=\";line-height:150%;font-family:宋体;color:black\">培育动态监测分析。各地行业主管部门要指导属地企业落实好工业</span><span style=\";line-height:150%;color:black\">APP</span><span style=\";line-height:150%;font-family:宋体;color:black\">信息安全主体责任，遵守信息安全相关法律法规。</span></p><p style=\"text-indent:28px\"><span style=\";line-height:150%;font-family:宋体;color:black\">三、进度安排</span></p><p style=\"text-indent:28px\"><span style=\";line-height:150%;color:black\">2018</span><span style=\";line-height:150%;font-family:宋体;color:black\">年</span><span style=\";line-height:150%;color:black\">12</span><span style=\";line-height:150%;font-family:宋体;color:black\">月前，发布《工业</span><span style=\";line-height:150%;color:black\">APP</span><span style=\";line-height:150%;font-family:宋体;color:black\">发展白皮书》，出台《工业</span><span style=\";line-height:150%;color:black\">APP</span><span style=\";line-height:150%;font-family:宋体;color:black\">培育指南》，成立工业技术软件化标准化技术组织。推动建设</span><span style=\";line-height:150%;color:black\">1-2</span><span style=\";line-height:150%;font-family:宋体;color:black\">家省级工业技术软件化制造业创新中心，形成一批优秀的工业技术软件化解决方案。</span></p><p style=\"text-indent:28px\"><span style=\";line-height:150%;color:black\">2019</span><span style=\";line-height:150%;font-family:宋体;color:black\">年</span><span style=\";line-height:150%;color:black\">12</span><span style=\";line-height:150%;font-family:宋体;color:black\">月前，进一步扩大工业</span><span style=\";line-height:150%;color:black\">APP</span><span style=\";line-height:150%;font-family:宋体;color:black\">应用规模。突破一批工业技术软件化关键技术，创新应用企业的关键业务环节工业技术软件化率达到</span><span style=\";line-height:150%;color:black\">30%</span><span style=\";line-height:150%;font-family:宋体;color:black\">，面向特定行业、特定场景的工业</span><span style=\";line-height:150%;color:black\">APP</span><span style=\";line-height:150%;font-family:宋体;color:black\">规模达到</span><span style=\";line-height:150%;color:black\">10</span><span style=\";line-height:150%;font-family:宋体;color:black\">万个，培育和部署一批具有重要支撑意义的高价值、高质量工业</span><span style=\";line-height:150%;color:black\">APP</span><span style=\";line-height:150%;font-family:宋体;color:black\">。</span></p><p style=\"text-indent:28px\"><span style=\";line-height:150%;color:black\">2020</span><span style=\";line-height:150%;font-family:宋体;color:black\">年</span><span style=\";line-height:150%;color:black\">12</span><span style=\";line-height:150%;font-family:宋体;color:black\">月前，工业</span><span style=\";line-height:150%;color:black\">APP</span><span style=\";line-height:150%;font-family:宋体;color:black\">创新应用企业的关键业务环节工业技术软件化率达到</span><span style=\";line-height:150%;color:black\">50%</span><span style=\";line-height:150%;font-family:宋体;color:black\">。培育</span><span style=\";line-height:150%;color:black\">30</span><span style=\";line-height:150%;font-family:宋体;color:black\">万个面向特定行业、特定场景的工业</span><span style=\";line-height:150%;color:black\">APP</span><span style=\";line-height:150%;font-family:宋体;color:black\">，涌现出一批具有国际竞争力的工业</span><span style=\";line-height:150%;color:black\">APP</span><span style=\";line-height:150%;font-family:宋体;color:black\">软件企业，对繁荣工业互联网平台应用生态、促进工业提质增效和转型升级的支撑作用初步显现。</span></p><p style=\"text-indent:28px\"><span style=\";line-height:150%;font-family:宋体;color:black\">四、保障措施</span></p><p style=\"text-indent:28px\"><span style=\";line-height:150%;font-family:宋体;color:black\">（一）组织保障</span></p><p style=\"text-indent:28px\"><span style=\";line-height:150%;font-family:宋体;color:black\">在国家制造强国建设领导小组的领导下，发挥工业互联网专项工作组的统筹协调作用，指导推进工业</span><span style=\";line-height:150%;color:black\">APP</span><span style=\";line-height:150%;font-family:宋体;color:black\">培育相关工作。加强部省合作，鼓励地方结合实际出台引导政策，探索差异化、特色化发展路径。充分发挥地方政府、行业协会、产业联盟、科研院所作用，整合产学研用各方力量，形成协同推进的工作格局。</span></p><p style=\"text-indent:28px\"><span style=\";line-height:150%;font-family:宋体;color:black\">（二）政策引导</span></p><p style=\"text-indent:28px\"><span style=\";line-height:150%;font-family:宋体;color:black\">依托国家新型工业化产业示范基地，建设高水平的工业技术软件化产业示范基地。支持中国软件名城及创建城市创新公共服务机制，加快发展工业</span><span style=\";line-height:150%;color:black\">APP</span><span style=\";line-height:150%;font-family:宋体;color:black\">。支持符合条件的地方依托工业</span><span style=\";line-height:150%;color:black\">APP</span><span style=\";line-height:150%;font-family:宋体;color:black\">培育工程发展工业大数据，创建大数据产业集聚区。</span></p><p style=\"text-indent:28px\"><span style=\";line-height:150%;font-family:宋体;color:black\">（三）资金支持</span></p><p style=\"text-indent:28px\"><span style=\";line-height:150%;font-family:宋体;color:black\">充分发挥财政资金导向作用，重点支持共性关键技术攻关、标准测试能力建设，引导社会资本加大对开源社区和创新中心投入力度。鼓励地方政府设立专项资金，加大对工业</span><span style=\";line-height:150%;color:black\">APP</span><span style=\";line-height:150%;font-family:宋体;color:black\">培育工作的支持力度。探索建立产业基金等市场化、多元化资金投入机制，引导社会资本参与工业</span><span style=\";line-height:150%;color:black\">APP</span><span style=\";line-height:150%;font-family:宋体;color:black\">培育。</span></p><p style=\"text-indent:28px\"> </p><p style=\"text-indent:28px\"> </p><p><br/></p>\r\n', 1, 0, NULL, '2018-05-16 10:50:16', 1, '工业互联网APP', 100001, '2018-05-16 10:50:10', NULL, NULL);
INSERT INTO `geic_news` VALUES (10102, '《工业互联网平台建设及推广指南》解读', NULL, '工业互联网平台是工业全要素、全产业链、全价值链连接的枢纽，是实现制造业数字化、网络化、智能化过程中工业资源配置的核心。', '<p style=\"text-indent:28px\"><span style=\"font-family:宋体\">工业互联网平台是工业全要素、全产业链、全价值链连接的枢纽，是实现制造业数字化、网络化、智能化过程中工业资源配置的核心，是信息化和工业化深度融合背景下的新型产业生态体系，支撑着工业资源的泛在连接、弹性供给和高效配置。日前，工业和信息化部正式印发了《工业互联网平台建设及推广指南》</span>(<span style=\"font-family:宋体\">以下简称《平台指南》</span>)<span style=\"font-family: 宋体\">，旨在加快建立工业互联网平台体系，加速工业互联网平台推广。</span><br/> <span style=\"font-family:宋体\">　　一、背景情况</span><br/> <span style=\"font-family:宋体\">　　当前，新一轮科技革命和产业变革正蓬勃兴起，制造业加速向数字化、网络化、智能化方向延伸拓展，软件定义、数据驱动、平台支撑、服务增值、智能主导的特征日趋明显，加快发展工业互联网平台，不仅是各国顺应产业发展大势，抢占产业未来制高点的战略选择，也是我国加快制造强国和网络强国建设，推动制造业质量变革、效率变革和动力变革，实现经济高质量发展的客观要求。</span><br/> <span style=\"font-family:宋体\">　　党中央国务院高度重视互联网、大数据、人工智能等新一代信息技术和实体经济融合发展，习近平总书记强调，要深入实施工业互联网创新发展战略。李克强总理在今年政府工作报告中提出发展工业互联网平台。</span>2017<span style=\"font-family:宋体\">年</span>11<span style=\"font-family:宋体\">月国务院印发了《关于深化“互联网</span>+<span style=\"font-family:宋体\">先进制造业”发展工业互联网的指导意见》</span>(<span style=\"font-family:宋体\">以下简称《指导意见》</span>)<span style=\"font-family: 宋体\">，提出着力建设网络、平台、安全三大功能体系，实施工业互联网平台建设及推广工程，形成多层次、系统化的平台发展体系。</span><br/> <span style=\"font-family:宋体\">　　近半年以来，国内产业界和地方对发展工业互联网平台积极性高涨，纷纷加快布局。但目前各方对平台内涵、技术、功能以及建设路径尚未形成统一认识，在平台培育与推广方面没有可参考的成熟经验。因此，亟需制定工业互联网平台建设及推广指南，为发展工业互联网平台提供切实可行的指引。</span><br/> <span style=\"font-family:宋体\">　　二、总体考虑</span><br/> <span style=\"font-family:宋体\">　　《平台指南》的指导思想是深入贯彻落实党的十九大和十九届二中、三中全会精神，以习近平新时代中国特色社会主义思想为指导，坚持新发展理念，聚焦工业互联网平台发展，以平台标准为引领，坚持建平台和用平台双轮驱动，打造平台生态体系，优化平台监管环境，加快培育平台新技术、新产品、新模式、新业态，有力支撑制造强国和网络强国建设。</span><br/> <span style=\"font-family:宋体\">　　一是坚持问题导向与措施具体。《平台指南》以解决企业数字化、网络化、智能化关键问题为导向，在研究提出工业互联网平台主要任务过程中，从平台培育、推广、生态建设等核心问题出发，提出具有可操作性的政策措施。</span><br/> <span style=\"font-family:宋体\">　　二是坚持企业主导与政府引导。《平台指南》以企业为主体，充分发挥市场在资源配置中的决定性作用，更好地发挥政府引导作用，通过建立规范与标准、发布指南、开展试点示范等方式，形成完整的配套政策，营造良好的发展环境。</span><br/> <span style=\"font-family:宋体\">　　三是注重政策衔接与前瞻布局。《平台指南》在与智能制造、两化融合等已有工作进行统筹衔接的基础上，布局前沿创新技术，鼓励探索人工智能等技术在工业互联网平台中的应用，推动工业互联网平台持续发展。</span><br/> <span style=\"font-family:宋体\">　　三、发展目标</span><br/> <span style=\"font-family:宋体\">　　《平台指南》结合工业互联网建设及推广工程要求，提出平台发展目标。到</span>2020<span style=\"font-family:宋体\">年，在地方普遍建设工业互联网平台的基础上，分期分批遴选</span>10<span style=\"font-family:宋体\">家左右的跨行业跨领域工业互联网平台，形成一批面向特定行业、特定区域的企业级工业互联网平台；实施工业互联网</span>APP<span style=\"font-family:宋体\">培育工程，推动基础共性、行业通用、企业专用工业</span>APP<span style=\"font-family:宋体\">的大规模开发与商业化应用；选择重点工业设备作为推动平台应用的切入点，带动工业企业上云，遴选一批工业互联网试点示范</span>(<span style=\"font-family:宋体\">平台方向</span>)<span style=\"font-family:宋体\">项目；按照“以测促建、以测带用”的思路，建成平台试验测试、公共支撑和标准体系，形成工业互联网平台发展生态。</span><br/> <span style=\"font-family:宋体\">　　四、主要任务</span><br/> <span style=\"font-family:宋体\">　　《平台指南》的主要任务包括制定标准、培育平台、推广平台、建设生态和加强管理五方面内容。</span><br/> 　　(<span style=\"font-family:宋体\">一</span>)<span style=\"font-family:宋体\">制定工业互联网平台标准</span><br/> <span style=\"font-family:宋体\">　　工业互联网平台标准是规范平台功能，带动平台的技术研发、行业应用、服务创新等全价值链协同发展的关键。《指导意见》中明确指出，“标准体系不完善”是我国工业互联网发展与发达国家相比的重要差距之一，亟需推进工业互联网平台标准制定。</span><br/> <span style=\"font-family:宋体\">　　《平台指南》围绕平台标准体系建设、标准推广机制建设以及推动标准国际对接三个方面展开。一是面向工业互联网平台基础共性、关键技术和应用服务等领域，制定一批国家标准、行业标准和团体标准，建立平台标准体系；二是发挥产学研用各方和联盟协会作用，建设标准管理服务平台，开发标准符合性验证工具及解决方案，开展标准宣贯培训，形成平台标准的制定及推广机制；三是建立与德国工业</span>4.0<span style=\"font-family:宋体\">平台、美国工业互联网联盟的对标机制，加快国际标准的国内转化，支持标准化机构及重点企业直接参与国际标准制定，推动平台标准国际对接。</span><br/> 　　(<span style=\"font-family:宋体\">二</span>)<span style=\"font-family:宋体\">培育工业互联网平台</span><br/> <span style=\"font-family:宋体\">　　工业互联网平台培育是发展工业互联网的核心任务，也是争夺产业竞争制高点的关键举措。《指导意见》中提出，平台培育要坚持“企业主导、市场选择、动态调整”，从政府政策和企业实践两端共同发力，推动工业互联网平台培育。</span><br/> <span style=\"font-family:宋体\">　　《平台指南》围绕打造跨行业跨领域、企业级两类平台目标，面向政府和企业两类主体，提出平台培育具体举措。在政府政策方面，结合《工业互联网平台评价方法》，在地方普遍发展工业互联网平台基础上，分批分期遴选跨行业跨领域平台，组织开展工业互联网试点示范</span>(<span style=\"font-family:宋体\">平台方向</span>)<span style=\"font-family:宋体\">和平台能力成熟度评价，发布重点行业工业互联网平台推荐名录，培育一批具备独立自主运营能力的特定行业、特定区域企业级平台。在企业实践方面，整合产学研用资源，围绕边缘、平台、应用三大核心层级，通过建设设备协议开放开源社区、推动基础共性技术模型化、开发预集成平台方案等，强化平台设备管理、工业机理模型开发、应用开发支持及工业</span>APP<span style=\"font-family:宋体\">创新等关键能力，加快平台建设。</span><br/> 　　(<span style=\"font-family:宋体\">三</span>)<span style=\"font-family:宋体\">推广工业互联网平台</span><br/> <span style=\"font-family:宋体\">　　建平台和用平台双轮驱动是工业互联网平台建设及推广的主线，发展工业互联网平台只有找到“杀手级”应用，才能带动新技术、新应用、新产业和商业模式的快速迭代和持续演进。当前，我国工业体系中存在大量高资源消耗、高安全风险、低利用效率的工业设备，存在大量分散割裂的企业业务系统“信息孤岛”，推动重点工业设备上云、企业业务系统上云，是有效推动工业企业上云的切入点，是实现平台应用推广的关键抓手。</span><br/> <span style=\"font-family:宋体\">　　《平台指南》围绕重点工业设备上云、企业业务系统上云、培育平台应用新模式新业态三个方面，提出平台应用推广的推进方向。一是实施工业设备上云“领跑者”计划，制定分行业、分领域重点工业设备数据云端迁移指南，鼓励平台企业在线发布核心设备运行绩效榜单和最佳工艺方案，支持建设重点工业设备运营维护专家资源库，推动高耗能流程行业设备、通用动力设备、新能源设备以及智能化设备上云，实现节能降耗、精准运维、高效发电和效益提升。二是积极推动企业业务系统上云，鼓励龙头企业打通、开放和共享业务系统，鼓励地方通过创新券、服务券等方式加大企业上云支持。三是培育平台应用新模式，组织开展工业互联网试点示范，培育平台应用新模式。</span><br/> 　　(<span style=\"font-family:宋体\">四</span>)<span style=\"font-family:宋体\">建设工业互联网平台生态</span><br/> <span style=\"font-family:宋体\">　　工业互联网平台的竞争本质上是产业生态主导权之争，构建基于工业互联网平台的生态体系是打造产业竞争新优势、抢占未来发展先机的关键途径。平台生态的构建要面向平台产品自身构建试验测试环境，聚合各方主体协同创新；面向平台承载的工业</span>APP<span style=\"font-family:宋体\">构建开发者社区，吸引社会各界参与应用创新；面向平台技术成果认定与市场化推广，建立线上新型服务体系，优化平台生态环境。</span><br/> <span style=\"font-family:宋体\">　　《平台指南》提出平台试验测试、开发者社区和新型服务体系等三方面生态建设重点。一是针对平台技术、产品和商业模式不完善的问题，构建工业互联网平台试验测试体系，通过全场景大规模的试验测试，寻求最佳技术和产品路线，加速平台核心技…t-family:宋体;background:white\">年，我国光伏发电新增装机达到</span><span style=\"background:white\">53.06GW</span><span style=\"font-family: 宋体;background:white\">，占全国电源新增发电的装机</span><span style=\"background:white\">39%</span><span style=\"font-family:宋体;background:white\">，连续</span><span style=\"background:white\">5</span><span style=\"font-family:宋体;background:white\">年光伏发电新增装机全球第一；累计装机</span><span style=\"background:white\">130.25GW</span><span style=\"font-family: 宋体;background:white\">，连续三年全球第一，占全球光伏总装机量的</span><span style=\"background:white\">32.4%</span><span style=\"font-family:宋体;background:white\">。</span><br/> <span style=\"font-family:宋体;background:white\">　　四是产业体系逐步健全。我国已基本实现常规光伏产品生产线的设备配套，浆料、背板、铝边框、光伏支架、封装胶膜、光伏玻璃、逆变器等辅材辅料和发电部件也已能够实现产业供应。随着《太阳能光伏产业综合标准化技术体系》发布实施，光伏相关标准制修订速度正在加快，检测测试认证机构正在逐步建立健全。</span><br/> <span style=\"font-family:宋体;background:white\">　　问：《行动计划》出台的主要背景是什么？</span><br/> <span style=\"font-family:宋体;background:white\">　　答：光伏行业是基于半导体技术和新能源需求而兴起并快速发展的朝阳产业，也是未来全球先进产业竞争的制高点，其重要性随着国际绿色能源需求拓展而日益凸显。</span><br/> <span style=\"font-family:宋体;background:white\">　　党的十九大报告提出，要贯彻新发展理念，加快建设制造强国，加快发展先进制造业，推动互联网、大数据、人工智能和实体经济深度融合，在创新引领、绿色低碳等领域培育新增长点、形成新动能，这对光伏产业发展提出了新的更高要求。</span><br/> <span style=\"font-family:宋体;background:white\">　　从行业发展自身来说，当前我国光伏产业发展正处于从追求规模与速度向重视效益与质量转变的关键时期，充分利用物联网、云计算、大数据、智能硬件、移动宽带互联等新一代信息技术，推动光伏产业从自动化向智能化升级，加快实现智能制造和智能应用，已成为产业发展的必然趋势。</span><br/> <span style=\"font-family:宋体;background:white\">　　综上考虑，为进一步提升我国光伏产业发展质量和效率，加快培育新产品新业态新动能，实现光伏智能创新驱动和持续健康发展，支持清洁能源智能升级及应用，按照《中国制造</span><span style=\"background:white\">2025</span><span style=\"font-family:宋体;background:white\">》和“十三五”系列规划的总体部署，相关部门共同编制了《行动计划》。</span><br/> <span style=\"font-family:宋体;background:white\">　　问：《行动计划》的总体要求和主要思路是什么？</span><br/> <span style=\"font-family:宋体;background:white\">　　答：《行动计划》的总体要求是全面贯彻党的十九大精神，以习近平新时代中国特色社会主义思想为指导，牢固树立和贯彻落实新发展理念，深入实施《中国制造</span><span style=\"background:white\">2025</span><span style=\"font-family:宋体;background:white\">》，推进供给侧结构性改革，构建智能光伏产业生态体系。</span><br/> <span style=\"font-family:宋体;background:white\">　　围绕上述要求，基于坚持市场主导、政府引导，坚持创新驱动、产用融合，坚持协同施策、分步推进等原则，通过统筹资源、协同施策，把提高供给体系质量作为主攻方向，加快发展先进制造业，加快提升光伏产业智能制造水平，推动互联网、大数据、人工智能等与光伏产业深度融合，鼓励特色行业智能光伏应用，促进我国光伏产业迈向全球价值链中高端。</span><br/> <span style=\"font-family:宋体;background:white\">　　问：《行动计划》的发展目标是如何考虑的？</span><br/> <span style=\"font-family:宋体;background:white\">　　答：从智能光伏工厂建设、智能制造技术装备突破、智能光伏产品供给、智能光伏系统建设运维、智能光伏产业发展环境等多个角度出发，《行动计划》提出了到</span><span style=\"background:white\">2020</span><span style=\"font-family:宋体;background:white\">年的总体发展目标。例如，提出智能光伏工厂建设成效显著，行业自动化、信息化、智能化取得明显进展；智能制造技术与装备实现突破，支撑光伏智能制造的软件和装备等竞争力显著提升。再如，提出智能光伏产品供应能力增强并形成品牌效应，“走出去”步伐加快；智能光伏系统建设与运维水平提升并在多领域大规模应用，形成一批具有竞争力的解决方案供应商。又如，提出智能光伏产业发展环境不断优化，人才队伍基本建立，标准体系、检测认证平台等不断完善。同时，围绕上述目标，细化为多项具体行动。</span><br/> <span style=\"font-family:宋体;background:white\">　　问：《行动计划》的重点任务有哪些？为何选择这些方向？</span><br/> <span style=\"font-family:宋体;background:white\">　　答：与发展目标相对应，《行动计划》分别从加快产业技术创新、提升智能制造水平，推动两化深度融合、发展智能光伏集成运维，促进特色行业应用示范、积极推动绿色发展，完善技术标准体系、加快公共服务平台建设等四大领域，提出了相关重点任务。</span><br/> <span style=\"font-family:宋体;background:white\">　　一是提升行业智能制造水平，推动光伏基础材料、先进太阳能电池及部件生产的智能升级，提高光伏产品全周期信息化管理水平。例如，目前我国重点企业电池和组件生产自动化水平已经得到明显提升，但在多晶硅后端处理、铸锭</span><span style=\"background:white\">/</span><span style=\"font-family:宋体;background:white\">拉棒到切片等环节的自动化水平还有待提升。同时，虽然生产自动化已经取得一定进步，但行业生产制造的信息化、智能化水平仍较低，需进一步提升。</span><span style=\"background:white\"> </span><br/> <span style=\"font-family:宋体;background:white\">　　二是提升智能光伏产品和技术供给能力。智能光伏产品应用、光伏系统智能集成与运维能有效提升光伏系统设计能力、提升发电量、降低建设与运维成本，是降低光伏发电成本的重要途径。目前行业已经在研发相关的智能光伏产品，并在推动光伏系统智能集成与运维，但相关产品供给能力仍然有限，技术尚待完善，采用无人机、自动清洗机器人等智能集成与运维技术仍有场景限制，还未大规模推广，需进一步加以扶持。此外，针对分布式光伏市场提出加快发展安全可靠、优质高效、使用便利的户用智能光伏产品，并鼓励光伏与其他行业相结合发展新型光伏产品。</span><br/> <span style=\"font-family:宋体;background:white\">　　三是促进特色行业应用示范，联合相关部委共同开展智能光伏工业园区、智能光伏建筑及城镇、智能光伏交通、智能光伏农业、智能光伏电站、智能光伏扶贫等应用示范。统筹多方力量促进智能光伏发展。在不同行业不同领域推进智能光伏产品、系统和服务的应用，为智能光伏产业发展创造广阔市场空间，从而拉动智能光伏产品、系统和服务供给能力的提升。特别是积极推动高转换效率、高可靠性能的智能光伏产品在一些典型行业加快推广应用，既能促进智能光伏产品加快高质量发展的步伐，也可通过应用模式的创新进一步激发光伏产业转型升级的活力。</span><br/> <span style=\"font-family:宋体;background:white\">　　四是完善智能光伏产业发展环境，建立健全智能光伏技术标准体系，加快建设研发、检测认证、科技服务、孵化器等智能光伏公共服务平台。产业发展，标准先行，推动智能光伏产业发展，需建立从智能光伏产品与测试方法、智能生产与评价到光伏系统智能运维等领域的标准体系，同时支持各环节的检测认证工作，以规范产业发展。此外，也需为智能光伏领域相关企业提供技术研发、产品设计、众创众筹等创新创业环境。</span><br/> <span style=\"font-family:宋体;background:white\">　　问：如何保障《行动计划》的实施？</span><br/> <span style=\"font-family:宋体;background:white\">　　答：为保障各项重点任务的落实，《行动计划》提出四方面保障措施。</span><br/> <span style=\"font-family:宋体;background:white\">　　一是加强组织协调和政策协同。六部门将建立统筹协调工作机制，协作配合，形成合力，同时充分发挥地方相关主管部门力量，确保行动计划各项任务措施落实到位。</span><span style=\"background:white\"> </span><br/> <span style=\"font-family:宋体;background:white\">　　二是推动智能光伏试点应用。培育一批国家智能光伏示范企业，支持若干行业特色智能光伏项目建设，探索智能光伏建设先进模式并加强全国推广。</span><br/> <span style=\"font-family:宋体;background:white\">　　三是加大多元化资金投入。建立智能光伏领域产业发展基金，引导多方资本促进智能光伏产业发展。充分利用多种渠道，加大对智能光伏产业扶持力度。</span><span style=\"background:white\"> </span><br/> <span style=\"font-family:宋体;background:white\">　　四是促进光伏市场规范有序发展。逐步完善相关标准检测认证等体系，建立智能光伏产品及服务推广目录，加强行业协会、中介机构等对消费者的使用培训服务。</span><br/> <br/> </p><p><br/></p>', 1, 0, NULL, '2018-08-04 10:52:52', 1, '工业互联网', 100001, '2018-08-04 10:52:46', NULL, NULL);

-- ----------------------------
-- Table structure for geic_news_count
-- ----------------------------
DROP TABLE IF EXISTS `geic_news_count`;
CREATE TABLE `geic_news_count`  (
  `news_id` int(11) NOT NULL COMMENT '新闻ID',
  `view_count` int(10) NULL DEFAULT NULL COMMENT '浏览次数',
  PRIMARY KEY (`news_id`) USING BTREE
) ENGINE = InnoDB CHARACTER SET = utf8 COLLATE = utf8_general_ci COMMENT = '新闻浏览次数记录表' ROW_FORMAT = Dynamic;

-- ----------------------------
-- Records of geic_news_count
-- ----------------------------
INSERT INTO `geic_news_count` VALUES (10000, 68);
INSERT INTO `geic_news_count` VALUES (10001, 56);
INSERT INTO `geic_news_count` VALUES (10002, 44);
INSERT INTO `geic_news_count` VALUES (10011, 1);
INSERT INTO `geic_news_count` VALUES (10087, 24);
INSERT INTO `geic_news_count` VALUES (10088, 13);
INSERT INTO `geic_news_count` VALUES (10089, 18);
INSERT INTO `geic_news_count` VALUES (10090, 19);
INSERT INTO `geic_news_count` VALUES (10091, 12);
INSERT INTO `geic_news_count` VALUES (10092, 28);
INSERT INTO `geic_news_count` VALUES (10093, 24);
INSERT INTO `geic_news_count` VALUES (10094, 27);
INSERT INTO `geic_news_count` VALUES (10095, 160);
INSERT INTO `geic_news_count` VALUES (10096, 22);
INSERT INTO `geic_news_count` VALUES (10097, 5);
INSERT INTO `geic_news_count` VALUES (10098, 43);
INSERT INTO `geic_news_count` VALUES (10099, 1);
INSERT INTO `geic_news_count` VALUES (10100, 10);
INSERT INTO `geic_news_count` VALUES (10101, 5);
INSERT INTO `geic_news_count` VALUES (10102, 12);
INSERT INTO `geic_news_count` VALUES (100952, 1);
INSERT INTO `geic_news_count` VALUES (111111, 3);
INSERT INTO `geic_news_count` VALUES (1000011, 3);

-- ----------------------------
-- Table structure for geic_online_message
-- ----------------------------
DROP TABLE IF EXISTS `geic_online_message`;
CREATE TABLE `geic_online_message`  (
  `msg_id` int(11) NOT NULL AUTO_INCREMENT COMMENT '留言主键ID',
  `title` varchar(50) CHARACTER SET utf8 COLLATE utf8_general_ci NULL DEFAULT NULL COMMENT '留言标题',
  `name` varchar(50) CHARACTER SET utf8 COLLATE utf8_general_ci NULL DEFAULT NULL COMMENT '姓名',
  `mobile` varchar(20) CHARACTER SET utf8 COLLATE utf8_general_ci NULL DEFAULT NULL COMMENT '电话',
  `email` varchar(50) CHARACTER SET utf8 COLLATE utf8_general_ci NULL DEFAULT NULL COMMENT '邮箱',
  `content` varchar(500) CHARACTER SET utf8 COLLATE utf8_general_ci NULL DEFAULT NULL COMMENT '留言内容',
  `msg_time` datetime NULL DEFAULT NULL COMMENT '留言时间',
  `status` tinyint(2) NULL DEFAULT NULL COMMENT '状态0未处理1已处理',
  `operate_time` datetime NULL DEFAULT NULL COMMENT '留言处理时间',
  `operate_id` int(11) NULL DEFAULT NULL COMMENT '留言处理人ID',
  `msg_userId` int(11) NULL DEFAULT NULL COMMENT '留言人ID（游客为空）',
  PRIMARY KEY (`msg_id`) USING BTREE
) ENGINE = InnoDB AUTO_INCREMENT = 10036 CHARACTER SET = utf8 COLLATE = utf8_general_ci COMMENT = '在线留言表' ROW_FORMAT = Dynamic;

-- ----------------------------
-- Table structure for geic_online_order
-- ----------------------------
DROP TABLE IF EXISTS `geic_online_order`;
CREATE TABLE `geic_online_order`  (
  `order_id` int(11) NOT NULL AUTO_INCREMENT COMMENT '预约ID',
  `product_id` int(11) NOT NULL COMMENT '产品ID',
  `user_id` int(11) NOT NULL COMMENT '预约操作用户ID',
  `product_type` tinyint(2) NULL DEFAULT NULL COMMENT '产品类型（0软件超市1产品2解决方案）',
  `order_name` varchar(50) CHARACTER SET utf8 COLLATE utf8_general_ci NULL DEFAULT NULL COMMENT '预约人名称',
  `order_mobile` varchar(20) CHARACTER SET utf8 COLLATE utf8_general_ci NULL DEFAULT NULL COMMENT '预约人电话',
  `order_email` varchar(50) CHARACTER SET utf8 COLLATE utf8_general_ci NULL DEFAULT NULL COMMENT '预约人邮箱',
  `order_desc` varchar(255) CHARACTER SET utf8 COLLATE utf8_general_ci NULL DEFAULT NULL COMMENT '预约内容描述',
  `order_time` datetime NULL DEFAULT NULL COMMENT '预约时间',
  `order_status` tinyint(2) NULL DEFAULT NULL COMMENT '预约状态0删除1未处理2已处理',
  `update_id` int(11) NULL DEFAULT NULL COMMENT '更新人ID',
  `update_time` datetime NULL DEFAULT NULL COMMENT '更新时间（用户删除等更新操作）',
  `operate_time` datetime NULL DEFAULT NULL COMMENT '操作时间',
  `operate_id` int(11) NULL DEFAULT NULL COMMENT '操作人ID（后台对预约信息处理操作）',
  PRIMARY KEY (`order_id`) USING BTREE
) ENGINE = InnoDB AUTO_INCREMENT = 51 CHARACTER SET = utf8 COLLATE = utf8_general_ci COMMENT = '在线预约表' ROW_FORMAT = Dynamic;

-- ----------------------------
-- Table structure for geic_online_service
-- ----------------------------
DROP TABLE IF EXISTS `geic_online_service`;
CREATE TABLE `geic_online_service`  (
  `chat_id` int(11) NOT NULL AUTO_INCREMENT COMMENT '聊天记录ID',
  `user_id` int(11) NULL DEFAULT NULL COMMENT '用户ID',
  `user_name` varchar(50) CHARACTER SET utf8 COLLATE utf8_general_ci NULL DEFAULT NULL COMMENT '用户姓名',
  `send_id` int(11) NULL DEFAULT NULL COMMENT '发送人ID',
  `send_time` datetime NULL DEFAULT NULL COMMENT '发送时间',
  `history_content` text CHARACTER SET utf8 COLLATE utf8_general_ci NULL COMMENT '聊天内容',
  `send_name` varchar(50) CHARACTER SET utf8 COLLATE utf8_general_ci NULL DEFAULT NULL COMMENT '发送人姓名',
  PRIMARY KEY (`chat_id`) USING BTREE
) ENGINE = InnoDB AUTO_INCREMENT = 1 CHARACTER SET = utf8 COLLATE = utf8_general_ci COMMENT = '在线客服记录表' ROW_FORMAT = Dynamic;

-- ----------------------------
-- Table structure for geic_online_service_library
-- ----------------------------
DROP TABLE IF EXISTS `geic_online_service_library`;
CREATE TABLE `geic_online_service_library`  (
  `id` int(11) NOT NULL AUTO_INCREMENT COMMENT '知识库ID',
  `parent_id` int(11) NULL DEFAULT NULL COMMENT '父知识库ID',
  `type` tinyint(2) NULL DEFAULT NULL COMMENT '类型0知识节点1知识内容',
  `keyword` varchar(50) CHARACTER SET utf8 COLLATE utf8_general_ci NULL DEFAULT NULL COMMENT '关键词',
  `content` varchar(255) CHARACTER SET utf8 COLLATE utf8_general_ci NULL DEFAULT NULL COMMENT '知识库内容',
  `sort` tinyint(2) NULL DEFAULT NULL COMMENT '顺序',
  `status` tinyint(2) NULL DEFAULT NULL COMMENT '状态0在用1删除',
  `title` varchar(255) CHARACTER SET utf8 COLLATE utf8_general_ci NULL DEFAULT NULL COMMENT '知识库标题',
  `create_id` int(11) NULL DEFAULT NULL COMMENT '创建人ID',
  `create_time` datetime NULL DEFAULT NULL COMMENT '创建时间',
  `update_id` int(11) NULL DEFAULT NULL COMMENT '更新人ID',
  `update_time` datetime NULL DEFAULT NULL COMMENT '更新时间',
  PRIMARY KEY (`id`) USING BTREE
) ENGINE = InnoDB AUTO_INCREMENT = 1 CHARACTER SET = utf8 COLLATE = utf8_general_ci COMMENT = '在线客服知识库表' ROW_FORMAT = Dynamic;

-- ----------------------------
-- Table structure for geic_partner
-- ----------------------------
DROP TABLE IF EXISTS `geic_partner`;
CREATE TABLE `geic_partner`  (
  `partner_id` int(11) NOT NULL AUTO_INCREMENT COMMENT '合作伙伴ID',
  `partner_name` varchar(255) CHARACTER SET utf8 COLLATE utf8_general_ci NULL DEFAULT NULL COMMENT '合作伙伴名称',
  `partner_icon` varchar(100) CHARACTER SET utf8 COLLATE utf8_general_ci NULL DEFAULT NULL COMMENT '合作伙伴图标',
  `status` tinyint(2) NULL DEFAULT NULL COMMENT '状态（0删除1正常2未发布）',
  `create_id` int(11) NULL DEFAULT NULL COMMENT '创建人ID',
  `create_time` datetime NULL DEFAULT NULL COMMENT '创建时间',
  `update_id` int(11) NULL DEFAULT NULL COMMENT '更新人ID',
  `update_time` datetime NULL DEFAULT NULL COMMENT '更新时间',
  PRIMARY KEY (`partner_id`) USING BTREE
) ENGINE = InnoDB AUTO_INCREMENT = 7 CHARACTER SET = utf8 COLLATE = utf8_general_ci COMMENT = '合作伙伴表' ROW_FORMAT = Dynamic;

-- ----------------------------
-- Records of geic_partner
-- ----------------------------
INSERT INTO `geic_partner` VALUES (1, 'ptc', '/static/pic/home/logo_ptc.png', 1, 100001, '2018-07-16 17:50:02', NULL, NULL);
INSERT INTO `geic_partner` VALUES (2, 'sap', '/static/pic/home/logo_sap.png', 1, 100001, '2018-07-17 17:50:07', NULL, NULL);
INSERT INTO `geic_partner` VALUES (3, 'jd', '/static/pic/home/logo-jd.png', 1, 100001, '2018-07-19 17:50:10', NULL, NULL);
INSERT INTO `geic_partner` VALUES (4, 'yc', '/static/pic/home/logo_yc.png', 1, 100001, '2018-07-20 17:50:14', NULL, NULL);
INSERT INTO `geic_partner` VALUES (5, 'sd', '/static/pic/home/logo_sd.png', 1, 100001, '2018-07-21 17:50:19', NULL, NULL);
INSERT INTO `geic_partner` VALUES (6, 'qw', '/static/pic/home/web_banner1.jpg', 2, 100002, '2018-07-22 17:50:22', NULL, NULL);

-- ----------------------------
-- Table structure for geic_product_application
-- ----------------------------
DROP TABLE IF EXISTS `geic_product_application`;
CREATE TABLE `geic_product_application`  (
  `application_id` int(11) NOT NULL AUTO_INCREMENT COMMENT '应用场景ID',
  `product_id` int(11) NOT NULL COMMENT '产品ID',
  `application_title` varchar(100) CHARACTER SET utf8 COLLATE utf8_general_ci NULL DEFAULT NULL COMMENT '应用场景标题',
  `application_image` varchar(100) CHARACTER SET utf8 COLLATE utf8_general_ci NULL DEFAULT NULL COMMENT '应用场景图标',
  `application_content` text CHARACTER SET utf8 COLLATE utf8_general_ci NULL COMMENT '应用场景内容',
  `sort` tinyint(2) NULL DEFAULT NULL COMMENT '顺序',
  `status` tinyint(2) NULL DEFAULT NULL COMMENT '状态',
  `create_id` int(11) NULL DEFAULT NULL COMMENT '创建人ID',
  `create_time` datetime NULL DEFAULT NULL COMMENT '创建时间',
  `update_id` int(11) NULL DEFAULT NULL COMMENT '更新人ID',
  `update_time` datetime NULL DEFAULT NULL COMMENT '更新时间',
  PRIMARY KEY (`application_id`) USING BTREE
) ENGINE = InnoDB AUTO_INCREMENT = 28 CHARACTER SET = utf8 COLLATE = utf8_general_ci COMMENT = '产品-应用场景表' ROW_FORMAT = Compact;

-- ----------------------------
-- Records of geic_product_application
-- ----------------------------
INSERT INTO `geic_product_application` VALUES (1, 300101, '环境监测', '/upload/image/product/product-a1.png', '可用于工厂、工地、仓储、医院、学校、商业区等场景的环境监测。通过传感器和摄像头全方位、全天候检测环境数据，如：温度、湿度、噪音、污染物（PM2.5、PM10）、有害气体（甲醛和挥发物）等。支持政府、企业以及民众以不同的视图使用环境监测应用。', 1, 1, 100001, '2018-07-04 14:38:54', NULL, NULL);
INSERT INTO `geic_product_application` VALUES (2, 300101, '智能制造', '/upload/image/product/product-a2.png', '可用于工厂等场景的产品质量检验，如缺陷检测。通过摄像头检测生产线上组装完成的产品是否存在缺陷，对良品和次品图像进行采集，根据采集的图像数据训练模型，检测出次品触发告警。', 2, 1, 100001, '2018-07-04 14:38:54', NULL, NULL);
INSERT INTO `geic_product_application` VALUES (3, 300101, '冷链监测', '/upload/image/product/product-a3.png', '可用于血液、疫苗、药品、样本等存储或运输场景的冷链监测。通过温湿度、GPS传感器实时监测冷链车、冷链仓库和保温箱等的温湿度以及对应的位置信息，设置报警触发器，对异常情况进行报警。', 3, 1, 100001, '2018-07-04 14:38:54', NULL, NULL);
INSERT INTO `geic_product_application` VALUES (4, 300102, '石油化工巡检', '/upload/image/product/product-a2_1.png', '石化行业管道距离较远且布局繁琐，炼塔及操作平台高度较高，个别人员作业区域属于有毒有害或密闭空间，巡检过程耗时较长。应用智能巡检产品，保持设备安全、经济高效运行，提升维保人员工作责任心和管理水平。', 1, 1, 100001, '2018-07-04 14:38:54', NULL, NULL);
INSERT INTO `geic_product_application` VALUES (5, 300102, '电力线路巡检', '/upload/image/product/product-a2_2.png', '传统的电力运维及管理模式已不能适应智能电网快速发展的需求，通过智能巡检产品对输电环节、变电环节、配电环节实现全面的智能化的巡检和监测，提高预警能力和信息化水平；', 2, 1, 100001, '2018-07-04 14:38:54', NULL, NULL);
INSERT INTO `geic_product_application` VALUES (6, 300102, '工厂设备点检', '/upload/image/product/product-a2_3.png', '为了确保工厂大型设备不间断的运行，避免意外停机或机组设备事故的发生，在管理上必须采取定时的设备巡检方式对设备进行日常管理和维护。传统的人工点检往往不能满足目前设备量以及企业发展需求，各类工厂也在探索采用现代化的巡检手段以提升巡检效率。', 3, 1, 100001, '2018-07-04 14:38:54', NULL, NULL);
INSERT INTO `geic_product_application` VALUES (7, 300102, '煤矿安全巡检', '/upload/image/product/product-a2_4.png', '煤矿安全事故频发，主要包括瓦斯爆炸、塌方、渗水。究其原因主要是没有按照规定进行严格的安全检查，从而导致有问题没有及时发现、处理，以致造成严重后果。智能巡检产品可应对现有在线瓦斯安全报警系统的局限和传统巡检模式的弊端，提高安全保障。', 4, 1, 100001, '2018-07-04 14:38:54', NULL, NULL);
INSERT INTO `geic_product_application` VALUES (8, 300104, '桌面式设备 ', '/upload/image/product/product-a4_1.png', '设备轻便、成本低廉，适用于小微企业、临时办公地点等安全网络接入，支持4G无线通信能力', 1, 1, 100001, '2018-07-04 14:38:54', NULL, NULL);
INSERT INTO `geic_product_application` VALUES (9, 300104, '机架式设备', '/upload/image/product/product-a4_2.png', '强大的处理能力，丰富的虚拟专网、网络安全及网络管控功能，成本适中，适用于大中型企业，快速组建虚拟专用网络，满足其他增值服务', 2, 1, 100001, '2018-07-04 14:38:54', NULL, NULL);
INSERT INTO `geic_product_application` VALUES (10, 300104, '云化部署', '/upload/image/product/product-a4_3.png', '软件功能云化，用户侧无需部署硬件，实现云网协同、云端管控、云化安全，信息化水平高，免去硬件部署，适用于私有云、公有云及有云化需求的企业', 3, 1, 100001, '2018-07-04 14:38:54', NULL, NULL);
INSERT INTO `geic_product_application` VALUES (17, 300103, '工业内网：数控机床互联', '/upload/image/product/product-a3_1.png', '面向制造类企业，实现生产设备运行状态可视化监测，和数字化反向控制', 1, 1, 100001, '2018-07-04 14:38:54', NULL, NULL);
INSERT INTO `geic_product_application` VALUES (18, 300103, '工业外网：机电设备互联', '/upload/image/product/product-a3_2.png', '面向钢铁、煤矿，实现机电设备可视化状态监测和全生命周期的维保服务', 1, 1, 100001, '2018-07-04 14:38:54', NULL, NULL);
INSERT INTO `geic_product_application` VALUES (19, 300105, '多种IP VPN部署', '/upload/image/product/product-a4_3.png', '在厂区网络出口处部署SD-WAN网关，一台网关集成IPsec、SSL、L2TP、GRE等多种VPN，企业管理员通过集中管理平台进行操作，傻瓜式、一次性配置各节点VPN功能。', 1, 1, 100001, '2018-09-19 11:01:11', NULL, NULL);
INSERT INTO `geic_product_application` VALUES (20, 300105, '网络安全管控', '/upload/image/product/product-a4_3.png', '企业管理员通过集中管理平台向子公司SD-WAN网关配置入侵检测、防病毒功能、DDoS功能等安全功能，企业管理员可随时对功能进行增、删、改操作。', 2, 1, 100001, '2018-09-19 11:01:11', NULL, NULL);
INSERT INTO `geic_product_application` VALUES (21, 300105, '网络精细化管理', '/upload/image/product/product-a4_3.png', '在企业网络出口处部署SD-WAN网关，通过管理平台，统一配置网络探针和DPI功能，设置流量协议黑白名单，以及异常报警阈值。', 3, 1, 100001, '2018-09-19 11:01:12', NULL, NULL);
INSERT INTO `geic_product_application` VALUES (22, 300105, '低成本MPLS VPN', '/upload/image/product/product-a4_3.png', '在总部、分支机构出口处分别部署SD-WAN网关，通过集中管理平台，配置各网关的MPLS-VPN功能，完成MPLS虚拟专网的搭建，有效降低组网成本。', 4, 1, 100001, '2018-09-19 11:01:12', NULL, NULL);
INSERT INTO `geic_product_application` VALUES (23, 300105, '云网一体化', '/upload/image/product/product-a4_3.png', '在公有云、私有云上实现SD-WAN软件功能云化部署，打通私有云和公有云之间的隧道，组建混合云，形成云-云、云-站点间一体化组网。', 5, 1, 100001, '2018-09-19 11:01:12', NULL, NULL);
INSERT INTO `geic_product_application` VALUES (24, 300105, ' 园区带宽动态调整（BOD）', '/upload/image/product/product-a4_3.png', '通过登录集中管理平台，提交带宽调整信息，无需向运营商申请。通过在线自助操作和开通，可对网络带宽进行动态调整。', 6, 1, 100001, '2018-09-19 11:01:12', NULL, NULL);
INSERT INTO `geic_product_application` VALUES (25, 300106, '油气管道巡检', '/upload/image/product/product-a2_1.png', '自动配置巡检任务，并通过终端实时推送给巡检人员。巡检人员根据任务及规定路线在规定时间内进行巡检时，进行实时路线导航。', 1, 1, 100001, '2018-09-19 11:25:38', NULL, NULL);
INSERT INTO `geic_product_application` VALUES (26, 300106, '电力线路巡检', '/upload/image/product/product-a2_2.png', '可精确定位巡检人员的作业位置。对第三方破坏、线路塔架异常、绝缘子破损等情况（点选式故障问题）进行实时上报，对故障进行检修处理。', 2, 1, 100001, '2018-09-19 11:25:40', NULL, NULL);
INSERT INTO `geic_product_application` VALUES (27, 300106, '厂内设备点检', '/upload/image/product/product-a2_3.png', '班组长预先进行点检任务计划，巡检员定时填报相关数据。与设备故障数据库中历史正常数据进行比对，发现异常自动提示巡检员上报问题。', 3, 1, 100001, '2018-09-19 11:25:42', NULL, NULL);

-- ----------------------------
-- Table structure for geic_product_case
-- ----------------------------
DROP TABLE IF EXISTS `geic_product_case`;
CREATE TABLE `geic_product_case`  (
  `case_id` int(11) NOT NULL AUTO_INCREMENT COMMENT '客户案例ID',
  `product_id` int(11) NOT NULL COMMENT '产品ID',
  `case_title` varchar(100) CHARACTER SET utf8 COLLATE utf8_general_ci NULL DEFAULT NULL COMMENT '客户案例标题',
  `case_image` varchar(100) CHARACTER SET utf8 COLLATE utf8_general_ci NULL DEFAULT NULL COMMENT '客户案例简图',
  `case_content` varchar(255) CHARACTER SET utf8 COLLATE utf8_general_ci NULL DEFAULT NULL COMMENT '客户案例内容',
  `sort` tinyint(2) NULL DEFAULT NULL COMMENT '排序',
  `status` tinyint(2) NULL DEFAULT NULL COMMENT '状态',
  `create_id` int(11) NULL DEFAULT NULL COMMENT '创建人ID',
  `create_time` datetime NULL DEFAULT NULL COMMENT '创建时间',
  `update_id` int(11) NULL DEFAULT NULL COMMENT '更新人ID',
  `update_time` datetime NULL DEFAULT NULL COMMENT '更新时间',
  PRIMARY KEY (`case_id`) USING BTREE
) ENGINE = InnoDB AUTO_INCREMENT = 5 CHARACTER SET = utf8 COLLATE = utf8_general_ci COMMENT = '产品-客户案例表' ROW_FORMAT = Compact;

-- ----------------------------
-- Records of geic_product_case
-- ----------------------------
INSERT INTO `geic_product_case` VALUES (1, 300101, '东信北邮机房监控项目', '/upload/image/product/product-1.png', '公司机房对于企业来说是军机重地，公司的各项业务的正常运转都依赖于机房中各服务器等设备的正常运行，因此机房的安全防护尤为重要。通过在机房部署监控摄像头、温湿度传感器及烟火感传感器等，监测机房的各环境数据，通过智能监测平台实时展示给监控人员。当环境数据超出阈值，触发告警机制，通过邮件、短信、微信小程序等方式通知监控人员，以便及时处理突发状况。', 1, 1, 100001, '2018-07-04 14:38:54', NULL, NULL);
INSERT INTO `geic_product_case` VALUES (2, 300102, '广西玉柴设备点检项目', '/upload/image/product/product_c2_1.png', '广西玉柴设备点检项目', 1, 1, 100001, '2018-07-04 14:38:54', NULL, NULL);
INSERT INTO `geic_product_case` VALUES (3, 300103, '广西玉柴集团客户', '/upload/image/product/product_c3_1.png', '为广西玉柴集团客户提供超过50种工业级协议解析能力，并实现100+台工段设备的互联接入和三维数据分析展现\r\n', 1, 1, 100001, '2018-07-04 14:38:54', NULL, NULL);
INSERT INTO `geic_product_case` VALUES (4, 300105, '玉柴跨区域VPN组网及网络安全防护', '/upload/image/product/product_c5_1.png', '通过中国移动SD-WAN产品在玉柴玉林厂区、南宁工程研究院和德国研发中心间搭建跨区域VPN专网，实现跨机构、跨厂区组网和网络管控，对工业数据安全实现有效防护。', 1, 1, 100001, '2018-09-19 11:02:56', NULL, NULL);

-- ----------------------------
-- Table structure for geic_product_feature
-- ----------------------------
DROP TABLE IF EXISTS `geic_product_feature`;
CREATE TABLE `geic_product_feature`  (
  `feature_id` int(11) NOT NULL AUTO_INCREMENT COMMENT '功能描述ID',
  `product_id` int(11) NOT NULL COMMENT '产品ID',
  `feature_title` varchar(100) CHARACTER SET utf8 COLLATE utf8_general_ci NULL DEFAULT NULL COMMENT '功能描述名称',
  `feature_image` varchar(100) CHARACTER SET utf8 COLLATE utf8_general_ci NULL DEFAULT NULL COMMENT '功能描述图标',
  `feature_content` text CHARACTER SET utf8 COLLATE utf8_general_ci NULL COMMENT '功能描述内容',
  `sort` tinyint(2) NULL DEFAULT NULL COMMENT '顺序',
  `status` tinyint(2) NULL DEFAULT NULL COMMENT '状态',
  `create_id` int(11) NULL DEFAULT NULL COMMENT '创建人ID',
  `create_time` datetime NULL DEFAULT NULL COMMENT '创建时间',
  `update_id` int(11) NULL DEFAULT NULL COMMENT '更新人ID',
  `update_time` datetime NULL DEFAULT NULL COMMENT '更新时间',
  PRIMARY KEY (`feature_id`) USING BTREE
) ENGINE = InnoDB AUTO_INCREMENT = 35 CHARACTER SET = utf8 COLLATE = utf8_general_ci COMMENT = '产品-功能描述表' ROW_FORMAT = Compact;

-- ----------------------------
-- Records of geic_product_feature
-- ----------------------------
INSERT INTO `geic_product_feature` VALUES (1, 300101, '环境监测', 'icon-product_', '实时采集和上报各个监测站点的环境指标数据。行业客户可根据自身需要，定义预警阀值、锁定监控重点区域和目标。当环境指标接近或超出预设阀值时，系统自动发送告警信息。', 1, 1, 100001, '2018-07-04 14:38:54', NULL, NULL);
INSERT INTO `geic_product_feature` VALUES (2, 300101, '图像处理', 'icon-product_1', '基于图像分析技术，支持恶劣环境、夜间环境下的成像处理，提供满足全天候监控、人脸识别、人流统计、区域入侵等图像处理功能。', 2, 1, 100001, '2018-07-04 14:38:54', NULL, NULL);
INSERT INTO `geic_product_feature` VALUES (3, 300101, '终端管理', 'icon-product_2', '支持视频监控终端、环境传感器、数据传输单元等终端的统一接入和认证，提供客户自服务界面，实时监控客户侧终端的运行状态，进行终端参数的动态配置。', 3, 1, 100001, '2018-07-04 14:38:54', NULL, NULL);
INSERT INTO `geic_product_feature` VALUES (4, 300101, '融合呈现', 'icon-product_3', '支持传感器数据与视频图像的融合呈现，对不同监测区域的动态实时切换。支持通过GPS/基站定位，实现对移动场景下监控终端的实时定位和地图标记。', 4, 1, 100001, '2018-07-04 14:38:54', NULL, NULL);
INSERT INTO `geic_product_feature` VALUES (5, 300102, '巡检管理', 'icon-product_11', '落实用户设备相关的检查制度，自定义设备巡检分类、项目、指标、异常项，生成巡检模板。', 1, 1, 100001, '2018-07-04 14:38:54', NULL, NULL);
INSERT INTO `geic_product_feature` VALUES (6, 300102, '查看任务', 'icon-product_6', '用户在该模块可以快速查看属于当前用户的所有的工作任务。', 2, 1, 100001, '2018-07-04 14:38:54', NULL, NULL);
INSERT INTO `geic_product_feature` VALUES (7, 300102, '设备定位', 'icon-router', '通过扫描RFID标签、条形码和直接查询三种方式来定位巡检设备，支持现场巡检照片、语音和视频的上传。', 3, 1, 100001, '2018-07-04 14:38:54', NULL, NULL);
INSERT INTO `geic_product_feature` VALUES (8, 300102, '远程协同', 'icon-transfer', ' 支持实时图文上传、即时语音沟通和实时视频查看等功能，支持远程监控设备运行情况，故障诊断，实现远程指导人员维修。', 4, 1, 100001, '2018-07-04 14:38:54', NULL, NULL);
INSERT INTO `geic_product_feature` VALUES (9, 300102, '信息存储', 'icon-product_5', '系统存储设备的入库、发放、报废等信息，便于信息的调取，并提供设备档案信息的快速导入导出功能。', 5, 1, 100001, '2018-07-04 14:38:54', NULL, NULL);
INSERT INTO `geic_product_feature` VALUES (10, 300102, '统计分析', 'icon-product_7', '以KPI的方式对设备状态、工单完成情况进行统计分析，以便了解设备的运行情况，及时处理异常情况。', 6, 1, 100001, '2018-07-04 14:38:54', NULL, NULL);
INSERT INTO `geic_product_feature` VALUES (11, 300104, '为互联网提供增值服务', 'icon-product_8', '可提供VPN、网络安全、上网行为管控和用户自服务等多种增值服务，降低企业成本', 1, 1, 100001, '2018-07-04 14:38:54', NULL, NULL);
INSERT INTO `geic_product_feature` VALUES (12, 300104, '低成本MPLS VPN', 'icon-product_9', '可基于互联网组建低成本MPLS VPN ，兼容其它运营商网络', 2, 1, 100001, '2018-07-04 14:38:54', NULL, NULL);
INSERT INTO `geic_product_feature` VALUES (13, 300104, '为数据专线提供增值服务', 'icon-product_10', '可提供网络安全、上网行为管控、网络可视化管理等多种增值服务。', 3, 1, 100001, '2018-07-04 14:38:54', NULL, NULL);
INSERT INTO `geic_product_feature` VALUES (15, 300104, '构建跨数据中心网络', 'icon-product_4', 'SD-WAN打通了两个云之间的二层网络，服务器迁移不需更改IP地址。', 5, 1, 100001, '2018-07-04 14:38:54', NULL, NULL);
INSERT INTO `geic_product_feature` VALUES (16, 300105, '分钟级VPN组网', 'icon-product_1', '支持IPSec、SSL、GRE、低成本MPLS VPN接入，用户通过集中管理平台远程配置。', 1, 1, 100001, '2018-09-19 10:53:05', NULL, NULL);
INSERT INTO `geic_product_feature` VALUES (17, 300105, '网关云化部署', 'icon-product_2', '通过虚拟化技术构建云网关，部署不同的虚拟机实现路由交换、安全、隧道等多种功能。', 2, 1, 100001, '2018-09-19 10:53:46', NULL, NULL);
INSERT INTO `geic_product_feature` VALUES (18, 300105, '混合云组网', 'icon-product_3', '采用VxLAN技术实现公有云、私有云之间网络连接，实现云端应用的数据传输。', 3, 1, 100001, '2018-09-19 10:53:46', NULL, NULL);
INSERT INTO `geic_product_feature` VALUES (19, 300105, '状态化防火墙', 'icon-product_4', '可以根据流量上下文进行管理和控制，支持报文过滤、地址翻译、状态机调整等功能。', 4, 1, 100001, '2018-09-19 10:53:46', NULL, NULL);
INSERT INTO `geic_product_feature` VALUES (20, 300105, '防病毒', 'icon-product_5', '支持对木马、病毒、蠕虫和其他恶意程序的检测和阻挡以及数据包内容扫描功能', 5, 1, 100001, '2018-09-19 10:53:47', NULL, NULL);
INSERT INTO `geic_product_feature` VALUES (21, 300105, '网关即插即用', 'icon-product_6', '出厂前预先配置网关功能简化网关安装配置过程，开机即可自动连接到管理平台。', 6, 1, 100001, '2018-09-19 10:53:47', NULL, NULL);
INSERT INTO `geic_product_feature` VALUES (24, 300103, 'DTU', 'icon-homepage_1', '<h1>\r\n	功能特点：\r\n</h1>\r\n&nbsp; &nbsp; DTU具备工业级端子排线接线,提供串口数据双向转换，内部封装PPP拨号协议以及TCP/IP协议栈，具备嵌入式操作系统，支持复杂工业环境的安装和部署， 能够为客户设备和数据服务中心/云平台快速搭建通信链路，且满足低耗要求，具备使用简单、建设周期短、成本低的特点。<br />\r\n<br />\r\n<p style=\"margin-left:0in;text-align:left;\">\r\n	<br />\r\n</p>\r\n<h3>\r\n	连线时机可控\r\n</h3>\r\n&nbsp; &nbsp; DTU具有连接次数可控、拦截间隔可控、以及连接中断间隔可控功能，为用户节约流量开销。<br />\r\n<p style=\"margin-left:0in;text-align:left;\">\r\n</p>\r\n<h3>\r\n	唤醒方式灵活\r\n</h3>\r\n&nbsp; &nbsp; 当DTU工作在空闲下线模式时，有2种方式可以唤醒DTU。即本地唤醒式和远程唤醒的方式。&nbsp;<br />\r\n<p style=\"margin-left:0in;text-align:left;\">\r\n</p>\r\n<h3>\r\n	保持永久在线\r\n</h3>\r\n&nbsp; &nbsp; 当长时间没有数据通信时，移动网关将断开DTU与中心的连接，以保持连接不被断开，支持断线自动重连、自动拨号等特点。<br />\r\n<p style=\"margin-left:0in;text-align:left;\">\r\n</p>\r\n<h3>\r\n	远程参数配置\r\n</h3>\r\n&nbsp; &nbsp; 支持云管理平台，数据中心服务器、短信、云平台远程参数配置<br />\r\n', 1, 1, 100001, '2018-07-04 14:38:54', NULL, NULL);
INSERT INTO `geic_product_feature` VALUES (25, 300103, '使能平台', 'icon-homepage_4', '<h2>\r\n	连接使能：\r\n</h2>\r\n<ul class=\'details_list\'>\r\n<li>\r\n	•支持主流工业级协议（如：modbus、profinet），为几百种类型自动化控制器和150种不同驱动器提供连接，实现设备与软件应用间的数据流贯通\r\n</li>\r\n<li>\r\n	•保持传感器、装置、设备与工业云之间双向联通\r\n</li>\r\n<li>\r\n	•源数据统一整合处理，减少网络拥堵，降低设备和系统的资源使用\r\n</li>\r\n<li>\r\n	•支持分散、实时的计算能力和远程“解决方案堆栈”，避免任何与成本安全相关的问题\r\n</li>\r\n<li>\r\n	•标准化SDK，为所有可连接的设备生成REST API，提供双向信息传递、文件传输和应用通道挖掘等能力\r\n</li>\r\n</ul>\r\n<h2>\r\n	管理使能：\r\n</h2>\r\n<ul class=\'details_list\'>\r\n<li>\r\n	•统一界面，支持数百万接入设备管理，传输速率高达千兆\r\n</li>\r\n<li>\r\n	•支持公有云、私有云、混合云部署，使现场设备与云平台无缝协作\r\n</li>\r\n</ul>\r\n<h2>\r\n	开发使能：\r\n</h2>\r\n<ul class=\'details_list\'>\r\n<li>\r\n	•可视化的应用开发环境，“拖放式”的UI构建方式，开发和维护更便捷\r\n</li>\r\n<li>\r\n	•上千种预先构建的应用模型，大大缩短开发周期\r\n</li>\r\n<li>\r\n	•支持存储、搜索、关联和分析所有数据，包括来自IT系统的结构化、来自人的非结构化数据，和来自机器的时间序列数据\r\n</li>\r\n</ul>', 2, 1, 100001, '2018-07-04 14:38:54', NULL, NULL);
INSERT INTO `geic_product_feature` VALUES (26, 300106, '1)	实时对讲', 'icon-product_11', '1对1、1对多的语音呼叫、固定群组呼叫、固定群组通话等多种方式的语音对讲；', 1, 1, 100001, '2018-09-19 11:31:58', NULL, NULL);
INSERT INTO `geic_product_feature` VALUES (27, 300106, '多媒体回传', 'icon-product_11', '图片、文字、语音、视频等多媒体信息回传', 2, 1, 100001, '2018-09-19 11:31:58', NULL, NULL);
INSERT INTO `geic_product_feature` VALUES (28, 300106, '巡检路径规划', 'icon-product_11', '根据管道线路、巡检任务对巡检路径进行规划；', 3, 1, 100001, '2018-09-19 11:31:58', NULL, NULL);
INSERT INTO `geic_product_feature` VALUES (29, 300106, '工单管理', 'icon-product_11', '定义巡检任务，对巡检模式、询价对象、询价规则、巡检人员进行配置', 4, 1, 100001, '2018-09-19 11:31:58', NULL, NULL);
INSERT INTO `geic_product_feature` VALUES (30, 300106, '设备管理', 'icon-product_11', '包括设备档案管理、设备入库管理、设备发放管理、设备调拨管理、设备报废管理', 5, 1, 100001, '2018-09-19 11:31:59', NULL, NULL);
INSERT INTO `geic_product_feature` VALUES (31, 300106, '人员管理', 'icon-product_11', '系统自动记录跟踪作业人员、时间、设备、巡检状况等信息', 6, 1, 100001, '2018-09-19 11:31:59', NULL, NULL);
INSERT INTO `geic_product_feature` VALUES (32, 300106, '统计分析', 'icon-product_11', '以KPI的方式综合统计当前设备资产分类及数量、设备故障信息及人员到岗情况', 7, 1, 100001, '2018-09-19 11:31:59', NULL, NULL);
INSERT INTO `geic_product_feature` VALUES (33, 300106, 'AR远程协同', 'icon-product_11', '基于AR技术实现远程协同，实时将指导指令通过富媒体方式推送至前端人员视野内', 8, 1, 100001, '2018-09-19 11:32:00', NULL, NULL);
INSERT INTO `geic_product_feature` VALUES (34, 300106, '室内精准定位', 'icon-product_11', '室内或园区人员定位达到厘米级精度，实时掌握精准位置信息', 9, 1, 100001, '2018-09-19 11:32:00', NULL, NULL);

-- ----------------------------
-- Table structure for geic_product_intro
-- ----------------------------
DROP TABLE IF EXISTS `geic_product_intro`;
CREATE TABLE `geic_product_intro`  (
  `intro_id` int(11) NOT NULL AUTO_INCREMENT COMMENT '产品介绍ID',
  `product_id` int(11) NOT NULL COMMENT '产品ID',
  `intro_image` varchar(100) CHARACTER SET utf8 COLLATE utf8_general_ci NULL DEFAULT NULL COMMENT '产品介绍简图',
  `intro_content` text CHARACTER SET utf8 COLLATE utf8_general_ci NULL COMMENT '产品介绍内容',
  `status` tinyint(2) NULL DEFAULT NULL COMMENT '状态',
  `create_id` int(11) NULL DEFAULT NULL COMMENT '创建人ID',
  `create_time` datetime NULL DEFAULT NULL COMMENT '创建时间',
  `update_id` int(11) NULL DEFAULT NULL COMMENT '更新人ID',
  `update_time` datetime NULL DEFAULT NULL COMMENT '更新时间',
  PRIMARY KEY (`intro_id`) USING BTREE
) ENGINE = InnoDB AUTO_INCREMENT = 8 CHARACTER SET = utf8 COLLATE = utf8_general_ci COMMENT = '产品-产品介绍表' ROW_FORMAT = Compact;

-- ----------------------------
-- Records of geic_product_intro
-- ----------------------------
INSERT INTO `geic_product_intro` VALUES (1, 300101, '/upload/image/product/product-i1-1.png', '<h3>\r\n	方案架构\r\n</h3>\r\n<p class=\"MsoNormal\" style=\"text-indent:21.0pt;\">\r\n	终端层：终端设备统一管理，鉴权认证、信息上报、远程管控、自检修复等。\r\n</p>\r\n<p class=\"MsoNormal\" style=\"text-indent:20.45pt;\">\r\n	数据层：对应用数据、用户数据、终端数据、系统数据等进行处理、智能分析等。\r\n</p>\r\n<p class=\"MsoNormal\" style=\"text-indent:21.0pt;\">\r\n	业务能力层：如应用管理、策略管理、信息处理、终端管理、日志管理、任务管理、账户管理等，提供第三方平台接口，实现多平台的互联互通。\r\n</p>\r\n<p class=\"MsoNormal\" style=\"text-indent:21.0pt;\">\r\n	展现层：提供监控视图、告警视图、运营分析视图等。\r\n</p>\r\n<p class=\"MsoNormal\" style=\"text-indent:21.0pt;\">\r\n	<br />\r\n</p>\r\n<h3>\r\n	产品主要优势\r\n</h3>\r\n<p class=\"MsoNormal\" style=\"text-indent:21.0pt;\">\r\n	<span>1. </span>多终端设备接入\r\n</p>\r\n<p class=\"MsoNormal\" style=\"text-indent:21.0pt;\">\r\n	<span>2. </span>边缘计算\r\n</p>\r\n<p class=\"MsoNormal\" style=\"text-indent:21.0pt;\">\r\n	<span>3. </span>平台联动\r\n</p>\r\n<p class=\"MsoNormal\" style=\"text-indent:21.0pt;\">\r\n	<span>4. </span>多终端展示\r\n</p>\r\n<p class=\"MsoNormal\" style=\"text-indent:21.0pt;\">\r\n	<span>5. </span>定制化服务\r\n</p>', 1, 100001, '2018-07-25 16:07:55', NULL, NULL);
INSERT INTO `geic_product_intro` VALUES (2, 300102, '/upload/image/product/product-i2.png', '<h3>\r\n	方案架构\r\n</h3>\r\n<p class=\"MsoNormal\" style=\"text-indent:21.0pt;\">\r\n	<p class=\"MsoNormal\" style=\"text-indent:21.0pt;\">\r\n		基础设施层：该层包含网络通讯、服务器、智能感知设备等物联网基础设施。其中针对智能感知设备，平台提供各类视频监控、无人机、工业机器人等设备的兼容接口。\r\n	</p>\r\n	<p class=\"MsoNormal\" style=\"text-indent:21.0pt;\">\r\n		平台层：该层提供了<span>SDK</span>、<span>Socket</span>命令、<span>XML</span>、<span>Web API</span>、<span>Web Service</span>的接入扩展，以及基础信息管理功能。\r\n	</p>\r\n	<p class=\"MsoNormal\" style=\"text-indent:21.0pt;\">\r\n		业务层：分为<span>Web</span>端以及移动端两部分。主要包含设备档案管理、设备巡检、设备保养、设备运维等覆盖设备风险点、危险源、关键部位的各种业务应用，且支持巡检模型配置以及保养模型配置等。\r\n	</p>\r\n	<p class=\"MsoNormal\" style=\"text-indent:21.0pt;\">\r\n		分析展示层：该层生动展示业务各类统计指标信息，支持设备性能、设备质量、设备状态等数据的分析展示。\r\n	</p>\r\n	<p class=\"MsoNormal\" style=\"text-indent:21.0pt;\">\r\n<h3>\r\n		产品主要优势：\r\n</h3>\r\n	</p>\r\n	<p class=\"MsoNormal\" style=\"text-indent:21.0pt;\">\r\n		<span>1. </span>移动智能化 <span></span>\r\n	</p>\r\n	<p class=\"MsoNormal\" style=\"text-indent:21.0pt;\">\r\n		<span>2. </span>远程协同；\r\n	</p>\r\n	<p class=\"MsoNormal\" style=\"text-indent:21.0pt;\">\r\n		<span>3. </span>信息可视化\r\n	</p>\r\n	<p class=\"MsoNormal\" style=\"text-indent:21.0pt;\">\r\n		<span>4. </span>大数据分析\r\n	</p>\r\n</p>\r\n<p class=\"MsoNormal\" style=\"text-indent:21.0pt;\">\r\n	<span></span>\r\n</p>', 1, 100001, '2018-07-25 14:50:07', 100001, '2018-07-25 14:50:12');
INSERT INTO `geic_product_intro` VALUES (4, 300103, '/upload/image/product/product_i3-1.png', '&nbsp; &nbsp; &nbsp; 工程机械、数控机床等生产设备产生的运行数据，经由DTU汇聚后，实时上传至云端存储。连接使能平台能够对海量异构数据进行标准化处理，快速构建对设备运行状态实时可视化监测等应用服务<br />\r\n<br />\r\n<div class=\"O1\" style=\"margin-left:.31in;text-align:left;\">\r\n<h3>\r\n	•工业DTU&nbsp;&nbsp;&nbsp;&nbsp;&nbsp;\r\n</h3>\r\n</div>\r\n<p style=\"margin-left:0in;text-align:left;\">\r\n	&nbsp;&nbsp;&nbsp;&nbsp;&nbsp;&nbsp;&nbsp; DTU作为运营商网络管理的边界，能够有效拉通设备与工业云之间的数据交互，可将DTU与设备控制器（如：PLC、DCS）相连，快速读取数据，并通过4G/以太网回传至云端。\r\n</p>\r\n<p style=\"margin-left:0in;text-align:left;\">\r\n	<br />\r\n</p>\r\n<div class=\"O1\" style=\"margin-left:0in;text-align:left;\">\r\n	<h3>&nbsp; &nbsp; &nbsp; &nbsp;•使能平台</h3>\r\n</div>\r\n<p style=\"margin-left:0in;text-align:left;\">\r\n	&nbsp;&nbsp;&nbsp;&nbsp;&nbsp;&nbsp;&nbsp; 工业设备品牌/类型众多，所涉及通信协议复杂，连接使能平台具备多种工业设备及物联网协议解析能力，将不同类型源数据统一整合至工业云；同时为用户提供可视化的数据分析、建模环境，提高应用开发速度，降本增效\r\n</p>', 1, 100001, '2018-07-25 16:07:55', NULL, NULL);
INSERT INTO `geic_product_intro` VALUES (5, 300104, '/upload/image/product/product_i4.png', '<h3>\r\n	方案架构\r\n</h3>\r\n<p class=\"MsoNormal\" style=\"text-indent:21.0pt;\">\r\n	<br />\r\n</p>\r\n<p class=\"MsoNormal\" style=\"text-indent:21.0pt;\">\r\n	<p class=\"MsoNormal\" style=\"text-indent:21.0pt;\">\r\n		集中管理平台：集中管理平台可对全网运行的<span>SD-WAN</span>网关进行统一配置与管理，并支持用户自服务，客户可通过自服务门户自行配置网关、查询网关状态，实现异常状态预警、远程管理维护等功能。\r\n	</p>\r\n	<p class=\"MsoNormal\" style=\"text-indent:21.0pt;\">\r\n		<span>SD-WAN</span>网关：<span>SD-WAN</span>网关集成多种网络功能为一体，实现<span>VPN</span>网关、防火墙、<span>UTM</span>、<span>IDS/IPS</span>、<span>DDoS</span>、网络探针、带宽按需分配、流量监控等功能“多合一”承载，有效降低硬件成本。\r\n	</p>\r\n	<p class=\"MsoNormal\" style=\"text-indent:21.0pt;\">\r\n<h3>\r\n		产品主要优势：\r\n</h3>\r\n	</p>\r\n	<p class=\"MsoNormal\" style=\"text-indent:21.0pt;\">\r\n		<span>1</span>、多功能一体化\r\n	</p>\r\n	<p class=\"MsoNormal\" style=\"text-indent:21.0pt;\">\r\n		<span>2</span>、即插即用\r\n	</p>\r\n	<p class=\"MsoNormal\" style=\"text-indent:21.0pt;\">\r\n		<span>3</span>、支持异构网络\r\n	</p>\r\n	<p class=\"MsoNormal\" style=\"text-indent:21.0pt;\">\r\n		<span>4</span>、网关形态多样，适配多种场景\r\n	</p>\r\n</p>\r\n<p class=\"MsoNormal\" style=\"text-indent:21.0pt;\">\r\n	<span></span>\r\n</p>\r\n<p>\r\n	<br />\r\n</p>\r\n<p class=\"MsoNormal\" style=\"text-indent:21.0pt;\">\r\n	<span></span> \r\n</p>', 1, 100001, '2018-07-25 16:07:55', NULL, NULL);
INSERT INTO `geic_product_intro` VALUES (6, 300105, '/upload/image/product/product_i5.png', '<p class=\"MsoNormal\" style=\"text-indent:21.0pt;\">\r\n	中国移动<span>SD-WAN</span>产品针对工业企业广域网组网需求，将<span>SDN</span>（软件定义网络）和<span>NFV</span>（网络功能虚拟化）技术应用于企业广域网中，通过云端部署的集中管理平台和位于用户侧的通用硬件网关设备，实现分钟级<span>VPN</span>组网、工业数据安全传输、混合云无缝打通、一点集中管控等功能，为工业企业提供灵活快速部署与可视化统一管理的广域网服务。\r\n</p>\r\n<p class=\"MsoNormal\" style=\"text-indent:21.0pt;\">\r\n	<span></span>\r\n</p>\r\n<p class=\"MsoNormal\" style=\"text-indent:21.0pt;\">\r\n	方案优势\r\n</p>\r\n<p class=\"MsoNormal\" style=\"text-indent:21.0pt;\">\r\n	<span></span>\r\n</p>\r\n<p class=\"MsoListParagraph\" style=\"margin-left:42.0pt;text-indent:-21.0pt;\">\r\n	·&nbsp;&nbsp;\r\n可视化集中管控\r\n</p>\r\n<p class=\"MsoListParagraph\" style=\"margin-left:42.0pt;text-indent:-21.0pt;\">\r\n	·&nbsp;&nbsp;\r\n网关多功能合一\r\n</p>\r\n<p class=\"MsoListParagraph\" style=\"margin-left:42.0pt;text-indent:-21.0pt;\">\r\n	·&nbsp;&nbsp;\r\n全方位安全防护\r\n</p>\r\n<p class=\"MsoListParagraph\" style=\"margin-left:42.0pt;text-indent:-21.0pt;\">\r\n	·&nbsp;&nbsp;\r\n业务易于部署\r\n</p>', 1, 100001, '2018-09-19 11:23:49', NULL, NULL);
INSERT INTO `geic_product_intro` VALUES (7, 300106, '/upload/image/product/product-i2.png', '<p class=\"MsoNormal\" style=\"text-indent:21.0pt;\">\r\n	<p class=\"MsoNormal\" style=\"text-indent:21.0pt;\">\r\n		智能巡检系统能够通过定制终端，将巡检过程产生的数据（如：表单、图片、位置），通过<span>4G</span>网络上传至云端智能巡检调度平台，同时借助实时流媒体传输技术，与后台技术人员进行音视频互动，及时获得远程技术支持。\r\n	</p>\r\n	<p class=\"MsoNormal\" style=\"text-indent:21.0pt;\">\r\n		<span>&nbsp;</span>\r\n	</p>\r\n	<p class=\"MsoNormal\" style=\"text-indent:21.0pt;\">\r\n		方案优势\r\n	</p>\r\n	<p class=\"MsoNormal\" style=\"text-indent:21.0pt;\">\r\n		<span>&nbsp;</span>\r\n	</p>\r\n	<p class=\"MsoNormal\" style=\"text-indent:21.0pt;\">\r\n		巡检效率大幅提升\r\n	</p>\r\n	<p class=\"MsoNormal\" style=\"text-indent:21.0pt;\">\r\n		巡检结果可追溯\r\n	</p>\r\n	<p class=\"MsoNormal\" style=\"text-indent:21.0pt;\">\r\n		随时掌握巡检人员运动轨迹\r\n	</p>\r\n	<p class=\"MsoNormal\" style=\"text-indent:21.0pt;\">\r\n		人员安全自动告警机制\r\n	</p>\r\n</p>\r\n<p class=\"MsoListParagraph\" style=\"margin-left:42.0pt;text-indent:-21.0pt;\">\r\n	<br />\r\n</p>', 1, 100001, '2018-09-19 11:23:36', NULL, NULL);

-- ----------------------------
-- Table structure for geic_products
-- ----------------------------
DROP TABLE IF EXISTS `geic_products`;
CREATE TABLE `geic_products`  (
  `product_id` int(11) NOT NULL AUTO_INCREMENT COMMENT '产品ID',
  `product_name` varchar(100) CHARACTER SET utf8 COLLATE utf8_general_ci NULL DEFAULT NULL COMMENT '产品名称',
  `product_type` varchar(100) CHARACTER SET utf8 COLLATE utf8_general_ci NULL DEFAULT NULL COMMENT '产品分类',
  `product_litimg` varchar(100) CHARACTER SET utf8 COLLATE utf8_general_ci NULL DEFAULT NULL COMMENT '产品缩略图',
  `product_image` varchar(100) CHARACTER SET utf8 COLLATE utf8_general_ci NULL DEFAULT NULL COMMENT '产品背景图',
  `product_video_image` varchar(100) CHARACTER SET utf8 COLLATE utf8_general_ci NULL DEFAULT NULL COMMENT '产品视频预览图',
  `product_video` varchar(100) CHARACTER SET utf8 COLLATE utf8_general_ci NULL DEFAULT NULL COMMENT '产品视频url',
  `product_desc` varchar(500) CHARACTER SET utf8 COLLATE utf8_general_ci NULL DEFAULT NULL COMMENT '产品简介',
  `product_content` text CHARACTER SET utf8 COLLATE utf8_general_ci NULL COMMENT '产品内容',
  `keyword` varchar(255) CHARACTER SET utf8 COLLATE utf8_general_ci NULL DEFAULT NULL COMMENT '关键词',
  `status` tinyint(2) NULL DEFAULT NULL COMMENT '状态0编辑1发布2未发布3删除',
  `create_id` int(11) NULL DEFAULT NULL COMMENT '创建人ID',
  `create_time` datetime NULL DEFAULT NULL COMMENT '创建时间',
  `udpate_id` int(11) NULL DEFAULT NULL COMMENT '更新人ID',
  `update_time` datetime NULL DEFAULT NULL COMMENT '更新时间',
  PRIMARY KEY (`product_id`) USING BTREE
) ENGINE = InnoDB AUTO_INCREMENT = 300107 CHARACTER SET = utf8 COLLATE = utf8_general_ci COMMENT = '产品表' ROW_FORMAT = Compact;

-- ----------------------------
-- Records of geic_products
-- ----------------------------
INSERT INTO `geic_products` VALUES (300101, '智能监测', '300101', NULL, '/static/pic/product/banner-product1.jpg', NULL, NULL, '智能监测平台结合了最先进的物联网、云计算、传感器摄像头等终端设备，可通过PC、手机客户端、微信小程序等实时显示应用场景的各环境数据，并对异常情况进行告警，以保障企业生产运营的安全预防和全面掌控。', NULL, '智能检测', 1, 100001, '2018-07-04 14:37:54', NULL, NULL);
INSERT INTO `geic_products` VALUES (300102, '智能巡检', '300102', NULL, '/static/pic/product/banner-product1.jpg', NULL, NULL, '基于POC能力为基础，提供定制化巡检流程、人员精准定位、智能巡检机器人、工业AR等高级巡检服务；支持云端自主可控高安全解决方案，支持手机端和web端巡检服务，为工业现场应用提供强大支持。', NULL, '智能巡检', 1, 100001, '2018-07-11 14:37:54', NULL, NULL);
INSERT INTO `geic_products` VALUES (300103, '工业设备互联', '300103', NULL, '/static/pic/product/banner-product2.jpg', NULL, NULL, '通过不同类型通信协议转换，实现设备信号标准化，打通工业互联网最后一公里。同时为用户提供应用开发环境与工具、建立数据模型，从而快速构建设备远程监控、故障诊断等标准化应用\r\n', NULL, '工业设备互联', 1, 100001, '2018-07-05 14:37:54', NULL, NULL);
INSERT INTO `geic_products` VALUES (300104, '工业虚拟专网', '300104', NULL, '/static/pic/product/banner-product1.jpg', NULL, NULL, 'SD-WAN网关集成多种网络功能为一体，实现VPN网关、防火墙、UTM、IDS/IPS、DDoS、网络探针、带宽按需分配、流量监控等功能“多合一”承载。', NULL, '工业虚拟专网', 1, 100001, '2018-07-06 14:37:54', NULL, NULL);
INSERT INTO `geic_products` VALUES (300105, 'SD-WAN', '300104', NULL, '/static/pic/product/banner-product1.jpg', NULL, NULL, 'SD-WAN网关集成多种网络功能为一体，实现VPN网关、防火墙、UTM、IDS/IPS、DDoS、网络探针、带宽按需分配、流量监控等功能“多合一”承载。', '', 'SD-WAN', 1, 100001, '2018-09-19 10:44:37', NULL, NULL);
INSERT INTO `geic_products` VALUES (300106, '智能巡检', '300102', NULL, '/static/pic/product/banner-product1.jpg', NULL, NULL, '结合最先进的物联网、云计算、传感器技术，通过PC、手机客户端、微信小程序等实时显示各环境数据，并对异常情况进行告警，全面掌控企业生产运营情况。', '', '智能巡检', 1, 100001, '2018-09-19 11:21:44', NULL, NULL);

-- ----------------------------
-- Table structure for geic_role
-- ----------------------------
DROP TABLE IF EXISTS `geic_role`;
CREATE TABLE `geic_role`  (
  `role_id` int(11) NOT NULL COMMENT '角色ID',
  `role_name` varchar(50) CHARACTER SET utf8 COLLATE utf8_general_ci NULL DEFAULT NULL COMMENT '角色名称',
  `role_desc` varchar(100) CHARACTER SET utf8 COLLATE utf8_general_ci NULL DEFAULT NULL COMMENT '角色描述',
  `create_id` int(11) NULL DEFAULT NULL COMMENT '创建人ID',
  `create_time` datetime NULL DEFAULT NULL COMMENT '创建时间',
  `status` tinyint(2) NULL DEFAULT NULL COMMENT '状态0留用1在用2删除',
  `update_id` int(11) NULL DEFAULT NULL COMMENT '更新人ID',
  `update_time` datetime NULL DEFAULT NULL COMMENT '更新时间',
  PRIMARY KEY (`role_id`) USING BTREE
) ENGINE = InnoDB CHARACTER SET = utf8 COLLATE = utf8_general_ci COMMENT = '系统角色表' ROW_FORMAT = Dynamic;

-- ----------------------------
-- Records of geic_role
-- ----------------------------
INSERT INTO `geic_role` VALUES (1, '个人用户', NULL, NULL, NULL, NULL, NULL, NULL);
INSERT INTO `geic_role` VALUES (2, '企业用户', NULL, NULL, NULL, NULL, NULL, NULL);

-- ----------------------------
-- Table structure for geic_role_menu
-- ----------------------------
DROP TABLE IF EXISTS `geic_role_menu`;
CREATE TABLE `geic_role_menu`  (
  `id` int(11) NOT NULL AUTO_INCREMENT COMMENT '关联ID',
  `role_id` int(11) NOT NULL COMMENT '角色ID',
  `menu_id` int(11) NOT NULL COMMENT '菜单ID',
  `status` tinyint(2) NULL DEFAULT NULL COMMENT '状态：0 删除 1 正常',
  PRIMARY KEY (`id`) USING BTREE
) ENGINE = InnoDB AUTO_INCREMENT = 1 CHARACTER SET = utf8 COLLATE = utf8_general_ci COMMENT = '角色菜单关系表' ROW_FORMAT = Dynamic;

-- ----------------------------
-- Table structure for geic_role_user
-- ----------------------------
DROP TABLE IF EXISTS `geic_role_user`;
CREATE TABLE `geic_role_user`  (
  `id` int(11) NOT NULL COMMENT '关联ID',
  `role_id` int(11) NOT NULL COMMENT '角色ID',
  `user_id` int(11) NOT NULL COMMENT '用户ID',
  `status` tinyint(2) NULL DEFAULT NULL COMMENT '状态：0 删除 1 正常',
  PRIMARY KEY (`id`) USING BTREE
) ENGINE = InnoDB CHARACTER SET = utf8 COLLATE = utf8_general_ci COMMENT = '角色用户关系表' ROW_FORMAT = Dynamic;

-- ----------------------------
-- Table structure for geic_software
-- ----------------------------
DROP TABLE IF EXISTS `geic_software`;
CREATE TABLE `geic_software`  (
  `software_id` int(11) NOT NULL AUTO_INCREMENT COMMENT '软件应用ID',
  `software_type` varchar(100) CHARACTER SET utf8 COLLATE utf8_general_ci NULL DEFAULT NULL COMMENT '软件应用所属分类',
  `software_name` varchar(100) CHARACTER SET utf8 COLLATE utf8_general_ci NULL DEFAULT NULL COMMENT '软件应用名称',
  `software_desc` varchar(500) CHARACTER SET utf8 COLLATE utf8_general_ci NULL DEFAULT NULL COMMENT '软件应用简介',
  `software_icon` varchar(100) CHARACTER SET utf8 COLLATE utf8_general_ci NULL DEFAULT NULL COMMENT '软件应用图标',
  `price` decimal(10, 2) NULL DEFAULT NULL COMMENT '价格',
  `software_content` text CHARACTER SET utf8 COLLATE utf8_general_ci NULL COMMENT '软件应用内容',
  `trail_days` int(10) NULL DEFAULT NULL COMMENT '软件可试用天数',
  `qrcode` varchar(100) CHARACTER SET utf8 COLLATE utf8_general_ci NULL DEFAULT NULL COMMENT '二维码',
  `ontrail_url` varchar(100) CHARACTER SET utf8 COLLATE utf8_general_ci NULL DEFAULT NULL COMMENT '在线试用url',
  `downtrail_url` varchar(100) CHARACTER SET utf8 COLLATE utf8_general_ci NULL DEFAULT NULL COMMENT '下载试用url',
  `soft_url` varchar(100) CHARACTER SET utf8 COLLATE utf8_general_ci NULL DEFAULT NULL COMMENT '软件应用url',
  `trail_type` int(10) NULL DEFAULT NULL COMMENT '试用方式(在线试用、下载试用)',
  `os` varchar(50) CHARACTER SET utf8 COLLATE utf8_general_ci NULL DEFAULT NULL COMMENT '操作系统',
  `brand` varchar(100) CHARACTER SET utf8 COLLATE utf8_general_ci NULL DEFAULT NULL COMMENT '品牌',
  `soft_company` varchar(100) CHARACTER SET utf8 COLLATE utf8_general_ci NULL DEFAULT NULL COMMENT '软件应用供应商',
  `hotline` varchar(20) CHARACTER SET utf8 COLLATE utf8_general_ci NULL DEFAULT NULL COMMENT '售后电话',
  `email` varchar(50) CHARACTER SET utf8 COLLATE utf8_general_ci NULL DEFAULT NULL COMMENT '售后邮箱',
  `status` tinyint(2) NULL DEFAULT NULL COMMENT '状态（0删除1发布 2下架、待发布）',
  `create_id` int(11) NULL DEFAULT NULL COMMENT '创建人ID',
  `create_time` datetime NULL DEFAULT NULL COMMENT '创建时间',
  `update_id` int(11) NULL DEFAULT NULL COMMENT '更新人ID',
  `update_time` datetime NULL DEFAULT NULL COMMENT '更新时间',
  PRIMARY KEY (`software_id`) USING BTREE
) ENGINE = InnoDB AUTO_INCREMENT = 111141 CHARACTER SET = utf8 COLLATE = utf8_general_ci COMMENT = '软件超市表' ROW_FORMAT = Dynamic;

-- ----------------------------
-- Records of geic_software
-- ----------------------------
INSERT INTO `geic_software` VALUES (10000, '100101', '全程CRM客户管理软件', '让实体商业结合互联网的方式，多种分销模式，给您的企业或门店在短时间带来更多的订单，多种分销模式，给您门店在短时间带来更多的订单。', '/static/pic/logo.png', -1.00, '<h3>产品说明</h3><p>从企业销售管理出发，围绕客户展开“线索-客户-商机-合同”的业务活动，并对企业数据的整理分析提供“报表”，为企业提供销售进程把控、客户资源管理和销售团队管理的一站式解决方案，致力于提高企业销售业绩。</p>\", \"<h3>售后支持</h3>', 30, NULL, NULL, 'http://xiazai.sogou.com/detail/34/1/-3080605666447722537.html?e=1970', NULL, 500101, '500201', '500301', '北京联云天下科技有限公司', NULL, NULL, 0, 100001, '2018-07-04 14:37:54', NULL, NULL);
INSERT INTO `geic_software` VALUES (10001, '100102', '全程CRM客户管理软件123', '结合互联网的方式增加店铺的销量', '/static/pic/logo.png', -1.00, '<h3>产品说明</h3><p>从企业销售管理出发，围绕客户展开“线索-客户-商机-合同”的业务活动，并对企业数据的整理分析提供“报表”，为企业提供销售进程把控、客户资源管理和销售团队管理的一站式解决方案，致力于提高企业销售业绩。</p>\", \"<h3>售后支持</h3>\r\n', 60, NULL, NULL, 'http://xiazai.sogou.com/detail/34/1/-3080605666447722537.html?e=1970', NULL, 500101, '500201', '500301', '北京联云天下科技有限公司', NULL, NULL, 0, 100001, '2018-07-05 14:37:54', NULL, NULL);
INSERT INTO `geic_software` VALUES (10002, '100103', '全程CRM客户管理软111', '为十多个行业的上万家企业用户，不同程度上优化了他们的客户资源管理方案，为十多个行业的上万家企业用户，不同程度上优化了他们的客户', '/static/pic/logo.png', -1.00, '<h3>产品说明</h3><p>从企业销售管理出发，围绕客户展开“线索-客户-商机-合同”的业务活动，并对企业数据的整理分析提供“报表”，为企业提供销售进程把控、客户资源管理和销售团队管理的一站式解决方案，致力于提高企业销售业绩。</p>\", \"<h3>售后支持</h3>', 30, NULL, 'https://www.bejson.com/', NULL, NULL, 500102, '500201', '500301', '北京联云天下科技有限公司', NULL, NULL, 1, 100001, '2018-07-06 14:37:54', NULL, NULL);
INSERT INTO `geic_software` VALUES (10003, '100101', '全程CRM客户管理软件112', 'other为十多个行业的上万家企业用户，不同程度上优化了他们的客户资源管理方案，为十多个行业的上万家企业用户，不同程度上优化了他们的客户', '/static/pic/logo.png', -1.00, '<h3>产品说明</h3><p>从企业销售管理出发，围绕客户展开“线索-客户-商机-合同”的业务活动，并对企业数据的整理分析提供“报表”，为企业提供销售进程把控、客户资源管理和销售团队管理的一站式解决方案，致力于提高企业销售业绩。</p>\", \"<h3>售后支持</h3>', 30, NULL, 'https://www.bejson.com/', NULL, NULL, 500102, '500202', '500301', '北京联云天下科技有限公司', NULL, NULL, 0, 100001, '2018-07-07 14:37:54', NULL, NULL);
INSERT INTO `geic_software` VALUES (10004, '100201', 'HTTP客户管理软件', '为十多个行业的上万家企业用户，不同程度上优化了他们的客户资源管理方案，为十多个行业的上万家企业用户，不同程度上优化了他们的客户资源管理方案', '/static/pic/logo.png', 100000.00, '<h3>产品说明</h3><p>从企业销售管理出发，围绕客户展开“线索-客户-商机-合同”的业务活动，并对企业数据的整理分析提供“报表”，为企业提供销售进程把控、客户资源管理和销售团队管理的一站式解决方案，致力于提高企业销售业绩。</p>\", \"<h3>售后支持</h3>', 30, NULL, 'https://www.bejson.com/', NULL, NULL, 500102, '500202', '500302', '北京联云天下科技有限公司', NULL, NULL, 2, 100001, '2018-07-08 14:37:54', NULL, NULL);
INSERT INTO `geic_software` VALUES (10005, '100201', 'FTP客户管理软件', '为十多个行业的上万家企业用户，不同程度上优化了他们的客户资源管理方案，为十多个行业的上万家企业用户，不同程度上优化了他们的客户资源管理方案', '/static/pic/logo.png', 100000.00, '<h3>产品说明</h3><p>从企业销售管理出发，围绕客户展开“线索-客户-商机-合同”的业务活动，并对企业数据的整理分析提供“报表”，为企业提供销售进程把控、客户资源管理和销售团队管理的一站式解决方案，致力于提高企业销售业绩。</p>\", \"<h3>售后支持</h3>', 30, NULL, 'https://www.bejson.com/', NULL, NULL, 500102, '500202', '500302', '北京联云天下科技有限公司', NULL, NULL, 2, 100001, '2018-07-09 14:37:54', NULL, NULL);
INSERT INTO `geic_software` VALUES (10006, '100103', 'CMC客户管理软件', '为十多个行业的上万家企业用户，不同程度上优化了他们的客户资源管理方案，为十多个行业的上万家企业用户，不同程度上优化了他们的客户资源管理方案', '/static/pic/logo.png', 100000.00, '<h3>产品说明</h3><p>从企业销售管理出发，围绕客户展开“线索-客户-商机-合同”的业务活动，并对企业数据的整理分析提供“报表”，为企业提供销售进程把控、客户资源管理和销售团队管理的一站式解决方案，致力于提高企业销售业绩。</p>\", \"<h3>售后支持</h3>', 30, NULL, 'https://www.bejson.com/', NULL, NULL, 500102, '500202', '500302', '北京联云天下科技有限公司', NULL, NULL, 1, 100001, '2018-07-10 14:37:54', NULL, NULL);
INSERT INTO `geic_software` VALUES (10007, '100104', 'HTTPS客户管理软件', '为十多个行业的上万家企业用户，不同程度上优化了他们的客户资源管理方案，为十多个行业的上万家企业用户，不同程度上优化了他们的客户资源管理方案', '/static/pic/logo.png', 100000.00, '<h3>产品说明</h3><p>从企业销售管理出发，围绕客户展开“线索-客户-商机-合同”的业务活动，并对企业数据的整理分析提供“报表”，为企业提供销售进程把控、客户资源管理和销售团队管理的一站式解决方案，致力于提高企业销售业绩。</p>\", \"<h3>售后支持</h3>', 30, NULL, 'https://www.bejson.com/', NULL, NULL, 500102, '500203', '500302', '北京联云天下科技有限公司', NULL, NULL, 1, 100001, '2018-07-11 14:37:54', NULL, NULL);
INSERT INTO `geic_software` VALUES (10008, '100201', 'WLAN客户管理软件', '为十多个行业的上万家企业用户，不同程度上优化了他们的客户资源管理方案，为十多个行业的上万家企业用户，不同程度上优化了他们的客户资源管理方案', '/static/pic/logo.png', 100000.00, '<h3>产品说明</h3><p>从企业销售管理出发，围绕客户展开“线索-客户-商机-合同”的业务活动，并对企业数据的整理分析提供“报表”，为企业提供销售进程把控、客户资源管理和销售团队管理的一站式解决方案，致力于提高企业销售业绩。</p>\", \"<h3>售后支持</h3>', 30, NULL, 'https://www.bejson.com/', NULL, NULL, 500102, '500203', '500302', '北京联云天下科技有限公司', NULL, NULL, 1, 100001, '2018-07-12 14:37:54', NULL, NULL);
INSERT INTO `geic_software` VALUES (10009, '100202', 'NODE客户管理软件', '为十多个行业的上万家企业用户，不同程度上优化了他们的客户资源管理方案，为十多个行业的上万家企业用户，不同程度上优化了他们的客户资源管理方案', '/static/pic/logo.png', -1.00, '<h3>产品说明</h3><p>从企业销售管理出发，围绕客户展开“线索-客户-商机-合同”的业务活动，并对企业数据的整理分析提供“报表”，为企业提供销售进程把控、客户资源管理和销售团队管理的一站式解决方案，致力于提高企业销售业绩。</p>\", \"<h3>售后支持</h3>', 30, NULL, 'https://www.bejson.com/', NULL, NULL, 500102, '500203', '500302', '北京联云天下科技有限公司', NULL, NULL, 1, 100001, '2018-07-13 14:37:54', NULL, NULL);
INSERT INTO `geic_software` VALUES (10010, '100102', 'VR客户管理软件', '为十多个行业的上万家企业用户，不同程度上优化了他们的客户资源管理方案，为十多个行业的上万家企业用户，不同程度上优化了他们的客户资源管理方案', '/static/pic/logo.png', -1.00, '<h3>产品说明</h3><p>从企业销售管理出发，围绕客户展开“线索-客户-商机-合同”的业务活动，并对企业数据的整理分析提供“报表”，为企业提供销售进程把控、客户资源管理和销售团队管理的一站式解决方案，致力于提高企业销售业绩。</p>\", \"<h3>售后支持</h3>', 60, NULL, 'https://www.baidu.com/', NULL, NULL, 500102, '500203', '500302', '北京联云天下科技有限公司', NULL, NULL, 1, 100001, '2018-07-14 14:37:54', NULL, NULL);
INSERT INTO `geic_software` VALUES (10011, '100102', '云之家', '利用移动、社交及大数据重构组织中人与人的关系，赋能个体 ，凝聚信任，激活创造力。安全便捷的即时沟通   无边界的高效协作', '/upload/image/software/soft1-1.png', -1.00, '<p style=\"text-indent:28px\"><span style=\"font-family:宋体\">云之家是中国企业移动互联网领域的知名品牌。它通过移动办公与团队协作</span>APP<span style=\"font-family:宋体\">应用，打破部门壁垒与地域限制，凝聚企业共识，激发员工创新，提高协作效率。以组织、消息、社交为核心，通过应用中心接入第三方合作伙伴，向企业与用户提供丰富的移动办公应用，同时可连接企业现有业务</span>(ERP)<span style=\"font-family:宋体\">，帮助企业</span>/<span style=\"font-family: 宋体\">团队打破部门与地域限制，提高沟通与协作效率，帮助中国企业快速实现移动化转型。</span></p><p><img src=\"/upload/image/software/1534755172427043514.png\" alt=\"soft1-3.png\"/></p><p style=\"text-indent:28px\"><span style=\"font-family:宋体\">云之家实现智能审批，颠覆了传统</span>OA<span style=\"font-family:宋体\">的全新体验，更轻、更快、更智能，具有四大特性：</span></p><p style=\"text-indent:28px\">1<span style=\"font-family:宋体\">、丰富模板，开箱即用：云之家内置了丰富的模板，企业少量修改便可以直接使用；</span></p><p style=\"text-indent:28px\">2<span style=\"font-family:宋体\">、可视化流程设计器：完全个性化自定义流程模板，支持复杂的并发、串行、条件等流程；</span></p><p style=\"text-indent:28px\">3<span style=\"font-family:宋体\">、透明智能社交化审批：审批过程更加透明，并可以及时沟通，打印单据包含沟通群组二维码，扫码即可查询历史审批信息；</span></p><p style=\"text-indent:28px\">4<span style=\"font-family:宋体\">、支持互联控件：能和其他系统集成，如请假流程和考勤数据集成，报销和电子发票，审批和</span>ERP<span style=\"font-family:宋体\">单据集成等；</span></p><p style=\"text-indent:28px\"><span style=\"font-family:宋体\">具有定制化的服务，为每位客户定制专属云之家：</span></p><p><img src=\"/upload/image/software/1534755210526025046.png\" alt=\"soft1-4.png\"/></p>', 30, '/upload/image/software/soft1-2.png', NULL, NULL, NULL, 500101, NULL, '500303', '金蝶软件（中国）有限公司', NULL, NULL, 1, 100001, '2018-08-20 16:49:51', NULL, NULL);
INSERT INTO `geic_software` VALUES (111119, '100102', '解放云盘(JFun Box)', '信息时代的不断发展加速了企业数字化转型的步伐，海量数据增长引发了', '/static/pic/logo.png', 200000.00, NULL, 60, NULL, NULL, 'http://xiazai.sogou.com/detail/34/1/-3080605666447722537.html?e=1970', NULL, 500101, '500203', '500302', '苏州犀牛网络科技有限公司', NULL, NULL, 1, 100001, '2018-07-15 16:47:18', NULL, NULL);
INSERT INTO `geic_software` VALUES (111120, '100103', 'OA+CRM(Lamp)', '打包成虚拟机镜像，任何云用户均可一键获取、快速安装。 然之协同开源', '/static/pic/logo.png', 200000.00, NULL, 60, NULL, NULL, 'http://xiazai.sogou.com/detail/34/1/-3080605666447722537.html?e=1970', NULL, 500101, '500203', '500302', '苏州犀牛网络科技有限公司', NULL, NULL, 1, 100001, '2018-07-16 16:47:23', NULL, NULL);
INSERT INTO `geic_software` VALUES (111121, '100104', 'OA+CRM(Lamp)', '让完全不懂技术的个人通过简单的配置操作，即可拥有移动互联网营销利器', '/static/pic/logo.png', 200000.00, NULL, 60, NULL, NULL, 'http://xiazai.sogou.com/detail/34/1/-3080605666447722537.html?e=1970', NULL, 500101, '500203', '500302', '苏州犀牛网络科技有限公司', NULL, NULL, 1, 100001, '2018-07-17 16:47:26', NULL, NULL);
INSERT INTO `geic_software` VALUES (111122, '100101', '中服OA企业版', '西安中服软件有限公司', '/static/pic/software/logo.png', -1.00, '<p style=\"text-align: center;\"><img src=\"/upload/image/software/1534470093480074232.png\" title=\"\" alt=\"1.png\"/></p><p style=\"text-indent:28px\"><span style=\"font-family:宋体;background:white\">CServer OA</span><span style=\"font-family:宋体;background:white\">办公自动化系统，基于中服CServer PaaS云平台，以知识管理为核心，支持应用多租户化，通过软件超市为不同企业提供适合自己个性化的<span style=\"color:#666666\"> </span>SaaS化协同办公管理系统，涵盖办公、人事、销售和财务等多个方面。为企业员工提供高效的办公手段和沟通协作平台，节约企业成本，提高客户服务质量，整体提高公司办公效率。</span></p><p style=\"text-indent:28px\"><strong><span style=\"font-family: 宋体;background:white\">软件特色：</span></strong></p><p style=\"text-indent:28px\"><span style=\"font-family:宋体\">1</span><span style=\"font-family:宋体\">、模块化资源池，随需组装，按需扩展</span></p><p style=\"text-indent:28px\"><span style=\"font-family:宋体\">2</span><span style=\"font-family:宋体\">、用日志记录工作，赢得老板关注</span></p><p style=\"text-indent:28px\"><span style=\"font-family:宋体\">3</span><span style=\"font-family:宋体\">、图形化流程监控，实现流程用户自定义</span></p><p style=\"text-indent:28px\"><span style=\"font-family:宋体\">4</span><span style=\"font-family:宋体\">、支持移动办公，即时提醒，及时处理</span></p><p style=\"text-indent:28px\"><span style=\"font-family:宋体\">软件定位：</span></p><p style=\"text-align:center\"><img src=\"/upload/image/software/1534470145029032382.png\" title=\"\" alt=\"2.png\"/></p><p style=\"text-indent:28px\"><span style=\"font-family:宋体\">软件价值：</span></p><p style=\"text-indent:32px\"><span style=\"font-size:16px;line-height:150%;font-family:宋体\">实现企业内部信息资源共享</span></p><p style=\"text-indent:32px\"><span style=\"font-size:16px;line-height:150%;font-family:宋体\">提升部门与职员间的协同工作效率</span></p><p style=\"text-indent:32px\"><span style=\"font-size:16px;line-height:150%;font-family:宋体\">随时随地随需办公</span></p><p style=\"text-indent:32px\"><span style=\"font-size:16px;line-height:150%;font-family:宋体\">降低运营成本</span></p><p style=\"text-indent:32px\"><span style=\"font-size:16px;line-height:150%;font-family:宋体\">辅助领导决策支持</span></p><p><br/></p>', 30, NULL, NULL, NULL, NULL, 500101, '500203', '500302', '西安中服软件有限公司', NULL, NULL, 0, 100001, '2018-08-17 09:52:13', NULL, NULL);
INSERT INTO `geic_software` VALUES (111123, '100101', '35云OA', '35云OA系统是以计算机网络技术为基础，以数据共享为中心，综合运用B/S架构技术、即时通讯技术、INTERNET技术，重点实现以丰富强大的消息管理、即时通讯、远程办公、短信留言办公等技术方式来强化公司管理的规范化，流程化。', '/upload/image/software/111123-logo.png', -1.00, '<div class=WordSection1>\r\n\r\n<p class=MsoNormal><span lang=EN-US style=\'font-size:10.5pt;font-family:\"微软雅黑\",\"sans-serif\";\r\ncolor:black;background:white\'><o:p>&nbsp;</o:p></span></p>\r\n\r\n<p class=MsoNormal style=\'text-indent:21.0pt;mso-char-indent-count:2.0\'><span\r\nlang=EN-US style=\'font-size:10.5pt;font-family:\"微软雅黑\",\"sans-serif\";color:black;\r\nbackground:white\'>35</span><span style=\'font-size:10.5pt;font-family:\"微软雅黑\",\"sans-serif\";\r\ncolor:black;background:white\'>云<span lang=EN-US>OA</span>是一套应用于企业的协同办公管理系统，无论您在何时何地，只要可以上网就可以审批事务，系统会自动将待办事务直接推送到您的桌面，加速事务流转，提升办公效率。她集行政事务、知识管理、协同办公、辅助办公、安全办公为一体，采用国际领先的<span\r\nlang=EN-US>SAAS</span>模式，具备<span lang=EN-US>&quot;</span>多分支机构、远程异地协同、移动式办公，低成本、免维护<span\r\nlang=EN-US>&quot;</span>特点，通过智能传递、共享企业内的信息数据，构建高效、透明、可控的工作平台，帮助企业真正提升核心竞争力。</span><span\r\nlang=EN-US><o:p></o:p></span></span></p>\r\n\r\n<p class=MsoNormal style=\'text-indent:21.0pt;mso-char-indent-count:2.0\'><span\r\nlang=EN-US style=\'font-size:10.5pt\'><o:p>&nbsp;</o:p></span></p>\r\n\r\n<img src=\"/upload/image/software/111123-content.png\" alt=\"\">\r\n</div>\r\n\r\n\r\n     ', 30, NULL, NULL, NULL, NULL, 500101, '500203', '500302', '北京三五通联科技发展有限公司', NULL, NULL, 1, 100001, '2018-09-14 16:10:47', NULL, NULL);
INSERT INTO `geic_software` VALUES (111124, '100104', '35云邮', '35云邮是35互联前三代企业邮箱基础上开发的第四代企业邮局。在涵盖前三代所有强势功能的同时，更拥有全新的界面设计、强势的云办公平台、人性化的操作管理。以新版企业邮局为中心，结合Pushmail，全新阐述新一代企业邮局桌面办公与移动终端推送的。', '/upload/image/software/111124-logo.png', -1.00, '<p><br />&nbsp; &nbsp; &nbsp;35云邮是三五互联自主研发的邮件系统，以安全、稳定、高效为核心， 具有强大的邮件处理能力、迅捷的邮件传送速度、 超强的稳定性、云端反垃圾智能过滤系统以及丰富多样的特殊功能， 为企业提供专业的技术平台和完整的邮件通讯解决方案。 到目前为止，35云邮已经服务于全国百万终端企业，依托强大的研发实力和丰富的运营经验， 三五互联也将不断的开拓创新，为客户提供最佳的产品和服务。\r\n</p>\r\n<p>\r\n	<br />\r\n</p><img src=\"/upload/image/software/111124-content.png\"/>', 30, NULL, NULL, NULL, NULL, 500102, NULL, NULL, '北京三五通联科技发展有限公司', NULL, NULL, 1, 100001, '2018-09-19 14:51:29', NULL, NULL);
INSERT INTO `geic_software` VALUES (111125, '100101', 'UcOps应急协作', '“UcOps应急协作”是一个专门为企业打造的以通信为基础的应急协作平台，以 “指挥”“调度”“协作”“安全” “智能”为关注焦点，从事件突发、事件处置到事件总结，为应急工作相关的各个角色提供服务价值', '/upload/image/software/111125-logo.png', -1.00, '<div class=WordSection1>\r\n\r\n<p style=\'margin-top:0cm;margin-right:0cm;margin-bottom:7.5pt;margin-left:0cm;\r\nmso-line-height-alt:10.0pt;background:white;word-break:break-all\'><span\r\nlang=EN-US style=\'font-size:10.5pt;font-family:\"微软雅黑\",\"sans-serif\";color:#333333\'><o:p>&nbsp;</o:p></span></p>\r\n\r\n<p style=\'margin-top:0cm;margin-right:0cm;margin-bottom:7.5pt;margin-left:0cm;\r\nmso-line-height-alt:10.0pt;background:white;word-break:break-all\'><span\r\nstyle=\'font-size:10.5pt;font-family:\"微软雅黑\",\"sans-serif\";color:#333333\'>“<span\r\nclass=SpellE><span lang=EN-US>UcOps</span></span>”以<span lang=EN-US>&nbsp;</span>“协作”“安全”<span\r\nlang=EN-US>&nbsp;</span>为关注焦点，从发现故障、解决故障到事件总结，为运维相关的各个角色提供服务价值。<span\r\nlang=EN-US><o:p></o:p></span></span></p>\r\n\r\n<p style=\'margin-top:0cm;margin-right:0cm;margin-bottom:7.5pt;margin-left:18.0pt;\r\ntext-indent:-18.0pt;mso-line-height-alt:10.0pt;background:white\'><span\r\nlang=EN-US style=\'font-size:10.5pt;font-family:\"微软雅黑\",\"sans-serif\";color:#333333\'>&nbsp;&nbsp;</span><span\r\nstyle=\'font-size:10.5pt;font-family:\"微软雅黑\",\"sans-serif\";color:#333333\'>协作：以应急事件为中心，以群组为基础，辅以多种实时通讯手段，保证运维团队之间高效合作。<span\r\nlang=EN-US><o:p></o:p></span></span></p>\r\n\r\n<p style=\'margin-top:0cm;margin-right:0cm;margin-bottom:7.5pt;margin-left:18.0pt;\r\ntext-indent:-18.0pt;mso-line-height-alt:10.0pt;background:white\'><span\r\nlang=EN-US style=\'font-size:10.5pt;font-family:\"微软雅黑\",\"sans-serif\";color:#333333\'>&nbsp;&nbsp;</span><span\r\nstyle=\'font-size:10.5pt;font-family:\"微软雅黑\",\"sans-serif\";color:#333333\'>安全：从数据安全、网络安全、设备安全等多方面出发，为企业运维信息的安全保驾护航。<span\r\nlang=EN-US><o:p></o:p></span></span></p>\r\n\r\n<p style=\'margin-top:0cm;margin-right:0cm;margin-bottom:7.5pt;margin-left:18.0pt;\r\ntext-indent:-18.0pt;mso-line-height-alt:10.0pt;background:white\'><span\r\nlang=EN-US style=\'font-size:10.5pt;font-family:\"微软雅黑\",\"sans-serif\";color:#333333\'><o:p>&nbsp;</o:p></span></p>\r\n\r\n<p style=\'margin-bottom:7.5pt;mso-line-height-alt:10.0pt;background:white\'><span\r\nlang=EN-US style=\'font-size:10.5pt;font-family:\"微软雅黑\",\"sans-serif\";color:#333333\'>&nbsp;</span><strong><span\r\nstyle=\'font-size:10.5pt;font-family:\"微软雅黑\",\"sans-serif\";mso-bidi-font-family:\r\n宋体;color:#333333\'>产品价值</span></strong><span lang=EN-US style=\'font-size:10.5pt;\r\nfont-family:\"微软雅黑\",\"sans-serif\";color:#333333\'><o:p></o:p></span></p>\r\n\r\n<p style=\'margin-top:0cm;margin-right:0cm;margin-bottom:7.5pt;margin-left:0cm;\r\nmso-line-height-alt:10.0pt;background:white;word-break:break-all\'><span\r\nlang=EN-US style=\'font-size:10.5pt;font-family:\"微软雅黑\",\"sans-serif\";color:#333333\'>&nbsp;<o:p></o:p></span></p>\r\n\r\n<p style=\'margin-top:0cm;margin-right:0cm;margin-bottom:7.5pt;margin-left:0cm;\r\nmso-line-height-alt:10.0pt;background:white;word-break:break-all\'><strong><span\r\nstyle=\'font-size:10.5pt;font-family:\"微软雅黑\",\"sans-serif\";mso-bidi-font-family:\r\n宋体;color:#333333\'>领导：运筹帷幄<span lang=EN-US>&nbsp;&nbsp;&nbsp;</span>决胜千里</span></strong><span\r\nlang=EN-US style=\'font-size:10.5pt;font-family:\"微软雅黑\",\"sans-serif\";color:#333333\'><o:p></o:p></span></p>\r\n\r\n<p style=\'margin-top:0cm;margin-right:0cm;margin-bottom:7.5pt;margin-left:18.0pt;\r\ntext-indent:-18.0pt;mso-line-height-alt:10.0pt;background:white\'><span\r\nlang=EN-US style=\'font-size:10.5pt;font-family:\"微软雅黑\",\"sans-serif\";color:#333333\'>&nbsp;&nbsp;&nbsp;&nbsp;&nbsp;&nbsp;&nbsp;&nbsp;\r\n</span><span style=\'font-size:10.5pt;font-family:\"微软雅黑\",\"sans-serif\";\r\ncolor:#333333\'>总揽全局：全方位提供所需信息，掌控全局动态。<span lang=EN-US><o:p></o:p></span></span></p>\r\n\r\n<p style=\'margin-top:0cm;margin-right:0cm;margin-bottom:7.5pt;margin-left:18.0pt;\r\ntext-indent:-18.0pt;mso-line-height-alt:10.0pt;background:white\'><span\r\nlang=EN-US style=\'font-size:10.5pt;font-family:\"微软雅黑\",\"sans-serif\";color:#333333\'>&nbsp;&nbsp;&nbsp;&nbsp;&nbsp;&nbsp;&nbsp;&nbsp;\r\n</span><span style=\'font-size:10.5pt;font-family:\"微软雅黑\",\"sans-serif\";\r\ncolor:#333333\'>统一指挥：指挥平台统一化，保证指示快速有效下达。<span lang=EN-US><o:p></o:p></span></span></p>\r\n\r\n<p style=\'margin-top:0cm;margin-right:0cm;margin-bottom:7.5pt;margin-left:18.0pt;\r\ntext-indent:-18.0pt;mso-line-height-alt:10.0pt;background:white\'><span\r\nlang=EN-US style=\'font-size:10.5pt;font-family:\"微软雅黑\",\"sans-serif\";color:#333333\'>&nbsp;&nbsp;&nbsp;&nbsp;&nbsp;&nbsp;&nbsp;&nbsp;\r\n</span><span style=\'font-size:10.5pt;font-family:\"微软雅黑\",\"sans-serif\";\r\ncolor:#333333\'>透明监督：变被动为主动，实时掌握事件进展。<span lang=EN-US><o:p></o:p></span></span></p>\r\n\r\n<p style=\'margin-bottom:7.5pt;mso-line-height-alt:10.0pt;background:white\'><span\r\nlang=EN-US style=\'font-size:10.5pt;font-family:\"微软雅黑\",\"sans-serif\";color:#333333\'>&nbsp;<o:p></o:p></span></p>\r\n\r\n<p style=\'margin-top:0cm;margin-right:0cm;margin-bottom:7.5pt;margin-left:0cm;\r\nmso-line-height-alt:10.0pt;background:white;word-break:break-all\'><strong><span\r\nstyle=\'font-size:10.5pt;font-family:\"微软雅黑\",\"sans-serif\";mso-bidi-font-family:\r\n宋体;color:#333333\'>应急经理：雷厉风行<span lang=EN-US>&nbsp;&nbsp;</span>及时响应指挥</span></strong><span\r\nlang=EN-US style=\'font-size:10.5pt;font-family:\"微软雅黑\",\"sans-serif\";color:#333333\'><o:p></o:p></span></p>\r\n\r\n<p style=\'margin-top:0cm;margin-right:0cm;margin-bottom:7.5pt;margin-left:18.0pt;\r\ntext-indent:-18.0pt;mso-line-height-alt:10.0pt;background:white\'><span\r\nlang=EN-US style=\'font-size:10.5pt;font-family:\"微软雅黑\",\"sans-serif\";color:#333333\'>&nbsp;&nbsp;&nbsp;&nbsp;&nbsp;&nbsp;&nbsp;&nbsp;\r\n</span><span style=\'font-size:10.5pt;font-family:\"微软雅黑\",\"sans-serif\";\r\ncolor:#333333\'>一键应急：一键发起事件，快速召集人员。<span lang=EN-US><o:p></o:p></span></span></p>\r\n\r\n<p style=\'margin-top:0cm;margin-right:0cm;margin-bottom:7.5pt;margin-left:18.0pt;\r\ntext-indent:-18.0pt;mso-line-height-alt:10.0pt;background:white\'><span\r\nlang=EN-US style=\'font-size:10.5pt;font-family:\"微软雅黑\",\"sans-serif\";color:#333333\'>&nbsp;&nbsp;&nbsp;&nbsp;&nbsp;&nbsp;&nbsp;&nbsp;\r\n</span><span style=\'font-size:10.5pt;font-family:\"微软雅黑\",\"sans-serif\";\r\ncolor:#333333\'>通知必达：多种通知方式，保证通知必达。<span lang=EN-US><o:p></o:p></span></span></p>\r\n\r\n<p style=\'margin-top:0cm;margin-right:0cm;margin-bottom:7.5pt;margin-left:18.0pt;\r\ntext-indent:-18.0pt;mso-line-height-alt:10.0pt;background:white\'><span\r\nlang=EN-US style=\'font-size:10.5pt;font-family:\"微软雅黑\",\"sans-serif\";color:#333333\'>&nbsp;&nbsp;&nbsp;&nbsp;&nbsp;&nbsp;&nbsp;&nbsp;\r\n</span><span style=\'font-size:10.5pt;font-family:\"微软雅黑\",\"sans-serif\";\r\ncolor:#333333\'>实时汇报：事件进展实时汇报，无需二次总结。<span lang=EN-US><o:p></o:p></span></span></p>\r\n\r\n<p style=\'margin-top:0cm;margin-right:0cm;margin-bottom:7.5pt;margin-left:18.0pt;\r\ntext-indent:-18.0pt;mso-line-height-alt:10.0pt;background:white\'><span\r\nlang=EN-US style=\'font-size:10.5pt;font-family:\"微软雅黑\",\"sans-serif\";color:#333333\'>&nbsp;&nbsp;&nbsp;&nbsp;&nbsp;&nbsp;&nbsp;&nbsp;\r\n</span><span style=\'font-size:10.5pt;font-family:\"微软雅黑\",\"sans-serif\";\r\ncolor:#333333\'>全面总结：事件总结自动生成，省时省力且全面。<span lang=EN-US><o:p></o:p></span></span></p>\r\n\r\n<p style=\'margin-bottom:7.5pt;mso-line-height-alt:10.0pt;background:white\'><span\r\nlang=EN-US style=\'font-size:10.5pt;font-family:\"微软雅黑\",\"sans-serif\";color:#333333\'>&nbsp;<o:p></o:p></span></p>\r\n\r\n<p style=\'margin-top:0cm;margin-right:0cm;margin-bottom:7.5pt;margin-left:0cm;\r\nmso-line-height-alt:10.0pt;background:white;word-break:break-all\'><strong><span\r\nstyle=\'font-size:10.5pt;font-family:\"微软雅黑\",\"sans-serif\";mso-bidi-font-family:\r\n宋体;color:#333333\'>应急队员：通力合作<span lang=EN-US>&nbsp;&nbsp;</span>快速解决问题</span></strong><span\r\nlang=EN-US style=\'font-size:10.5pt;font-family:\"微软雅黑\",\"sans-serif\";color:#333333\'><o:p></o:p></span></p>\r\n\r\n<p style=\'margin-top:0cm;margin-right:0cm;margin-bottom:7.5pt;margin-left:18.0pt;\r\ntext-indent:-18.0pt;mso-line-height-alt:10.0pt;background:white\'><span\r\nlang=EN-US style=\'font-size:10.5pt;font-family:\"微软雅黑\",\"sans-serif\";color:#333333\'>&nbsp;&nbsp;&nbsp;&nbsp;&nbsp;&nbsp;&nbsp;&nbsp;\r\n</span><span style=\'font-size:10.5pt;font-family:\"微软雅黑\",\"sans-serif\";\r\ncolor:#333333\'>即时沟通：群聊、音视频会议等多种即时沟通方式，沟通更及时，更有效<span lang=EN-US><o:p></o:p></span></span></p>\r\n\r\n<p style=\'margin-top:0cm;margin-right:0cm;margin-bottom:7.5pt;margin-left:18.0pt;\r\ntext-indent:-18.0pt;mso-line-height-alt:10.0pt;background:white\'><span\r\nlang=EN-US style=\'font-size:10.5pt;font-family:\"微软雅黑\",\"sans-serif\";color:#333333\'>&nbsp;&nbsp;&nbsp;&nbsp;&nbsp;&nbsp;&nbsp;&nbsp;\r\n</span><span style=\'font-size:10.5pt;font-family:\"微软雅黑\",\"sans-serif\";\r\ncolor:#333333\'>共享协作：提供多种共享协作工具，协同处理故障。<span lang=EN-US><o:p></o:p></span></span></p>\r\n\r\n<p style=\'margin-bottom:7.5pt;mso-line-height-alt:10.0pt;background:white\'><span\r\nlang=EN-US style=\'font-size:10.5pt;font-family:\"微软雅黑\",\"sans-serif\";color:#333333\'>&nbsp;<o:p></o:p></span></p>\r\n\r\n<p style=\'margin-top:0cm;margin-right:0cm;margin-bottom:7.5pt;margin-left:0cm;\r\nmso-line-height-alt:10.0pt;background:white;word-break:break-all\'><strong><span\r\nstyle=\'font-size:10.5pt;font-family:\"微软雅黑\",\"sans-serif\";mso-bidi-font-family:\r\n宋体;color:#333333\'>外部专家：身临其境<span lang=EN-US>&nbsp;&nbsp;</span>远程参与协助</span></strong><span\r\nlang=EN-US style=\'font-size:10.5pt;font-family:\"微软雅黑\",\"sans-serif\";color:#333333\'><o:p></o:p></span></p>\r\n\r\n<p style=\'margin-top:0cm;margin-right:0cm;margin-bottom:7.5pt;margin-left:18.0pt;\r\ntext-indent:-18.0pt;mso-line-height-alt:10.0pt;background:white\'><span\r\nlang=EN-US style=\'font-size:10.5pt;font-family:\"微软雅黑\",\"sans-serif\";color:#333333\'>&nbsp;&nbsp;&nbsp;&nbsp;&nbsp;&nbsp;&nbsp;&nbsp;\r\n</span><span style=\'font-size:10.5pt;font-family:\"微软雅黑\",\"sans-serif\";\r\ncolor:#333333\'>远程协助：客户端、微信小程序等多种方式远程参与事件，协助解决故障。<span lang=EN-US><o:p></o:p></span></span></p>\r\n\r\n<p style=\'margin-top:0cm;margin-right:0cm;margin-bottom:7.5pt;margin-left:18.0pt;\r\ntext-indent:-18.0pt;mso-line-height-alt:10.0pt;background:white\'><span\r\nlang=EN-US style=\'font-size:10.5pt;font-family:\"微软雅黑\",\"sans-serif\";color:#333333\'>&nbsp;&nbsp;&nbsp;&nbsp;&nbsp;&nbsp;&nbsp;&nbsp;\r\n</span><span style=\'font-size:10.5pt;font-family:\"微软雅黑\",\"sans-serif\";\r\ncolor:#333333\'>安全协作：可限制外部人员查看数据范围，保证运维数据的安全与隐私性。<span lang=EN-US><o:p></o:p></span></span></p>\r\n\r\n<p class=MsoNormal><span lang=EN-US><o:p>&nbsp;</o:p></span></p>\r\n\r\n</div>', 30, NULL, NULL, NULL, NULL, 500102, NULL, NULL, '北京容联光辉科技有限公司', NULL, NULL, 1, 100001, '2018-09-19 15:13:13', NULL, NULL);
INSERT INTO `geic_software` VALUES (111126, '100101', 'WPS+云办公', 'WPS+企业版实现基于WPS office的云端办公服务，每个帐号拥有1T的云端存储容量，企业成员内部最大限度共享文档，企业管理员及团队拥有者可以通过文档权限以及成员权限便捷有效地管理企业文档。', '/upload/image/software/111126-logo.jpg', -1.00, '<p class=MsoNormal style=\'text-indent:21.0pt;mso-char-indent-count:2.0\'><span\r\nlang=EN-US style=\'font-size:10.5pt;font-family:\"微软雅黑\",\"sans-serif\";color:#333333;\r\nbackground:white\'><o:p>&nbsp;</o:p></span></p>\r\n\r\n<p class=MsoNormal style=\'text-indent:21.0pt;mso-char-indent-count:2.0\'><span\r\nlang=EN-US style=\'font-size:10.5pt;font-family:\"微软雅黑\",\"sans-serif\";color:#333333;\r\nbackground:white\'>WPS </span><span style=\'font-size:10.5pt;font-family:\"微软雅黑\",\"sans-serif\";\r\ncolor:#333333;background:white\'>企业版实现基于<span lang=EN-US>WPS office</span>的云端办公服务，每个帐号拥有<span\r\nlang=EN-US>1T</span>的云端存储容量，企业成员内部最大限度共享文档，企业管理员及团队拥有者可以通过文档权限以及成员权限便捷有效地管理企业文档。</span><span\r\nlang=EN-US><o:p></o:p></span></span></p>\r\n\r\n<p class=MsoNormal style=\'text-indent:21.0pt;mso-char-indent-count:2.0\'><span\r\nlang=EN-US style=\'font-size:10.5pt\'><o:p>&nbsp;</o:p></span></p>\r\n<img src=\"/upload/image/software/111126-content.png\"/>', 30, NULL, NULL, NULL, NULL, 500102, NULL, NULL, '北京金山办公软件股份有限公司', NULL, NULL, 1, 100001, '2018-09-19 15:17:30', NULL, NULL);
INSERT INTO `geic_software` VALUES (111127, '100104', '安宁邮件系统', '安宁邮件（安全）系统软件V9.0是全新一代安全邮件系统软件。具备强大的底层核心，基于消息总线技术，提供安全可靠的邮件收发。是国家机关企事业单位在用版本，版本内集成了安宁公司多个独有技术和安全模块。', '/upload/image/software/111127-logo.png', -1.00, '<div class=WordSection1>\r\n\r\n<p class=MsoNormal style=\'margin-top:10.15pt;margin-right:0cm;margin-bottom:\r\n5.05pt;margin-left:0cm;line-height:24.0pt;mso-line-height-rule:exactly;\r\nmso-outline-level:2;layout-grid-mode:both;background:white;mso-layout-grid-align:\r\nauto\'><b style=\'mso-bidi-font-weight:normal\'><span lang=EN-US style=\'font-size:\r\n10.5pt;font-family:\"微软雅黑\",\"sans-serif\";mso-bidi-font-family:宋体;color:#333333\'><o:p>&nbsp;</o:p></span></b></p>\r\n\r\n<p class=MsoNormal style=\'margin-top:10.15pt;margin-right:0cm;margin-bottom:\r\n5.05pt;margin-left:0cm;line-height:24.0pt;mso-line-height-rule:exactly;\r\nmso-outline-level:2;layout-grid-mode:both;background:white;mso-layout-grid-align:\r\nauto\'><b style=\'mso-bidi-font-weight:normal\'><span lang=EN-US style=\'font-size:\r\n16.0pt;font-family:\"微软雅黑\",\"sans-serif\";mso-bidi-font-family:宋体;color:#333333\'>1.1\r\n</span></b><b style=\'mso-bidi-font-weight:normal\'><span style=\'font-size:16.0pt;\r\nfont-family:\"微软雅黑\",\"sans-serif\";mso-bidi-font-family:宋体;color:#333333\'>核心技术<span\r\nlang=EN-US><o:p></o:p></span></span></b></p>\r\n\r\n<p class=MsoNormal style=\'margin-top:0cm;margin-right:0cm;margin-bottom:5.05pt;\r\nmargin-left:21.0pt;text-indent:-21.0pt;line-height:24.0pt;mso-line-height-rule:\r\nexactly;layout-grid-mode:both;background:white;mso-layout-grid-align:auto\'><span\r\nlang=EN-US style=\'font-size:10.5pt;font-family:\"微软雅黑\",\"sans-serif\";mso-bidi-font-family:\r\n宋体;color:#333333\'>1)&nbsp;</span><b><span style=\'font-size:10.5pt;font-family:\r\n\"微软雅黑\",\"sans-serif\";mso-bidi-font-family:宋体;color:#333333\'>砂箱技术</span></b><span\r\nstyle=\'font-size:10.5pt;font-family:\"微软雅黑\",\"sans-serif\";mso-bidi-font-family:\r\n宋体;color:#333333\'>：<span lang=EN-US>V9.0</span>版本全面采用了砂箱技术，实现邮件系统和底层操作系统的安全隔离。<span\r\nlang=EN-US><o:p></o:p></span></span></p>\r\n\r\n<p class=MsoNormal style=\'margin-top:0cm;margin-right:0cm;margin-bottom:5.05pt;\r\nmargin-left:21.0pt;text-indent:-21.0pt;line-height:24.0pt;mso-line-height-rule:\r\nexactly;layout-grid-mode:both;background:white;mso-layout-grid-align:auto\'><span\r\nlang=EN-US style=\'font-size:10.5pt;font-family:\"微软雅黑\",\"sans-serif\";mso-bidi-font-family:\r\n宋体;color:#333333\'>2)&nbsp;</span><b><span style=\'font-size:10.5pt;font-family:\r\n\"微软雅黑\",\"sans-serif\";mso-bidi-font-family:宋体;color:#333333\'>入口收敛和<span\r\nlang=EN-US>SQL</span>收敛</span></b><span style=\'font-size:10.5pt;font-family:\r\n\"微软雅黑\",\"sans-serif\";mso-bidi-font-family:宋体;color:#333333\'>：<span lang=EN-US>V9.0</span>版本在邮件系统输入<span\r\nlang=EN-US>/</span>输入层和应用逻辑处理层间增加了一层安全防护层，对输入<span lang=EN-US>/</span>输出的入口进行收敛，并对输入<span\r\nlang=EN-US>/</span>输出进行整体的<span lang=EN-US>SQL</span>注入防护，全面解决由于输入<span\r\nlang=EN-US>/</span>输出控制的不严格导致的应用系统安全隐患。<span lang=EN-US><o:p></o:p></span></span></p>\r\n\r\n<p class=MsoNormal style=\'margin-top:0cm;margin-right:0cm;margin-bottom:5.05pt;\r\nmargin-left:21.0pt;text-indent:-21.0pt;line-height:24.0pt;mso-line-height-rule:\r\nexactly;layout-grid-mode:both;background:white;mso-layout-grid-align:auto\'><span\r\nlang=EN-US style=\'font-size:10.5pt;font-family:\"微软雅黑\",\"sans-serif\";mso-bidi-font-family:\r\n宋体;color:#333333\'>3)&nbsp;</span><b><span style=\'font-size:10.5pt;font-family:\r\n\"微软雅黑\",\"sans-serif\";mso-bidi-font-family:宋体;color:#333333\'>深度过滤保护</span></b><span\r\nstyle=\'font-size:10.5pt;font-family:\"微软雅黑\",\"sans-serif\";mso-bidi-font-family:\r\n宋体;color:#333333\'>：<span lang=EN-US>V9.0</span>版本的安全防护层内置了复合引擎代码过滤保护系统，对当今主流邮件正文格式<span\r\nlang=EN-US>--HTML</span>格式的邮件进行安全过滤，避免了基于<span lang=EN-US>JS</span>对用户<span\r\nlang=EN-US>PC</span>发起的安全攻击风险。<span lang=EN-US><o:p></o:p></span></span></p>\r\n\r\n<p class=MsoNormal style=\'margin-top:0cm;margin-right:0cm;margin-bottom:5.05pt;\r\nmargin-left:21.0pt;text-indent:-21.0pt;line-height:24.0pt;mso-line-height-rule:\r\nexactly;layout-grid-mode:both;background:white;mso-layout-grid-align:auto\'><span\r\nlang=EN-US style=\'font-size:10.5pt;font-family:\"微软雅黑\",\"sans-serif\";mso-bidi-font-family:\r\n宋体;color:#333333\'>4)&nbsp;</span><b><span style=\'font-size:10.5pt;font-family:\r\n\"微软雅黑\",\"sans-serif\";mso-bidi-font-family:宋体;color:#333333\'>邮件监控预警</span></b><span\r\nstyle=\'font-size:10.5pt;font-family:\"微软雅黑\",\"sans-serif\";mso-bidi-font-family:\r\n宋体;color:#333333\'>：<span lang=EN-US>V9.0</span>版本新增邮件监控预警子系统，针对操作系统、邮件系统和用户账号密码，在探测、扫描、入侵方面的主动发现、预警和安全防护。<span\r\nlang=EN-US><o:p></o:p></span></span></p>\r\n\r\n<p class=MsoNormal style=\'margin-top:0cm;margin-right:0cm;margin-bottom:5.05pt;\r\nmargin-left:21.0pt;text-indent:-21.0pt;line-height:24.0pt;mso-line-height-rule:\r\nexactly;layout-grid-mode:both;background:white;mso-layout-grid-align:auto\'><span\r\nlang=EN-US style=\'font-size:10.5pt;font-family:\"微软雅黑\",\"sans-serif\";mso-bidi-font-family:\r\n宋体;color:#333333\'>5)&nbsp;</span><b><span style=\'font-size:10.5pt;font-family:\r\n\"微软雅黑\",\"sans-serif\";mso-bidi-font-family:宋体;color:#333333\'>安全审计</span></b><span\r\nstyle=\'font-size:10.5pt;font-family:\"微软雅黑\",\"sans-serif\";mso-bidi-font-family:\r\n宋体;color:#333333\'>：<span lang=EN-US>V9.0</span>版本新增可扩展的邮件安全审计子系统，对邮件系统管理、用户邮件操作等动作进行全面的日志记录和安全审计，做到邮件系统所有动作均可审计、可追溯、可分析。<span\r\nlang=EN-US><o:p></o:p></span></span></p>\r\n\r\n<p class=MsoNormal style=\'margin-top:0cm;margin-right:0cm;margin-bottom:5.05pt;\r\nmargin-left:21.0pt;text-indent:-21.0pt;line-height:24.0pt;mso-line-height-rule:\r\nexactly;layout-grid-mode:both;background:white;mso-layout-grid-align:auto\'><span\r\nlang=EN-US style=\'font-size:10.5pt;font-family:\"微软雅黑\",\"sans-serif\";mso-bidi-font-family:\r\n宋体;color:#333333\'>6)&nbsp;</span><b><span style=\'font-size:10.5pt;font-family:\r\n\"微软雅黑\",\"sans-serif\";mso-bidi-font-family:宋体;color:#333333\'>界面优化</span></b><span\r\nstyle=\'font-size:10.5pt;font-family:\"微软雅黑\",\"sans-serif\";mso-bidi-font-family:\r\n宋体;color:#333333\'>：<span lang=EN-US>V9.0</span>版本采用优化了界面风格，即融入了当今流行的界面设计理念，又传承了作为中央政务邮件系统的庄重和典雅。<span\r\nlang=EN-US><o:p></o:p></span></span></p>\r\n\r\n<p class=MsoNormal style=\'margin-top:10.15pt;margin-right:0cm;margin-bottom:\r\n5.05pt;margin-left:0cm;line-height:24.0pt;mso-line-height-rule:exactly;\r\nmso-outline-level:2;layout-grid-mode:both;background:white;mso-layout-grid-align:\r\nauto\'><b style=\'mso-bidi-font-weight:normal\'><span lang=EN-US style=\'font-size:\r\n10.5pt;font-family:\"微软雅黑\",\"sans-serif\";mso-bidi-font-family:宋体;color:#333333\'><o:p>&nbsp;</o:p></span></b></p>\r\n\r\n<p class=MsoNormal style=\'margin-top:10.15pt;margin-right:0cm;margin-bottom:\r\n5.05pt;margin-left:0cm;line-height:24.0pt;mso-line-height-rule:exactly;\r\nmso-outline-level:2;layout-grid-mode:both;background:white;mso-layout-grid-align:\r\nauto\'><b style=\'mso-bidi-font-weight:normal\'><span lang=EN-US style=\'font-size:\r\n16.0pt;font-family:\"微软雅黑\",\"sans-serif\";mso-bidi-font-family:宋体;color:#333333\'>1.2\r\n</span></b><b style=\'mso-bidi-font-weight:normal\'><span style=\'font-size:16.0pt;\r\nfont-family:\"微软雅黑\",\"sans-serif\";mso-bidi-font-family:宋体;color:#333333\'>操作系统安全加固<span\r\nlang=EN-US><o:p></o:p></span></span></b></p>\r\n\r\n<p class=MsoNormal style=\'margin-top:0cm;margin-right:0cm;margin-bottom:5.05pt;\r\nmargin-left:21.0pt;text-indent:-21.0pt;line-height:24.0pt;mso-line-height-rule:\r\nexactly;layout-grid-mode:both;background:white;mso-layout-grid-align:auto\'><span\r\nlang=EN-US style=\'font-size:10.5pt;font-family:\"微软雅黑\",\"sans-serif\";mso-bidi-font-family:\r\n宋体;color:#333333\'>1)&nbsp;&nbsp; </span><span style=\'font-size:10.5pt;\r\nfont-family:\"微软雅黑\",\"sans-serif\";mso-bidi-font-family:宋体;color:#333333\'>限制<span\r\nlang=EN-US>root</span>密码直接通过终端登录服务器，需先通过预设的账号密码登录后才能登录<span lang=EN-US>root</span>权限。<span\r\nlang=EN-US><o:p></o:p></span></span></p>\r\n\r\n<p class=MsoNormal style=\'margin-top:0cm;margin-right:0cm;margin-bottom:5.05pt;\r\nmargin-left:21.0pt;text-indent:-21.0pt;line-height:24.0pt;mso-line-height-rule:\r\nexactly;layout-grid-mode:both;background:white;mso-layout-grid-align:auto\'><span\r\nlang=EN-US style=\'font-size:10.5pt;font-family:\"微软雅黑\",\"sans-serif\";mso-bidi-font-family:\r\n宋体;color:#333333\'>2)&nbsp;&nbsp; Linux</span><span style=\'font-size:10.5pt;\r\nfont-family:\"微软雅黑\",\"sans-serif\";mso-bidi-font-family:宋体;color:#333333\'>操作系统密码加强：操作系统密码修改时复杂度强制<span\r\nlang=EN-US>10</span>位以上，必须包含四项混合匹配：大写、小写、数字、特殊字符。<span lang=EN-US><o:p></o:p></span></span></p>\r\n\r\n<p class=MsoNormal style=\'margin-top:0cm;margin-right:0cm;margin-bottom:5.05pt;\r\nmargin-left:21.0pt;text-indent:-21.0pt;line-height:24.0pt;mso-line-height-rule:\r\nexactly;layout-grid-mode:both;background:white;mso-layout-grid-align:auto\'><span\r\nlang=EN-US style=\'font-size:10.5pt;font-family:\"微软雅黑\",\"sans-serif\";mso-bidi-font-family:\r\n宋体;color:#333333\'>3)&nbsp;&nbsp; Linux</span><span style=\'font-size:10.5pt;\r\nfont-family:\"微软雅黑\",\"sans-serif\";mso-bidi-font-family:宋体;color:#333333\'>环境禁用<span\r\nlang=EN-US>Ctrl Alt Del</span>误操作导致系统重启。<span lang=EN-US><o:p></o:p></span></span></p>\r\n\r\n<p class=MsoNormal style=\'margin-top:0cm;margin-right:0cm;margin-bottom:5.05pt;\r\nmargin-left:21.0pt;text-indent:-21.0pt;line-height:24.0pt;mso-line-height-rule:\r\nexactly;layout-grid-mode:both;background:white;mso-layout-grid-align:auto\'><span\r\nlang=EN-US style=\'font-size:10.5pt;font-family:\"微软雅黑\",\"sans-serif\";mso-bidi-font-family:\r\n宋体;color:#333333\'>4)&nbsp;&nbsp; Linux</span><span style=\'font-size:10.5pt;\r\nfont-family:\"微软雅黑\",\"sans-serif\";mso-bidi-font-family:宋体;color:#333333\'>系统登录成功后<span\r\nlang=EN-US>300</span>秒界面不操作系统自动退出。<span lang=EN-US><o:p></o:p></span></span></p>\r\n\r\n<p class=MsoNormal style=\'margin-top:0cm;margin-right:0cm;margin-bottom:5.05pt;\r\nmargin-left:21.0pt;text-indent:-21.0pt;line-height:24.0pt;mso-line-height-rule:\r\nexactly;layout-grid-mode:both;background:white;mso-layout-grid-align:auto\'><span\r\nlang=EN-US style=\'font-size:10.5pt;font-family:\"微软雅黑\",\"sans-serif\";mso-bidi-font-family:\r\n宋体;color:#333333\'>5)&nbsp;&nbsp; </span><span style=\'font-size:10.5pt;\r\nfont-family:\"微软雅黑\",\"sans-serif\";mso-bidi-font-family:宋体;color:#333333\'>配置<span\r\nlang=EN-US>Linux</span>内置防火墙邮件安全策略，限制<span lang=EN-US>IP</span>段登录。<span\r\nlang=EN-US><o:p></o:p></span></span></p>\r\n\r\n<p class=MsoNormal style=\'margin-top:10.15pt;margin-right:0cm;margin-bottom:\r\n5.05pt;margin-left:0cm;line-height:24.0pt;mso-line-height-rule:exactly;\r\nmso-outline-level:2;layout-grid-mode:both;background:white;mso-layout-grid-align:\r\nauto\'><b style=\'mso-bidi-font-weight:normal\'><span lang=EN-US style=\'font-size:\r\n10.5pt;font-family:\"微软雅黑\",\"sans-serif\";mso-bidi-font-family:宋体;color:#333333\'><o:p>&nbsp;</o:p></span></b></p>\r\n\r\n<p class=MsoNormal style=\'margin-top:10.15pt;margin-right:0cm;margin-bottom:\r\n5.05pt;margin-left:0cm;line-height:24.0pt;mso-line-height-rule:exactly;\r\nmso-outline-level:2;layout-grid-mode:both;background:white;mso-layout-grid-align:\r\nauto\'><b style=\'mso-bidi-font-weight:normal\'><span lang=EN-US style=\'font-size:\r\n16.0pt;font-family:\"微软雅黑\",\"sans-serif\";mso-bidi-font-family:宋体;color:#333333\'>1.3\r\n</span></b><b style=\'mso-bidi-font-weight:normal\'><span style=\'font-size:16.0pt;\r\nfont-family:\"微软雅黑\",\"sans-serif\";mso-bidi-font-family:宋体;color:#333333\'>邮件系统安全加固<span\r\nlang=EN-US><o:p></o:p></span></span></b></p>\r\n\r\n<p class=MsoNormal style=\'margin-top:0cm;margin-right:0cm;margin-bottom:5.05pt;\r\nmargin-left:21.0pt;text-indent:-21.0pt;line-height:24.0pt;mso-line-height-rule:\r\nexactly;layout-grid-mode:both;background:white;mso-layout-grid-align:auto\'><span\r\nlang=EN-US style=\'font-size:10.5pt;font-family:\"微软雅黑\",\"sans-serif\";mso-bidi-font-family:\r\n宋体;color:#333333\'>1)&nbsp;</span><b><span style=\'font-size:10.5pt;font-family:\r\n\"微软雅黑\",\"sans-serif\";mso-bidi-font-family:宋体;color:#333333\'>智能登录安全</span></b><span\r\nstyle=\'font-size:10.5pt;font-family:\"微软雅黑\",\"sans-serif\";mso-bidi-font-family:\r\n宋体;color:#333333\'>：防止密码的猜测、嗅探和暴力破解、攻击防范，<span lang=EN-US>Web</span>登录时输入三次错误密码需手工输入附加码，输入五次错误密码则账号锁定，默认通过管理员解锁或修改系统配置文件锁定<span\r\nlang=EN-US>2</span>小时；客户端登录时根据<span class=SpellE><span lang=EN-US>ip</span></span>和账号在输入三次错误密码时自动锁定账号十分钟，十分钟后自动解锁。组织管理员可以通过后台查看到<span\r\nlang=EN-US>web</span>和客户端的错误登录日志。<span lang=EN-US><o:p></o:p></span></span></p>\r\n\r\n<p class=MsoNormal style=\'margin-top:0cm;margin-right:0cm;margin-bottom:5.05pt;\r\nmargin-left:21.0pt;text-indent:-21.0pt;line-height:24.0pt;mso-line-height-rule:\r\nexactly;layout-grid-mode:both;background:white;mso-layout-grid-align:auto\'><span\r\nlang=EN-US style=\'font-size:10.5pt;font-family:\"微软雅黑\",\"sans-serif\";mso-bidi-font-family:\r\n宋体;color:#333333\'>2)&nbsp;</span><b><span style=\'font-size:10.5pt;font-family:\r\n\"微软雅黑\",\"sans-serif\";mso-bidi-font-family:宋体;color:#333333\'>发信频率控制</span></b><span\r\nstyle=\'font-size:10.5pt;font-family:\"微软雅黑\",\"sans-serif\";mso-bidi-font-family:\r\n宋体;color:#333333\'>：后台通过设定控制账号外发邮件频率，防止被盗账号或正常账号往外大量发送邮件导致本系统<span class=SpellE><span\r\nlang=EN-US>ip</span></span>被对方设定为黑名单，特殊账户不受频率控制限制需后台设定为白名单。<span lang=EN-US><o:p></o:p></span></span></p>\r\n\r\n<p class=MsoNormal style=\'margin-top:0cm;margin-right:0cm;margin-bottom:5.05pt;\r\nmargin-left:21.0pt;text-indent:-21.0pt;line-height:24.0pt;mso-line-height-rule:\r\nexactly;layout-grid-mode:both;background:white;mso-layout-grid-align:auto\'><span\r\nlang=EN-US style=\'font-size:10.5pt;font-family:\"微软雅黑\",\"sans-serif\";mso-bidi-font-family:\r\n宋体;color:#333333\'>3)&nbsp;</span><b><span style=\'font-size:10.5pt;font-family:\r\n\"微软雅黑\",\"sans-serif\";mso-bidi-font-family:宋体;color:#333333\'>优化密码策略控制</span></b><span\r\nstyle=\'font-size:10.5pt;font-family:\"微软雅黑\",\"sans-serif\";mso-bidi-font-family:\r\n宋体;color:#333333\'>：对用户的认证和登录进行控制，当用户密码强度不够时，禁止用户登录邮件系统。<span lang=EN-US><o:p></o:p></span></span></p>\r\n\r\n<p class=MsoNormal style=\'margin-top:0cm;margin-right:0cm;margin-bottom:5.05pt;\r\nmargin-left:21.0pt;text-indent:-21.0pt;line-height:24.0pt;mso-line-height-rule:\r\nexactly;layout-grid-mode:both;background:white;mso-layout-grid-align:auto\'><span\r\nlang=EN-US style=\'font-size:10.5pt;font-family:\"微软雅黑\",\"sans-serif\";mso-bidi-font-family:\r\n宋体;color:#333333\'>4)&nbsp;</span><b><span style=\'font-size:10.5pt;font-family:\r\n\"微软雅黑\",\"sans-serif\";mso-bidi-font-family:宋体;color:#333333\'>邮件系统应用安全加固</span></b><span\r\nstyle=\'font-size:10.5pt;font-family:\"微软雅黑\",\"sans-serif\";mso-bidi-font-family:\r\n宋体;color:#333333\'>：采用沙箱技术有效隔离各模块或应用，如<span lang=EN-US>Web</span>端、数据库应用、数据存储应用等，从而对入侵行为进行阻止，防止系统入侵修改系统应用程序。<span\r\nlang=EN-US><o:p></o:p></span></span></p>\r\n\r\n<p class=MsoNormal style=\'margin-top:0cm;margin-right:0cm;margin-bottom:5.05pt;\r\nmargin-left:21.0pt;text-indent:-21.0pt;line-height:24.0pt;mso-line-height-rule:\r\nexactly;layout-grid-mode:both;background:white;mso-layout-grid-align:auto\'><span\r\nlang=EN-US style=\'font-size:10.5pt;font-family:\"微软雅黑\",\"sans-serif\";mso-bidi-font-family:\r\n宋体;color:#333333\'>5)&nbsp;</span><b><span style=\'font-size:10.5pt;font-family:\r\n\"微软雅黑\",\"sans-serif\";mso-bidi-font-family:宋体;color:#333333\'>块存储优化</span></b><span\r\nstyle=\'font-size:10.5pt;font-family:\"微软雅黑\",\"sans-serif\";mso-bidi-font-family:\r\n宋体;color:#333333\'>：在安宁邮件<span class=SpellE><span lang=EN-US>MagicBlock</span></span>块存储的基础上，实现邮件数据的加密存储，进一步提升邮件存储的安全性。<span\r\nlang=EN-US><o:p></o:p></span></span></p>\r\n\r\n<p class=MsoNormal style=\'margin-top:0cm;margin-right:0cm;margin-bottom:5.05pt;\r\nmargin-left:21.0pt;text-indent:-21.0pt;line-height:24.0pt;mso-line-height-rule:\r\nexactly;layout-grid-mode:both;background:white;mso-layout-grid-align:auto\'><span\r\nlang=EN-US style=\'font-size:10.5pt;font-family:\"微软雅黑\",\"sans-serif\";mso-bidi-font-family:\r\n宋体;color:#333333\'>6)&nbsp;</span><b><span style=\'font-size:10.5pt;font-family:\r\n\"微软雅黑\",\"sans-serif\";mso-bidi-font-family:宋体;color:#333333\'>复合引擎过滤子系统</span></b><span\r\nstyle=\'font-size:10.5pt;font-family:\"微软雅黑\",\"sans-serif\";mso-bidi-font-family:\r\n宋体;color:#333333\'>：邮件写入数据库时当<span lang=EN-US>JS</span>代码含有特殊字符或语句通过执行命令获取部分数据信息，<span\r\nlang=EN-US>V9.0</span>版本采用嵌入式部署复合引擎过滤子系统，通过采集常用攻击行为，对<span lang=EN-US>web</span>端<span\r\nlang=EN-US>JS</span>代码、服务器端输入输出变量、邮件收发的邮件数据等进行多重引擎过滤，保证系统内部数据的安全性，避免邮件系统被跨站攻击。<span\r\nlang=EN-US><o:p></o:p></span></span></p>\r\n\r\n<p class=MsoNormal style=\'margin-top:0cm;margin-right:0cm;margin-bottom:5.05pt;\r\nmargin-left:21.0pt;text-indent:-21.0pt;line-height:24.0pt;mso-line-height-rule:\r\nexactly;layout-grid-mode:both;background:white;mso-layout-grid-align:auto\'><span\r\nlang=EN-US style=\'font-size:10.5pt;font-family:\"微软雅黑\",\"sans-serif\";mso-bidi-font-family:\r\n宋体;color:#333333\'>7)&nbsp;<b>SQL</b></span><b><span style=\'font-size:10.5pt;\r\nfont-family:\"微软雅黑\",\"sans-serif\";mso-bidi-font-family:宋体;color:#333333\'>注入过滤增强模块</span></b><span\r\nstyle=\'font-size:10.5pt;font-family:\"微软雅黑\",\"sans-serif\";mso-bidi-font-family:\r\n宋体;color:#333333\'>：解决早期版本在渗透测试中发现的<span lang=EN-US>SQL</span>注入问题，<span\r\nlang=EN-US>V9.0</span>版本对软件代码进行了全面检查，对各种可能性进行深度穷举和完善，避免邮件发出因为控制不严谨通过文本方式提交给数据库时执行命令输出结果反馈到界面，避免系统泄密。<span\r\nlang=EN-US><o:p></o:p></span></span></p>\r\n\r\n<p class=MsoNormal style=\'margin-top:0cm;margin-right:0cm;margin-bottom:5.05pt;\r\nmargin-left:21.0pt;text-indent:-21.0pt;line-height:24.0pt;mso-line-height-rule:\r\nexactly;layout-grid-mode:both;background:white;mso-layout-grid-align:auto\'><span\r\nlang=EN-US style=\'font-size:10.5pt;font-family:\"微软雅黑\",\"sans-serif\";mso-bidi-font-family:\r\n宋体;color:#333333\'>8)&nbsp;<b>Web</b></span><b><span style=\'font-size:10.5pt;\r\nfont-family:\"微软雅黑\",\"sans-serif\";mso-bidi-font-family:宋体;color:#333333\'>密码传输深度加密模块</span></b><span\r\nstyle=\'font-size:10.5pt;font-family:\"微软雅黑\",\"sans-serif\";mso-bidi-font-family:\r\n宋体;color:#333333\'>：防止在非<span class=SpellE><span lang=EN-US>ssl</span></span>加密传输环境被网络监控设备通过抓包方式获取账号密码，<span\r\nlang=EN-US>V9.0</span>版本调用公钥加密算法将密码深度加密后再传输，达到不依赖<span class=SpellE><span\r\nlang=EN-US>ssl</span></span>加密通道的深度密码保护，在明文传输的互联网络中也可有效保障账号密码安全。<span\r\nlang=EN-US><o:p></o:p></span></span></p>\r\n\r\n<p class=MsoNormal style=\'margin-top:0cm;margin-right:0cm;margin-bottom:5.05pt;\r\nmargin-left:21.0pt;text-indent:-21.0pt;line-height:24.0pt;mso-line-height-rule:\r\nexactly;layout-grid-mode:both;background:white;mso-layout-grid-align:auto\'><span\r\nlang=EN-US style=\'font-size:10.5pt;font-family:\"微软雅黑\",\"sans-serif\";mso-bidi-font-family:\r\n宋体;color:#333333\'>9)&nbsp;<b>Web</b></span><b><span style=\'font-size:10.5pt;\r\nfont-family:\"微软雅黑\",\"sans-serif\";mso-bidi-font-family:宋体;color:#333333\'>登录附加码加强模块</span></b><span\r\nstyle=\'font-size:10.5pt;font-family:\"微软雅黑\",\"sans-serif\";mso-bidi-font-family:\r\n宋体;color:#333333\'>：解决早期版本在渗透测试中绕过注册码的登录系统页面的问题。<span lang=EN-US><o:p></o:p></span></span></p>\r\n\r\n<p class=MsoNormal style=\'margin-top:0cm;margin-right:0cm;margin-bottom:5.05pt;\r\nmargin-left:21.0pt;text-indent:-21.0pt;line-height:24.0pt;mso-line-height-rule:\r\nexactly;layout-grid-mode:both;background:white;mso-layout-grid-align:auto\'><span\r\nlang=EN-US style=\'font-size:10.5pt;font-family:\"微软雅黑\",\"sans-serif\";mso-bidi-font-family:\r\n宋体;color:#333333\'>10)&nbsp;</span><b><span style=\'font-size:10.5pt;font-family:\r\n\"微软雅黑\",\"sans-serif\";mso-bidi-font-family:宋体;color:#333333\'>垃圾邮件、病毒邮件、涉黄邮件、钓鱼邮件等防护策略。</span></b><span\r\nlang=EN-US style=\'font-size:10.5pt;font-family:\"微软雅黑\",\"sans-serif\";mso-bidi-font-family:\r\n宋体;color:#333333\'><o:p></o:p></span></p>\r\n\r\n<p class=MsoNormal style=\'line-height:24.0pt;mso-line-height-rule:exactly\'><span\r\nlang=EN-US style=\'font-size:10.5pt\'><o:p>&nbsp;</o:p></span></p>\r\n\r\n</div>', 30, NULL, NULL, NULL, NULL, 500102, NULL, NULL, '北京安宁创新网络科技股份有限公司', NULL, NULL, 1, 100001, '2018-09-19 15:19:40', NULL, NULL);
INSERT INTO `geic_software` VALUES (111128, '100104', '彩讯邮箱', 'Richmail是使用最广泛的电子邮件系统，服务于4.5亿用户，3000多家企业。核心功能包含但不限于召回及状态跟踪、会议邀请、全文搜索及远程擦除、敏感字控制、邮件监控、公共邮箱、邮箱授权和加密、海外转发、密级邮件、数据报表、日志行为追溯等。', '/upload/image/software/111128-logo.png', -1.00, '<div class=WordSection1>\r\n\r\n<p style=\'margin-top:0cm;margin-right:0cm;margin-bottom:4.0pt;margin-left:0cm;\r\nbackground:white\'><span lang=EN-US style=\'font-size:10.5pt;font-family:\"微软雅黑\",\"sans-serif\";\r\ncolor:#333333\'><o:p>&nbsp;</o:p></span></p>\r\n\r\n<p style=\'margin-top:0cm;margin-right:0cm;margin-bottom:4.0pt;margin-left:0cm;\r\ntext-indent:21.0pt;mso-char-indent-count:2.0;background:white\'><span\r\nclass=SpellE><span lang=EN-US style=\'font-size:10.5pt;font-family:\"微软雅黑\",\"sans-serif\";\r\ncolor:#333333\'>Richmail</span></span><span style=\'font-size:10.5pt;font-family:\r\n\"微软雅黑\",\"sans-serif\";color:#333333\'>是亚太本土使用最广泛的电子邮件系统，到目前为止，服务于全国<span\r\nlang=EN-US><span style=\'box-sizing: border-box\'>4.5</span></span>亿终端用户，<span\r\nlang=EN-US><span style=\'box-sizing: border-box\'>3000</span></span>多家企业。<span\r\nclass=SpellE><span lang=EN-US><span style=\'box-sizing: border-box\'>Richmail</span></span></span>作为投资千万，自主研发的邮件系统，获得了多项发明专利，凭借移动化、套件化、能力开放及服务计量等等核心技术，持续引领全球邮箱领域的发展方向，每天数以亿计的智慧和信息在<span\r\nclass=SpellE><span lang=EN-US><span style=\'box-sizing: border-box\'>Richmail</span></span></span>汇聚、碰撞、传递。<span\r\nlang=EN-US><o:p></o:p></span></span></p>\r\n\r\n<p style=\'margin-top:0cm;margin-right:0cm;margin-bottom:4.0pt;margin-left:0cm;\r\ntext-indent:21.0pt;mso-char-indent-count:2.0;background:white;box-sizing: border-box;\r\nfont-variant-ligatures: normal;font-variant-caps: normal;orphans: 2;widows: 2;\r\n-webkit-text-stroke-width: 0px;text-decoration-style: initial;text-decoration-color: initial;\r\nword-spacing:0px\'><span class=SpellE><span lang=EN-US style=\'font-size:10.5pt;\r\nfont-family:\"微软雅黑\",\"sans-serif\";color:#333333\'>Richmail</span></span><span\r\nstyle=\'font-size:10.5pt;font-family:\"微软雅黑\",\"sans-serif\";color:#333333\'>从诞生之日起，就站在邮件技术的最高点，携带着“智慧”的基因，高标准构建的新一代智慧企业云邮件系统。大规模并发中的智能邮件调度，具有学习能力的反垃圾网关，多重的邮件认证、审核机制，一云多端、数据秒级同步，独有的存储和压缩技术……从基础层到应用层，处处体现着智慧。<span\r\nlang=EN-US><o:p></o:p></span></span></p>\r\n\r\n<p style=\'margin-top:0cm;margin-right:0cm;margin-bottom:4.0pt;margin-left:0cm;\r\ntext-indent:21.0pt;mso-char-indent-count:2.0;background:white;box-sizing: border-box;\r\nfont-variant-ligatures: normal;font-variant-caps: normal;orphans: 2;widows: 2;\r\n-webkit-text-stroke-width: 0px;text-decoration-style: initial;text-decoration-color: initial;\r\nword-spacing:0px\'><span style=\'font-size:10.5pt;font-family:\"微软雅黑\",\"sans-serif\";\r\ncolor:#333333\'>核心功能包含但不限于召回及状态跟踪、会议邀请、全文搜索及远程擦除、敏感字控制、邮件监控、公共邮箱、邮箱授权和加密、海外转发、密级邮件、数据报表、日志行为追溯等。<span\r\nlang=EN-US><o:p></o:p></span></span></p>\r\n\r\n<p class=MsoNormal><span lang=EN-US style=\'font-size:10.5pt\'><o:p>&nbsp;</o:p></span></p>\r\n\r\n<p class=MsoNormal><span lang=EN-US style=\'font-size:10.5pt\'><o:p>&nbsp;</o:p></span></p>\r\n\r\n<img src=\"/upload/image/software/111128-content.jpg\"/>\r\n\r\n</div>\r\n\r\n', 30, NULL, NULL, NULL, NULL, 500102, NULL, NULL, '彩讯科技股份有限公司', NULL, NULL, 1, 100001, '2018-09-19 15:21:25', NULL, NULL);
INSERT INTO `geic_software` VALUES (111129, '100101', '非标管家', '\r\n非标管家是智造家为非标自动化集成商、机械装备制造商、企业装备中心、机器人制造企业、工厂维修部门等用户提供的一款高效的非标零件采购管理工具，有效解决困扰非标零件外协的低效、易出错、交付高风险问题，助力企业供应链管理能力升级。', '/upload/image/software/111129-logo.jpg', -1.00, '<img src=\"/upload/image/software/111129-content.png\"/>', 30, NULL, NULL, NULL, NULL, 500102, NULL, NULL, '广州智造家网络科技有限公司', NULL, NULL, 1, 100001, '2018-09-19 15:23:08', NULL, NULL);
INSERT INTO `geic_software` VALUES (111130, '100103', '金蝶云财贸', '财务业务一体化管理工具（财务业务高效集成、多部门数据共享）', '/upload/image/software/111130-logo.png', -1.00, '<div class=WordSection1>\r\n\r\n<p style=\'margin-top:3.75pt;margin-right:0cm;margin-bottom:3.75pt;margin-left:\r\n21.0pt;mso-para-margin-top:3.75pt;mso-para-margin-right:0cm;mso-para-margin-bottom:\r\n3.75pt;mso-para-margin-left:1.91gd;background:white\'><strong><span lang=EN-US\r\nstyle=\'font-size:10.5pt;font-family:\"微软雅黑\",\"sans-serif\";mso-bidi-font-family:\r\n宋体;color:#333333\'><o:p>&nbsp;</o:p></span></strong></p>\r\n\r\n<p style=\'margin-top:3.75pt;margin-right:0cm;margin-bottom:3.75pt;margin-left:\r\n21.0pt;mso-para-margin-top:3.75pt;mso-para-margin-right:0cm;mso-para-margin-bottom:\r\n3.75pt;mso-para-margin-left:1.91gd;background:white\'><strong><span\r\nstyle=\'font-size:10.5pt;font-family:\"微软雅黑\",\"sans-serif\";mso-bidi-font-family:\r\n宋体;color:#333333\'>多仓库多门店连锁经营</span></strong><span lang=EN-US style=\'font-size:\r\n10.5pt;font-family:\"微软雅黑\",\"sans-serif\";color:#333333\'><o:p></o:p></span></p>\r\n\r\n<p style=\'margin-top:3.75pt;margin-right:0cm;margin-bottom:12.0pt;margin-left:\r\n21.0pt;mso-para-margin-top:3.75pt;mso-para-margin-right:0cm;mso-para-margin-bottom:\r\n12.0pt;mso-para-margin-left:1.91gd;background:white;box-sizing: border-box;\r\nfont-variant-ligatures: normal;font-variant-caps: normal;orphans: 2;text-align:\r\nstart;widows: 2;-webkit-text-stroke-width: 0px;text-decoration-style: initial;\r\ntext-decoration-color: initial;word-spacing:0px\'><span style=\'font-size:10.5pt;\r\nfont-family:\"微软雅黑\",\"sans-serif\";color:#333333\'>多分店业务可独立运营，财务数据统一核算<span\r\nlang=EN-US><o:p></o:p></span></span></p>\r\n\r\n<p style=\'margin-top:3.75pt;margin-right:0cm;margin-bottom:12.0pt;margin-left:\r\n21.0pt;mso-para-margin-top:3.75pt;mso-para-margin-right:0cm;mso-para-margin-bottom:\r\n12.0pt;mso-para-margin-left:1.91gd;background:white;box-sizing: border-box;\r\nfont-variant-ligatures: normal;font-variant-caps: normal;orphans: 2;text-align:\r\nstart;widows: 2;-webkit-text-stroke-width: 0px;text-decoration-style: initial;\r\ntext-decoration-color: initial;word-spacing:0px\'><strong style=\'box-sizing: border-box\'><span\r\nstyle=\'font-size:10.5pt;font-family:\"微软雅黑\",\"sans-serif\";mso-bidi-font-family:\r\n宋体;color:#333333\'>记账凭证自动生成</span></strong><b style=\'box-sizing: border-box\'><span\r\nlang=EN-US style=\'font-size:10.5pt;font-family:\"微软雅黑\",\"sans-serif\";color:#333333\'><br\r\nstyle=\'box-sizing: border-box\'>\r\n</span></b><span style=\'font-size:10.5pt;font-family:\"微软雅黑\",\"sans-serif\";\r\ncolor:#333333\'>业务单据自动生成记账凭证，效率提升<span lang=EN-US><span style=\'box-sizing: border-box\'>10</span></span>倍<span\r\nlang=EN-US><o:p></o:p></span></span></p>\r\n\r\n<p style=\'margin-top:3.75pt;margin-right:0cm;margin-bottom:12.0pt;margin-left:\r\n21.0pt;mso-para-margin-top:3.75pt;mso-para-margin-right:0cm;mso-para-margin-bottom:\r\n12.0pt;mso-para-margin-left:1.91gd;background:white;box-sizing: border-box;\r\nfont-variant-ligatures: normal;font-variant-caps: normal;orphans: 2;text-align:\r\nstart;widows: 2;-webkit-text-stroke-width: 0px;text-decoration-style: initial;\r\ntext-decoration-color: initial;word-spacing:0px\'><strong style=\'box-sizing: border-box\'><span\r\nstyle=\'font-size:10.5pt;font-family:\"微软雅黑\",\"sans-serif\";mso-bidi-font-family:\r\n宋体;color:#333333\'>财务业务数据及时掌控</span></strong><b style=\'box-sizing: border-box\'><span\r\nlang=EN-US style=\'font-size:10.5pt;font-family:\"微软雅黑\",\"sans-serif\";color:#333333\'><br\r\nstyle=\'box-sizing: border-box\'>\r\n</span></b><span style=\'font-size:10.5pt;font-family:\"微软雅黑\",\"sans-serif\";\r\ncolor:#333333\'>采购、销售、仓管相关业务流程清晰<span lang=EN-US><br style=\'box-sizing: border-box\'>\r\n<span style=\'box-sizing: border-box\'></span></span>财务可紧密把控业务过程，数据及时掌控，规避经营风险<span\r\nlang=EN-US><o:p></o:p></span></span></p>\r\n\r\n<p style=\'margin-top:3.75pt;margin-right:0cm;margin-bottom:3.75pt;margin-left:\r\n21.0pt;mso-para-margin-top:3.75pt;mso-para-margin-right:0cm;mso-para-margin-bottom:\r\n3.75pt;mso-para-margin-left:1.91gd;background:white;box-sizing: border-box;\r\nfont-variant-ligatures: normal;font-variant-caps: normal;orphans: 2;text-align:\r\nstart;widows: 2;-webkit-text-stroke-width: 0px;text-decoration-style: initial;\r\ntext-decoration-color: initial;word-spacing:0px\'><strong style=\'box-sizing: border-box\'><span\r\nstyle=\'font-size:10.5pt;font-family:\"微软雅黑\",\"sans-serif\";mso-bidi-font-family:\r\n宋体;color:#333333\'>集成云<span lang=EN-US><span style=\'box-sizing: border-box\'>POS</span></span>门店管理</span></strong><b\r\nstyle=\'box-sizing: border-box\'><span lang=EN-US style=\'font-size:10.5pt;\r\nfont-family:\"微软雅黑\",\"sans-serif\";color:#333333\'><br style=\'box-sizing: border-box\'>\r\n</span></b><span style=\'font-size:10.5pt;font-family:\"微软雅黑\",\"sans-serif\";\r\ncolor:#333333\'>支持多种支付方式<span lang=EN-US><br style=\'box-sizing: border-box\'>\r\n<span style=\'box-sizing: border-box\'></span></span>收银入账更快捷<span lang=EN-US><o:p></o:p></span></span></p>\r\n\r\n<p class=MsoNormal><span lang=EN-US style=\'font-size:10.5pt\'><o:p>&nbsp;</o:p></span></p>\r\n\r\n</div>', 30, NULL, NULL, NULL, NULL, 500102, NULL, NULL, '深圳市金蝶精斗云网络科技有限公司', NULL, NULL, 1, 100001, '2018-09-19 15:23:59', NULL, NULL);
INSERT INTO `geic_software` VALUES (111131, '100103', '金蝶云会计', '为小微企业量身定制的财务管理工具(随时随地记账、多人协同记账、提高财务管理效率）', '/upload/image/software/111131-logo.png', -1.00, '<div class=WordSection1>\r\n\r\n<p style=\'margin-top:3.75pt;margin-right:0cm;margin-bottom:3.75pt;margin-left:\r\n32.0pt;mso-para-margin-top:3.75pt;mso-para-margin-right:0cm;mso-para-margin-bottom:\r\n3.75pt;mso-para-margin-left:2.91gd;background:white\'><strong><span lang=EN-US\r\nstyle=\'font-size:10.5pt;font-family:\"微软雅黑\",\"sans-serif\";mso-bidi-font-family:\r\n宋体;color:#333333\'><o:p>&nbsp;</o:p></span></strong></p>\r\n\r\n<p class=MsoNormal style=\'margin-left:11.0pt;mso-para-margin-left:1.0gd\'><strong><span\r\nstyle=\'font-size:10.5pt;font-family:\"微软雅黑\",\"sans-serif\";mso-bidi-font-family:\r\n\"Times New Roman\";mso-bidi-theme-font:minor-bidi;color:#2F2F2F;background:white\'>简单高效</span></strong><span\r\nlang=EN-US style=\'font-size:10.5pt;font-family:\"微软雅黑\",\"sans-serif\";color:#2F2F2F\'><br\r\nstyle=\'box-sizing: border-box;font-variant-ligatures: normal;font-variant-caps: normal;\r\norphans: 2;widows: 2;-webkit-text-stroke-width: 0px;text-decoration-style: initial;\r\ntext-decoration-color: initial;word-spacing:0px\'>\r\n</span><span style=\'font-size:10.5pt;font-family:\"微软雅黑\",\"sans-serif\";\r\ncolor:#2F2F2F;background:white\'><span style=\'font-variant-ligatures: normal;\r\nfont-variant-caps: normal;orphans: 2;widows: 2;-webkit-text-stroke-width: 0px;\r\ntext-decoration-style: initial;text-decoration-color: initial;float:none;\r\nword-spacing:0px\'>免安装、免维护、自动升级，</span><span lang=EN-US><span style=\'box-sizing: border-box;\r\nfont-variant-ligatures: normal;font-variant-caps: normal;orphans: 2;widows: 2;\r\n-webkit-text-stroke-width: 0px;text-decoration-style: initial;text-decoration-color: initial;\r\nword-spacing:0px\'>3</span></span><span style=\'font-variant-ligatures: normal;\r\nfont-variant-caps: normal;orphans: 2;widows: 2;-webkit-text-stroke-width: 0px;\r\ntext-decoration-style: initial;text-decoration-color: initial;float:none;\r\nword-spacing:0px\'>秒完成初始化，简单开始</span></span><span lang=EN-US style=\'font-size:\r\n10.5pt;font-family:\"微软雅黑\",\"sans-serif\";color:#2F2F2F\'><br style=\'box-sizing: border-box;\r\nfont-variant-ligatures: normal;font-variant-caps: normal;orphans: 2;widows: 2;\r\n-webkit-text-stroke-width: 0px;text-decoration-style: initial;text-decoration-color: initial;\r\nword-spacing:0px\'>\r\n</span><span style=\'font-size:10.5pt;font-family:\"微软雅黑\",\"sans-serif\";\r\ncolor:#2F2F2F;background:white\'><span style=\'font-variant-ligatures: normal;\r\nfont-variant-caps: normal;orphans: 2;widows: 2;-webkit-text-stroke-width: 0px;\r\ntext-decoration-style: initial;text-decoration-color: initial;float:none;\r\nword-spacing:0px\'>兼容主流财务软件，财务数据一键导入，无需手工录入、</span></span><span lang=EN-US\r\nstyle=\'font-size:10.5pt;font-family:\"微软雅黑\",\"sans-serif\";color:#2F2F2F\'><br\r\nstyle=\'box-sizing: border-box;font-variant-ligatures: normal;font-variant-caps: normal;\r\norphans: 2;widows: 2;-webkit-text-stroke-width: 0px;text-decoration-style: initial;\r\ntext-decoration-color: initial;word-spacing:0px\'>\r\n</span><span style=\'font-size:10.5pt;font-family:\"微软雅黑\",\"sans-serif\";\r\ncolor:#2F2F2F;background:white\'><span style=\'font-variant-ligatures: normal;\r\nfont-variant-caps: normal;orphans: 2;widows: 2;-webkit-text-stroke-width: 0px;\r\ntext-decoration-style: initial;text-decoration-color: initial;float:none;\r\nword-spacing:0px\'>无需</span><span lang=EN-US><span style=\'box-sizing: border-box;\r\nfont-variant-ligatures: normal;font-variant-caps: normal;orphans: 2;widows: 2;\r\n-webkit-text-stroke-width: 0px;text-decoration-style: initial;text-decoration-color: initial;\r\nword-spacing:0px\'>excel</span></span><span style=\'font-variant-ligatures: normal;\r\nfont-variant-caps: normal;orphans: 2;widows: 2;-webkit-text-stroke-width: 0px;\r\ntext-decoration-style: initial;text-decoration-color: initial;float:none;\r\nword-spacing:0px\'>导入，简单高效</span></span><span lang=EN-US style=\'font-size:10.5pt;\r\nfont-family:\"微软雅黑\",\"sans-serif\";color:#2F2F2F\'><br style=\'box-sizing: border-box;\r\nfont-variant-ligatures: normal;font-variant-caps: normal;orphans: 2;widows: 2;\r\n-webkit-text-stroke-width: 0px;text-decoration-style: initial;text-decoration-color: initial;\r\nword-spacing:0px\'>\r\n</span><span style=\'font-size:10.5pt;font-family:\"微软雅黑\",\"sans-serif\";\r\ncolor:#2F2F2F;background:white\'><span style=\'font-variant-ligatures: normal;\r\nfont-variant-caps: normal;orphans: 2;widows: 2;-webkit-text-stroke-width: 0px;\r\ntext-decoration-style: initial;text-decoration-color: initial;float:none;\r\nword-spacing:0px\'>账簿、会计报表自动生成；一键结账，支持跨期反结账</span><span lang=EN-US><o:p></o:p></span></span></p>\r\n\r\n<p class=MsoNormal style=\'margin-left:11.0pt;mso-para-margin-left:1.0gd\'><span\r\nlang=EN-US style=\'font-size:10.5pt;font-family:\"微软雅黑\",\"sans-serif\";color:#2F2F2F\'><br>\r\n</span><strong style=\'box-sizing: border-box;font-variant-ligatures: normal;\r\nfont-variant-caps: normal;orphans: 2;widows: 2;-webkit-text-stroke-width: 0px;\r\ntext-decoration-style: initial;text-decoration-color: initial;word-spacing:\r\n0px\'><span style=\'font-size:10.5pt;font-family:\"微软雅黑\",\"sans-serif\";mso-bidi-font-family:\r\n\"Times New Roman\";mso-bidi-theme-font:minor-bidi;color:#2F2F2F;background:white\'>智能凭证</span></strong><span\r\nlang=EN-US style=\'font-size:10.5pt;font-family:\"微软雅黑\",\"sans-serif\";color:#2F2F2F\'><br\r\nstyle=\'box-sizing: border-box;font-variant-ligatures: normal;font-variant-caps: normal;\r\norphans: 2;widows: 2;-webkit-text-stroke-width: 0px;text-decoration-style: initial;\r\ntext-decoration-color: initial;word-spacing:0px\'>\r\n</span><span style=\'font-size:10.5pt;font-family:\"微软雅黑\",\"sans-serif\";\r\ncolor:#2F2F2F;background:white\'><span style=\'font-variant-ligatures: normal;\r\nfont-variant-caps: normal;orphans: 2;widows: 2;-webkit-text-stroke-width: 0px;\r\ntext-decoration-style: initial;text-decoration-color: initial;float:none;\r\nword-spacing:0px\'>手机拍照，智能记账；丰富的凭证模板，快速录入凭证</span></span><span lang=EN-US\r\nstyle=\'font-size:10.5pt;font-family:\"微软雅黑\",\"sans-serif\";color:#2F2F2F\'><br\r\nstyle=\'box-sizing: border-box;font-variant-ligatures: normal;font-variant-caps: normal;\r\norphans: 2;widows: 2;-webkit-text-stroke-width: 0px;text-decoration-style: initial;\r\ntext-decoration-color: initial;word-spacing:0px\'>\r\n</span><span style=\'font-size:10.5pt;font-family:\"微软雅黑\",\"sans-serif\";\r\ncolor:#2F2F2F;background:white\'><span style=\'font-variant-ligatures: normal;\r\nfont-variant-caps: normal;orphans: 2;widows: 2;-webkit-text-stroke-width: 0px;\r\ntext-decoration-style: initial;text-decoration-color: initial;float:none;\r\nword-spacing:0px\'>集成进销存，进销存单据直接生成会计凭证，采购、销售、</span></span><span lang=EN-US\r\nstyle=\'font-size:10.5pt;font-family:\"微软雅黑\",\"sans-serif\";color:#2F2F2F\'><br\r\nstyle=\'box-sizing: border-box;font-variant-ligatures: normal;font-variant-caps: normal;\r\norphans: 2;widows: 2;-webkit-text-stroke-width: 0px;text-decoration-style: initial;\r\ntext-decoration-color: initial;word-spacing:0px\'>\r\n</span><span style=\'font-size:10.5pt;font-family:\"微软雅黑\",\"sans-serif\";\r\ncolor:#2F2F2F;background:white\'><span style=\'font-variant-ligatures: normal;\r\nfont-variant-caps: normal;orphans: 2;widows: 2;-webkit-text-stroke-width: 0px;\r\ntext-decoration-style: initial;text-decoration-color: initial;float:none;\r\nword-spacing:0px\'>税金、往来、成本核算即时完成，一体化操作高效省心</span></span><span lang=EN-US\r\nstyle=\'font-size:10.5pt;font-family:\"微软雅黑\",\"sans-serif\";color:#2F2F2F\'><br\r\nstyle=\'box-sizing: border-box;font-variant-ligatures: normal;font-variant-caps: normal;\r\norphans: 2;widows: 2;-webkit-text-stroke-width: 0px;text-decoration-style: initial;\r\ntext-decoration-color: initial;word-spacing:0px\'>\r\n</span><span style=\'font-size:10.5pt;font-family:\"微软雅黑\",\"sans-serif\";\r\ncolor:#2F2F2F;background:white\'><span style=\'font-variant-ligatures: normal;\r\nfont-variant-caps: normal;orphans: 2;widows: 2;-webkit-text-stroke-width: 0px;\r\ntext-decoration-style: initial;text-decoration-color: initial;float:none;\r\nword-spacing:0px\'>集成云报销，审批、付款、日记账、记账凭证一气呵成，</span></span><span lang=EN-US\r\nstyle=\'font-size:10.5pt;font-family:\"微软雅黑\",\"sans-serif\";color:#2F2F2F\'><br\r\nstyle=\'box-sizing: border-box;font-variant-ligatures: normal;font-variant-caps: normal;\r\norphans: 2;widows: 2;-webkit-text-stroke-width: 0px;text-decoration-style: initial;\r\ntext-decoration-color: initial;word-spacing:0px\'>\r\n</span><span style=\'font-size:10.5pt;font-family:\"微软雅黑\",\"sans-serif\";\r\ncolor:#2F2F2F;background:white\'><span style=\'font-variant-ligatures: normal;\r\nfont-variant-caps: normal;orphans: 2;widows: 2;-webkit-text-stroke-width: 0px;\r\ntext-decoration-style: initial;text-decoration-color: initial;float:none;\r\nword-spacing:0px\'>让工作更简单高效</span><span lang=EN-US><o:p></o:p></span></span></p>\r\n\r\n<p class=MsoNormal style=\'margin-left:11.0pt;mso-para-margin-left:1.0gd\'><span\r\nlang=EN-US style=\'font-size:10.5pt;font-family:\"微软雅黑\",\"sans-serif\";color:#2F2F2F\'><br>\r\n</span><strong style=\'box-sizing: border-box;font-variant-ligatures: normal;\r\nfont-variant-caps: normal;orphans: 2;widows: 2;-webkit-text-stroke-width: 0px;\r\ntext-decoration-style: initial;text-decoration-color: initial;word-spacing:\r\n0px\'><span style=\'font-size:10.5pt;font-family:\"微软雅黑\",\"sans-serif\";mso-bidi-font-family:\r\n\"Times New Roman\";mso-bidi-theme-font:minor-bidi;color:#2F2F2F;background:white\'>智能报表</span></strong><span\r\nlang=EN-US style=\'font-size:10.5pt;font-family:\"微软雅黑\",\"sans-serif\";color:#2F2F2F\'><br\r\nstyle=\'box-sizing: border-box;font-variant-ligatures: normal;font-variant-caps: normal;\r\norphans: 2;widows: 2;-webkit-text-stroke-width: 0px;text-decoration-style: initial;\r\ntext-decoration-color: initial;word-spacing:0px\'>\r\n</span><span style=\'font-size:10.5pt;font-family:\"微软雅黑\",\"sans-serif\";\r\ncolor:#2F2F2F;background:white\'><span style=\'font-variant-ligatures: normal;\r\nfont-variant-caps: normal;orphans: 2;widows: 2;-webkit-text-stroke-width: 0px;\r\ntext-decoration-style: initial;text-decoration-color: initial;float:none;\r\nword-spacing:0px\'>营业收入、利润、应收应付、费用统计等报表图形化展示，企业经营状况一目了然</span></span><span\r\nlang=EN-US style=\'font-size:10.5pt;font-family:\"微软雅黑\",\"sans-serif\";color:#2F2F2F\'><br\r\nstyle=\'box-sizing: border-box;font-variant-ligatures: normal;font-variant-caps: normal;\r\norphans: 2;widows: 2;-webkit-text-stroke-width: 0px;text-decoration-style: initial;\r\ntext-decoration-color: initial;word-spacing:0px\'>\r\n</span><span style=\'font-size:10.5pt;font-family:\"微软雅黑\",\"sans-serif\";\r\ncolor:#2F2F2F;background:white\'><span style=\'font-variant-ligatures: normal;\r\nfont-variant-caps: normal;orphans: 2;widows: 2;-webkit-text-stroke-width: 0px;\r\ntext-decoration-style: initial;text-decoration-color: initial;float:none;\r\nword-spacing:0px\'>报销、工资、销售费用等进行结构、趋势分析，实时了解费用构成和趋势，精细化企业管理</span></span><span\r\nlang=EN-US style=\'font-size:10.5pt;font-family:\"微软雅黑\",\"sans-serif\";color:#2F2F2F\'><br\r\nstyle=\'box-sizing: border-box;font-variant-ligatures: normal;font-variant-caps: normal;\r\norphans: 2;widows: 2;-webkit-text-stroke-width: 0px;text-decoration-style: initial;\r\ntext-decoration-color: initial;word-spacing:0px\'>\r\n</span><span style=\'font-size:10.5pt;font-family:\"微软雅黑\",\"sans-serif\";\r\ncolor:#2F2F2F;background:white\'><span style=\'font-variant-ligatures: normal;\r\nfont-variant-caps: normal;orphans: 2;widows: 2;-webkit-text-stroke-width: 0px;\r\ntext-decoration-style: initial;text-decoration-color: initial;float:none;\r\nword-spacing:0px\'>新三板对标分析，帮助企业优化财务指标，助力企业早日上市</span><span lang=EN-US><o:p></o:p></span></span></p>\r\n\r\n<p class=MsoNormal style=\'margin-left:11.0pt;mso-para-margin-left:1.0gd\'><span\r\nlang=EN-US style=\'font-size:10.5pt\'><o:p>&nbsp;</o:p></span></p>\r\n\r\n</div>', 30, NULL, NULL, NULL, NULL, 500102, NULL, NULL, '深圳市金蝶精斗云网络科技有限公司', NULL, NULL, 1, 100001, '2018-09-19 15:25:37', NULL, NULL);
INSERT INTO `geic_software` VALUES (111132, '100103', '金蝶云进销存', '一站式生意管理工具（多门店、多仓库协同办公、多部门数据共享）', '/upload/image/software/111132-logo.png', -1.00, '<div class=WordSection1>\r\n\r\n<p class=MsoNormal style=\'margin-left:42.0pt\'><strong><span lang=EN-US\r\nstyle=\'font-size:10.5pt;font-family:\"微软雅黑\",\"sans-serif\";mso-bidi-font-family:\r\n\"Times New Roman\";mso-bidi-theme-font:minor-bidi;color:#2F2F2F;background:white\'><o:p>&nbsp;</o:p></span></strong></p>\r\n\r\n<p class=MsoNormal style=\'margin-left:42.0pt\'><strong><span lang=EN-US\r\nstyle=\'font-size:10.5pt;font-family:\"微软雅黑\",\"sans-serif\";mso-bidi-font-family:\r\n\"Times New Roman\";mso-bidi-theme-font:minor-bidi;color:#2F2F2F;background:white\'>360</span></strong><strong\r\nstyle=\'box-sizing: border-box;font-variant-ligatures: normal;font-variant-caps: normal;\r\norphans: 2;widows: 2;-webkit-text-stroke-width: 0px;text-decoration-style: initial;\r\ntext-decoration-color: initial;word-spacing:0px\'><span style=\'font-size:10.5pt;\r\nfont-family:\"微软雅黑\",\"sans-serif\";mso-bidi-font-family:\"Times New Roman\";\r\nmso-bidi-theme-font:minor-bidi;color:#2F2F2F;background:white\'>行，行行支持</span></strong><span\r\nlang=EN-US style=\'font-size:10.5pt;font-family:\"微软雅黑\",\"sans-serif\";color:#2F2F2F\'><br\r\nstyle=\'box-sizing: border-box;font-variant-ligatures: normal;font-variant-caps: normal;\r\norphans: 2;widows: 2;-webkit-text-stroke-width: 0px;text-decoration-style: initial;\r\ntext-decoration-color: initial;word-spacing:0px\'>\r\n</span><span style=\'font-size:10.5pt;font-family:\"微软雅黑\",\"sans-serif\";\r\ncolor:#2F2F2F;background:white\'><span style=\'font-variant-ligatures: normal;\r\nfont-variant-caps: normal;orphans: 2;widows: 2;-webkit-text-stroke-width: 0px;\r\ntext-decoration-style: initial;text-decoration-color: initial;float:none;\r\nword-spacing:0px\'>支持行业拓展，满足不同行业需求</span></span><span lang=EN-US\r\nstyle=\'font-size:10.5pt;font-family:\"微软雅黑\",\"sans-serif\";color:#2F2F2F\'><br\r\nstyle=\'box-sizing: border-box;font-variant-ligatures: normal;font-variant-caps: normal;\r\norphans: 2;widows: 2;-webkit-text-stroke-width: 0px;text-decoration-style: initial;\r\ntext-decoration-color: initial;word-spacing:0px\'>\r\n</span><span style=\'font-size:10.5pt;font-family:\"微软雅黑\",\"sans-serif\";\r\ncolor:#2F2F2F;background:white\'><span style=\'font-variant-ligatures: normal;\r\nfont-variant-caps: normal;orphans: 2;widows: 2;-webkit-text-stroke-width: 0px;\r\ntext-decoration-style: initial;text-decoration-color: initial;float:none;\r\nword-spacing:0px\'>服装鞋帽：颜色</span><span lang=EN-US><span style=\'box-sizing: border-box;\r\nfont-variant-ligatures: normal;font-variant-caps: normal;orphans: 2;widows: 2;\r\n-webkit-text-stroke-width: 0px;text-decoration-style: initial;text-decoration-color: initial;\r\nword-spacing:0px\'>/</span></span><span style=\'font-variant-ligatures: normal;\r\nfont-variant-caps: normal;orphans: 2;widows: 2;-webkit-text-stroke-width: 0px;\r\ntext-decoration-style: initial;text-decoration-color: initial;float:none;\r\nword-spacing:0px\'>尺码</span><span lang=EN-US><span style=\'box-sizing: border-box;\r\nfont-variant-ligatures: normal;font-variant-caps: normal;orphans: 2;widows: 2;\r\n-webkit-text-stroke-width: 0px;text-decoration-style: initial;text-decoration-color: initial;\r\nword-spacing:0px\'>/</span></span><span style=\'font-variant-ligatures: normal;\r\nfont-variant-caps: normal;orphans: 2;widows: 2;-webkit-text-stroke-width: 0px;\r\ntext-decoration-style: initial;text-decoration-color: initial;float:none;\r\nword-spacing:0px\'>款式等多属性支持</span></span><span lang=EN-US style=\'font-size:10.5pt;\r\nfont-family:\"微软雅黑\",\"sans-serif\";color:#2F2F2F\'><br style=\'box-sizing: border-box;\r\nfont-variant-ligatures: normal;font-variant-caps: normal;orphans: 2;widows: 2;\r\n-webkit-text-stroke-width: 0px;text-decoration-style: initial;text-decoration-color: initial;\r\nword-spacing:0px\'>\r\n</span><span style=\'font-size:10.5pt;font-family:\"微软雅黑\",\"sans-serif\";\r\ncolor:#2F2F2F;background:white\'><span style=\'font-variant-ligatures: normal;\r\nfont-variant-caps: normal;orphans: 2;widows: 2;-webkit-text-stroke-width: 0px;\r\ntext-decoration-style: initial;text-decoration-color: initial;float:none;\r\nword-spacing:0px\'>食品医疗：批次</span><span lang=EN-US><span style=\'box-sizing: border-box;\r\nfont-variant-ligatures: normal;font-variant-caps: normal;orphans: 2;widows: 2;\r\n-webkit-text-stroke-width: 0px;text-decoration-style: initial;text-decoration-color: initial;\r\nword-spacing:0px\'>/</span></span><span style=\'font-variant-ligatures: normal;\r\nfont-variant-caps: normal;orphans: 2;widows: 2;-webkit-text-stroke-width: 0px;\r\ntext-decoration-style: initial;text-decoration-color: initial;float:none;\r\nword-spacing:0px\'>保质期管理</span></span><span lang=EN-US style=\'font-size:10.5pt;\r\nfont-family:\"微软雅黑\",\"sans-serif\";color:#2F2F2F\'><br style=\'box-sizing: border-box;\r\nfont-variant-ligatures: normal;font-variant-caps: normal;orphans: 2;widows: 2;\r\n-webkit-text-stroke-width: 0px;text-decoration-style: initial;text-decoration-color: initial;\r\nword-spacing:0px\'>\r\n<span style=\'background:white\'><span style=\'font-variant-ligatures: normal;\r\nfont-variant-caps: normal;orphans: 2;widows: 2;-webkit-text-stroke-width: 0px;\r\ntext-decoration-style: initial;text-decoration-color: initial;float:none;\r\nword-spacing:0px\'>3C</span></span><span style=\'font-size:10.5pt;font-family:\r\n\"微软雅黑\",\"sans-serif\";color:#2F2F2F;background:white\'>数码：序列号、颜色、版本、套装等多属性管理</span></span><span\r\nlang=EN-US style=\'font-size:10.5pt;font-family:\"微软雅黑\",\"sans-serif\";color:#2F2F2F\'><br\r\nstyle=\'box-sizing: border-box;font-variant-ligatures: normal;font-variant-caps: normal;\r\norphans: 2;widows: 2;-webkit-text-stroke-width: 0px;text-decoration-style: initial;\r\ntext-decoration-color: initial;word-spacing:0px\'>\r\n<br style=\'box-sizing: border-box;font-variant-ligatures: normal;font-variant-caps: normal;\r\norphans: 2;widows: 2;-webkit-text-stroke-width: 0px;text-decoration-style: initial;\r\ntext-decoration-color: initial;word-spacing:0px\'>\r\n</span><strong style=\'box-sizing: border-box;font-variant-ligatures: normal;\r\nfont-variant-caps: normal;orphans: 2;widows: 2;-webkit-text-stroke-width: 0px;\r\ntext-decoration-style: initial;text-decoration-color: initial;word-spacing:\r\n0px\'><span style=\'font-size:10.5pt;font-family:\"微软雅黑\",\"sans-serif\";mso-bidi-font-family:\r\n\"Times New Roman\";mso-bidi-theme-font:minor-bidi;color:#2F2F2F;background:white\'>多端应用，随时随地大理生意</span></strong><span\r\nlang=EN-US style=\'font-size:10.5pt;font-family:\"微软雅黑\",\"sans-serif\";color:#2F2F2F\'><br\r\nstyle=\'box-sizing: border-box;font-variant-ligatures: normal;font-variant-caps: normal;\r\norphans: 2;widows: 2;-webkit-text-stroke-width: 0px;text-decoration-style: initial;\r\ntext-decoration-color: initial;word-spacing:0px\'>\r\n</span><span style=\'font-size:10.5pt;font-family:\"微软雅黑\",\"sans-serif\";\r\ncolor:#2F2F2F;background:white\'><span style=\'font-variant-ligatures: normal;\r\nfont-variant-caps: normal;orphans: 2;widows: 2;-webkit-text-stroke-width: 0px;\r\ntext-decoration-style: initial;text-decoration-color: initial;float:none;\r\nword-spacing:0px\'>电脑端、手机端、微信端、</span><span lang=EN-US><span style=\'box-sizing: border-box;\r\nfont-variant-ligatures: normal;font-variant-caps: normal;orphans: 2;widows: 2;\r\n-webkit-text-stroke-width: 0px;text-decoration-style: initial;text-decoration-color: initial;\r\nword-spacing:0px\'>APP</span></span><span style=\'font-variant-ligatures: normal;\r\nfont-variant-caps: normal;orphans: 2;widows: 2;-webkit-text-stroke-width: 0px;\r\ntext-decoration-style: initial;text-decoration-color: initial;float:none;\r\nword-spacing:0px\'>多端通用，数据实时同步</span></span><span lang=EN-US style=\'font-size:\r\n10.5pt;font-family:\"微软雅黑\",\"sans-serif\";color:#2F2F2F\'><br style=\'box-sizing: border-box;\r\nfont-variant-ligatures: normal;font-variant-caps: normal;orphans: 2;widows: 2;\r\n-webkit-text-stroke-width: 0px;text-decoration-style: initial;text-decoration-color: initial;\r\nword-spacing:0px\'>\r\n</span><span style=\'font-size:10.5pt;font-family:\"微软雅黑\",\"sans-serif\";\r\ncolor:#2F2F2F;background:white\'><span style=\'font-variant-ligatures: normal;\r\nfont-variant-caps: normal;orphans: 2;widows: 2;-webkit-text-stroke-width: 0px;\r\ntext-decoration-style: initial;text-decoration-color: initial;float:none;\r\nword-spacing:0px\'>支持管理多仓库、多门店、多分公司进销存业务</span></span><span lang=EN-US\r\nstyle=\'font-size:10.5pt;font-family:\"微软雅黑\",\"sans-serif\";color:#2F2F2F\'><br\r\nstyle=\'box-sizing: border-box;font-variant-ligatures: normal;font-variant-caps: normal;\r\norphans: 2;widows: 2;-webkit-text-stroke-width: 0px;text-decoration-style: initial;\r\ntext-decoration-color: initial;word-spacing:0px\'>\r\n</span><span style=\'font-size:10.5pt;font-family:\"微软雅黑\",\"sans-serif\";\r\ncolor:#2F2F2F;background:white\'><span style=\'font-variant-ligatures: normal;\r\nfont-variant-caps: normal;orphans: 2;widows: 2;-webkit-text-stroke-width: 0px;\r\ntext-decoration-style: initial;text-decoration-color: initial;float:none;\r\nword-spacing:0px\'>支持总仓</span><span lang=EN-US><span style=\'box-sizing: border-box;\r\nfont-variant-ligatures: normal;font-variant-caps: normal;orphans: 2;widows: 2;\r\n-webkit-text-stroke-width: 0px;text-decoration-style: initial;text-decoration-color: initial;\r\nword-spacing:0px\'>/</span></span><span style=\'font-variant-ligatures: normal;\r\nfont-variant-caps: normal;orphans: 2;widows: 2;-webkit-text-stroke-width: 0px;\r\ntext-decoration-style: initial;text-decoration-color: initial;float:none;\r\nword-spacing:0px\'>分仓核算成本利润，集中核算</span><span lang=EN-US><span style=\'box-sizing: border-box;\r\nfont-variant-ligatures: normal;font-variant-caps: normal;orphans: 2;widows: 2;\r\n-webkit-text-stroke-width: 0px;text-decoration-style: initial;text-decoration-color: initial;\r\nword-spacing:0px\'>/</span></span><span style=\'font-variant-ligatures: normal;\r\nfont-variant-caps: normal;orphans: 2;widows: 2;-webkit-text-stroke-width: 0px;\r\ntext-decoration-style: initial;text-decoration-color: initial;float:none;\r\nword-spacing:0px\'>独立核算</span></span><span lang=EN-US style=\'font-size:10.5pt;\r\nfont-family:\"微软雅黑\",\"sans-serif\";color:#2F2F2F\'><br style=\'box-sizing: border-box;\r\nfont-variant-ligatures: normal;font-variant-caps: normal;orphans: 2;widows: 2;\r\n-webkit-text-stroke-width: 0px;text-decoration-style: initial;text-decoration-color: initial;\r\nword-spacing:0px\'>\r\n<br style=\'box-sizing: border-box;font-variant-ligatures: normal;font-variant-caps: normal;\r\norphans: 2;widows: 2;-webkit-text-stroke-width: 0px;text-decoration-style: initial;\r\ntext-decoration-color: initial;word-spacing:0px\'>\r\n</span><strong style=\'box-sizing: border-box;font-variant-ligatures: normal;\r\nfont-variant-caps: normal;orphans: 2;widows: 2;-webkit-text-stroke-width: 0px;\r\ntext-decoration-style: initial;text-decoration-color: initial;word-spacing:\r\n0px\'><span style=\'font-size:10.5pt;font-family:\"微软雅黑\",\"sans-serif\";mso-bidi-font-family:\r\n\"Times New Roman\";mso-bidi-theme-font:minor-bidi;color:#2F2F2F;background:white\'>智能高效</span></strong><span\r\nlang=EN-US style=\'font-size:10.5pt;font-family:\"微软雅黑\",\"sans-serif\";color:#2F2F2F\'><br\r\nstyle=\'box-sizing: border-box;font-variant-ligatures: normal;font-variant-caps: normal;\r\norphans: 2;widows: 2;-webkit-text-stroke-width: 0px;text-decoration-style: initial;\r\ntext-decoration-color: initial;word-spacing:0px\'>\r\n</span><span style=\'font-size:10.5pt;font-family:\"微软雅黑\",\"sans-serif\";\r\ncolor:#2F2F2F;background:white\'><span style=\'font-variant-ligatures: normal;\r\nfont-variant-caps: normal;orphans: 2;widows: 2;-webkit-text-stroke-width: 0px;\r\ntext-decoration-style: initial;text-decoration-color: initial;float:none;\r\nword-spacing:0px\'>智能补货，保证库存充足</span></span><span lang=EN-US style=\'font-size:\r\n10.5pt;font-family:\"微软雅黑\",\"sans-serif\";color:#2F2F2F\'><br style=\'box-sizing: border-box;\r\nfont-variant-ligatures: normal;font-variant-caps: normal;orphans: 2;widows: 2;\r\n-webkit-text-stroke-width: 0px;text-decoration-style: initial;text-decoration-color: initial;\r\nword-spacing:0px\'>\r\n</span><span style=\'font-size:10.5pt;font-family:\"微软雅黑\",\"sans-serif\";\r\ncolor:#2F2F2F;background:white\'><span style=\'font-variant-ligatures: normal;\r\nfont-variant-caps: normal;orphans: 2;widows: 2;-webkit-text-stroke-width: 0px;\r\ntext-decoration-style: initial;text-decoration-color: initial;float:none;\r\nword-spacing:0px\'>价格记忆，最近售价自动带出，避免报价混乱</span></span><span lang=EN-US\r\nstyle=\'font-size:10.5pt;font-family:\"微软雅黑\",\"sans-serif\";color:#2F2F2F\'><br\r\nstyle=\'box-sizing: border-box;font-variant-ligatures: normal;font-variant-caps: normal;\r\norphans: 2;widows: 2;-webkit-text-stroke-width: 0px;text-decoration-style: initial;\r\ntext-decoration-color: initial;word-spacing:0px\'>\r\n</span><span style=\'font-size:10.5pt;font-family:\"微软雅黑\",\"sans-serif\";\r\ncolor:#2F2F2F;background:white\'><span style=\'font-variant-ligatures: normal;\r\nfont-variant-caps: normal;orphans: 2;widows: 2;-webkit-text-stroke-width: 0px;\r\ntext-decoration-style: initial;text-decoration-color: initial;float:none;\r\nword-spacing:0px\'>一键成本重算，解决多批次产品库存成本不同的问题</span><span lang=EN-US><o:p></o:p></span></span></p>\r\n\r\n<p class=MsoNormal style=\'margin-left:42.0pt\'><span lang=EN-US\r\nstyle=\'font-size:10.5pt\'><o:p>&nbsp;</o:p></span></p>\r\n\r\n</div>', 30, NULL, NULL, NULL, NULL, 500102, NULL, NULL, '深圳市金蝶精斗云网络科技有限公司', NULL, NULL, 1, 100001, '2018-09-19 15:26:53', NULL, NULL);
INSERT INTO `geic_software` VALUES (111133, '100101', '深信服云桌面', '深信服云桌面解决方案，是基于融合架构的新型桌面模式，通过深度整合服务器虚拟化、桌面虚拟化及存储虚拟化，只需桌面云一体机和云终端两种设备，即可实现云平台的快速交付，为用户提供操作体验及软硬件兼容性媲美PC，更安全、更高效的云桌面。', '/upload/image/software/111133-logo.png', -1.00, '<div class=WordSection1>\r\n\r\n<p style=\'margin-top:3.75pt;margin-right:0cm;margin-bottom:3.75pt;margin-left:\r\n0cm;background:white\'><b><span lang=EN-US style=\'font-size:10.5pt;font-family:\r\n\"微软雅黑\",\"sans-serif\";color:#333333\'><o:p>&nbsp;</o:p></span></b></p>\r\n\r\n<p style=\'margin-top:3.75pt;margin-right:0cm;margin-bottom:3.75pt;margin-left:\r\n0cm;background:white\'><b><span style=\'font-size:10.5pt;font-family:\"微软雅黑\",\"sans-serif\";\r\ncolor:#333333\'>应用介绍</span></b><span lang=EN-US style=\'font-size:10.5pt;\r\nfont-family:\"微软雅黑\",\"sans-serif\";color:#333333\'><o:p></o:p></span></p>\r\n\r\n<p style=\'margin-top:3.75pt;margin-right:0cm;margin-bottom:3.75pt;margin-left:\r\n0cm;text-indent:21.0pt;mso-char-indent-count:2.0;background:white;box-sizing: border-box;\r\nfont-variant-ligatures: normal;font-variant-caps: normal;orphans: 2;widows: 2;\r\n-webkit-text-stroke-width: 0px;text-decoration-style: initial;text-decoration-color: initial;\r\nword-spacing:0px\'><span style=\'font-size:10.5pt;font-family:\"微软雅黑\",\"sans-serif\";\r\ncolor:#333333\'>深信服桌面云将原来绑定在<span lang=EN-US><span style=\'box-sizing: border-box\'>PC</span></span>上的桌面、应用和数据全部集中到数据中心，然后通过<span\r\nlang=EN-US><span style=\'box-sizing: border-box\'>SRAP</span></span>桌面交付协议，将操作系统界面以图像的方式传送给前端的接入设备，包括云终端、笔记本、普通<span\r\nlang=EN-US><span style=\'box-sizing: border-box\'>PC</span></span>、智能终端等，只要网络是可达的，用户就可以通过各种类型的终端去访问位于服务器上的个人桌面，让数据保护更安全，桌面管理更高效，用户访问更灵活。<span\r\nlang=EN-US><o:p></o:p></span></span></p>\r\n\r\n<p style=\'margin-top:3.75pt;margin-right:0cm;margin-bottom:3.75pt;margin-left:\r\n0cm;text-indent:13.0pt;mso-char-indent-count:2.0;background:white\'><span\r\nlang=EN-US style=\'font-size:6.5pt;font-family:\"微软雅黑\",\"sans-serif\";color:#333333\'><o:p>&nbsp;</o:p></span></p>\r\n\r\n<p style=\'margin-top:3.75pt;margin-right:0cm;margin-bottom:3.75pt;margin-left:\r\n0cm;text-indent:21.0pt;mso-char-indent-count:2.0;background:white\'><span\r\nlang=EN-US style=\'font-size:10.5pt;font-family:\"微软雅黑\",\"sans-serif\";color:#333333;\r\nmso-no-proof:yes\'><!--[if gte vml 1]><v:shapetype id=\"_x0000_t75\" coordsize=\"21600,21600\"\r\n o:spt=\"75\" o:preferrelative=\"t\" path=\"m@4@5l@4@11@9@11@9@5xe\" filled=\"f\"\r\n stroked=\"f\">\r\n <v:stroke joinstyle=\"miter\"/>\r\n <v:formulas>\r\n  <v:f eqn=\"if lineDrawn pixelLineWidth 0\"/>\r\n  <v:f eqn=\"sum @0 1 0\"/>\r\n  <v:f eqn=\"sum 0 0 @1\"/>\r\n  <v:f eqn=\"prod @2 1 2\"/>\r\n  <v:f eqn=\"prod @3 21600 pixelWidth\"/>\r\n  <v:f eqn=\"prod @3 21600 pixelHeight\"/>\r\n  <v:f eqn=\"sum @0 0 1\"/>\r\n  <v:f eqn=\"prod @6 1 2\"/>\r\n  <v:f eqn=\"prod @7 21600 pixelWidth\"/>\r\n  <v:f eqn=\"sum @8 21600 0\"/>\r\n  <v:f eqn=\"prod @7 21600 pixelHeight\"/>\r\n  <v:f eqn=\"sum @10 21600 0\"/>\r\n </v:formulas>\r\n <v:path o:extrusionok=\"f\" gradientshapeok=\"t\" o:connecttype=\"rect\"/>\r\n <o:lock v:ext=\"edit\" aspectratio=\"t\"/>\r\n</v:shapetype><v:shape id=\"图片_x0020_0\" o:spid=\"_x0000_i1028\" type=\"#_x0000_t75\"\r\n alt=\"111133-content1.png\" style=\'width:399.75pt;height:92.25pt;visibility:visible;\r\n mso-wrap-style:square\'>\r\n <v:imagedata src=\"产品.files/image001.png\" o:title=\"111133-content1\"/>\r\n</v:shape><![endif]--><![if !vml]><img src=\"/upload/image/software/111133-content1.png\" /> <![endif]></span><span\r\nlang=EN-US style=\'font-size:10.5pt;font-family:\"微软雅黑\",\"sans-serif\";color:#333333\'><o:p></o:p></span></p>\r\n\r\n<p style=\'margin-top:3.75pt;margin-right:0cm;margin-bottom:3.75pt;margin-left:\r\n0cm;text-indent:21.0pt;mso-char-indent-count:2.0;background:white\'><span\r\nlang=EN-US style=\'font-size:10.5pt;font-family:\"微软雅黑\",\"sans-serif\";color:#333333\'><o:p>&nbsp;</o:p></span></p>\r\n\r\n<p style=\'margin-top:3.75pt;margin-right:0cm;margin-bottom:3.75pt;margin-left:\r\n0cm;background:white\'><b><span style=\'font-size:10.5pt;font-family:\"微软雅黑\",\"sans-serif\";\r\ncolor:#333333\'>功能概述</span></b><span lang=EN-US style=\'font-size:10.5pt;\r\nfont-family:\"微软雅黑\",\"sans-serif\";color:#333333\'><o:p></o:p></span></p>\r\n\r\n<p style=\'margin-top:3.75pt;margin-right:0cm;margin-bottom:3.75pt;margin-left:\r\n0cm;text-indent:21.0pt;mso-char-indent-count:2.0;background:white;box-sizing: border-box;\r\nfont-variant-ligatures: normal;font-variant-caps: normal;orphans: 2;widows: 2;\r\n-webkit-text-stroke-width: 0px;text-decoration-style: initial;text-decoration-color: initial;\r\nword-spacing:0px\'><span style=\'font-size:10.5pt;font-family:\"微软雅黑\",\"sans-serif\";\r\ncolor:#333333\'>深信服桌面云方案只需<span class=SpellE><span lang=EN-US><span\r\nstyle=\'box-sizing: border-box\'>aDesk</span></span></span>云终端、<span lang=EN-US><span\r\nstyle=\'box-sizing: border-box\'>VDS</span></span>桌面云一体机两种硬件，即可快速搭建<span\r\nlang=EN-US><span style=\'box-sizing: border-box\'>VDI</span></span>平台。一站式的桌面云方案可有效提升部署效率，简化桌面运维工作量，同时还可保障信息安全，并实现流畅的移动办公。<span\r\nlang=EN-US><o:p></o:p></span></span></p>\r\n\r\n<p style=\'margin-top:3.75pt;margin-right:0cm;margin-bottom:3.75pt;margin-left:\r\n0cm;text-indent:13.0pt;mso-char-indent-count:2.0;background:white\'><span\r\nlang=EN-US style=\'font-size:6.5pt;font-family:\"微软雅黑\",\"sans-serif\";color:#333333\'><o:p>&nbsp;</o:p></span></p>\r\n\r\n<p style=\'margin-top:3.75pt;margin-right:0cm;margin-bottom:3.75pt;margin-left:\r\n0cm;text-indent:21.0pt;mso-char-indent-count:2.0;background:white\'><span\r\nlang=EN-US style=\'font-size:10.5pt;font-family:\"微软雅黑\",\"sans-serif\";color:#333333;\r\nmso-no-proof:yes\'><!--[if gte vml 1]><v:shape id=\"图片_x0020_1\" o:spid=\"_x0000_i1027\"\r\n type=\"#_x0000_t75\" alt=\"111133-content2.png\" style=\'width:399.75pt;height:147.75pt;\r\n visibility:visible;mso-wrap-style:square\'>\r\n <v:imagedata src=\"产品.files/image003.png\" o:title=\"111133-content2\"/>\r\n</v:shape><![endif]--><![if !vml]><img src=\"/upload/image/software/111133-content2.png\" /> <![endif]></span><span\r\nlang=EN-US style=\'font-size:10.5pt;font-family:\"微软雅黑\",\"sans-serif\";color:#333333\'><o:p></o:p></span></p>\r\n\r\n<p style=\'margin-top:3.75pt;margin-right:0cm;margin-bottom:3.75pt;margin-left:\r\n0cm;text-indent:21.0pt;mso-char-indent-count:2.0;background:white\'><strong><span\r\nlang=EN-US style=\'font-size:10.5pt;font-family:\"微软雅黑\",\"sans-serif\";mso-bidi-font-family:\r\n宋体;color:#333333;background:white\'><o:p>&nbsp;</o:p></span></strong></p>\r\n\r\n<p style=\'margin-top:3.75pt;margin-right:0cm;margin-bottom:3.75pt;margin-left:\r\n0cm;text-indent:21.0pt;mso-char-indent-count:2.0;background:white\'><strong><span\r\nstyle=\'font-size:10.5pt;font-family:\"微软雅黑\",\"sans-serif\";mso-bidi-font-family:\r\n宋体;color:#333333;background:white\'>技术优势<span lang=EN-US><o:p></o:p></span></span></strong></p>\r\n\r\n<p style=\'margin-top:3.75pt;margin-right:0cm;margin-bottom:3.75pt;margin-left:\r\n0cm;text-indent:13.0pt;mso-char-indent-count:2.0;background:white\'><strong><span\r\nlang=EN-US style=\'font-size:6.5pt;font-family:\"微软雅黑\",\"sans-serif\";mso-bidi-font-family:\r\n宋体;color:#333333;background:white\'><o:p>&nbsp;</o:p></span></strong></p>\r\n\r\n<p style=\'margin-top:3.75pt;margin-right:0cm;margin-bottom:3.75pt;margin-left:\r\n0cm;text-indent:21.0pt;mso-char-indent-count:2.0;background:white\'><span\r\nlang=EN-US style=\'font-size:10.5pt;font-family:\"微软雅黑\",\"sans-serif\";color:#333333;\r\nmso-no-proof:yes\'><!--[if gte vml 1]><v:shape id=\"图片_x0020_2\" o:spid=\"_x0000_i1026\"\r\n type=\"#_x0000_t75\" alt=\"111133-content3.png\" style=\'width:399.75pt;height:150.75pt;\r\n visibility:visible;mso-wrap-style:square\'>\r\n <v:imagedata src=\"产品.files/image005.png\" o:title=\"111133-content3\"/>\r\n</v:shape><![endif]--><![if !vml]><img src=\"/upload/image/software/111133-content3.png\" /> <![endif]></span><span\r\nlang=EN-US style=\'font-size:10.5pt;font-family:\"微软雅黑\",\"sans-serif\";color:#333333\'><o:p></o:p></span></p>\r\n\r\n<p style=\'margin-top:3.75pt;margin-right:0cm;margin-bottom:3.75pt;margin-left:\r\n0cm;text-indent:21.0pt;mso-char-indent-count:2.0;background:white\'><span\r\nlang=EN-US style=\'font-size:10.5pt;font-family:\"微软雅黑\",\"sans-serif\";color:#333333\'><o:p>&nbsp;</o:p></span></p>\r\n\r\n<p style=\'margin-top:3.75pt;margin-right:0cm;margin-bottom:3.75pt;margin-left:\r\n0cm;text-indent:21.0pt;mso-char-indent-count:2.0;background:white\'><strong><span\r\nstyle=\'font-size:10.5pt;font-family:\"微软雅黑\",\"sans-serif\";mso-bidi-font-family:\r\n宋体;color:#333333;background:white\'>应用场景<span lang=EN-US><o:p></o:p></span></span></strong></p>\r\n\r\n<p style=\'margin-top:3.75pt;margin-right:0cm;margin-bottom:3.75pt;margin-left:\r\n0cm;text-indent:13.0pt;mso-char-indent-count:2.0;background:white\'><strong><span\r\nlang=EN-US style=\'font-size:6.5pt;font-family:\"微软雅黑\",\"sans-serif\";mso-bidi-font-family:\r\n宋体;color:#333333;background:white\'><o:p>&nbsp;</o:p></span></strong></p>\r\n\r\n<p style=\'margin-top:3.75pt;margin-right:0cm;margin-bottom:3.75pt;margin-left:\r\n0cm;text-indent:21.0pt;mso-char-indent-count:2.0;background:white\'><span\r\nlang=EN-US style=\'font-size:10.5pt;font-family:\"微软雅黑\",\"sans-serif\";color:#333333;\r\nmso-no-proof:yes\'><!--[if gte vml 1]><v:shape id=\"图片_x0020_3\" o:spid=\"_x0000_i1025\"\r\n type=\"#_x0000_t75\" alt=\"111133-content4.png\" style=\'width:399.75pt;height:235.5pt;\r\n visibility:visible;mso-wrap-style:square\'>\r\n <v:imagedata src=\"产品.files/image007.png\" o:title=\"111133-content4\"/>\r\n</v:shape><![endif]--><![if !vml]><img src=\"/upload/image/software/111133-content4.png\" /> <![endif]></span><span\r\nlang=EN-US style=\'font-size:10.5pt;font-family:\"微软雅黑\",\"sans-serif\";color:#333333\'><o:p></o:p></span></p>\r\n\r\n</div>', 30, NULL, NULL, NULL, NULL, 500102, NULL, NULL, '深信服集团公司', NULL, NULL, 1, 100001, '2018-09-19 15:31:29', NULL, NULL);
INSERT INTO `geic_software` VALUES (111134, '100301', '透明工厂', '智造家针对离散型中小制造企业特点推出的一个低成本、高效率的工厂生产执行管理系统，帮助工厂从订单到排产、生产工艺、工序流转、过程管理、物料管理、质量检查、订单发货和数据统计分析的全流程信息化管控，通过工厂信息化、可视化和生产管理水平提升，降低成本。', '/upload/image/software/111134-logo.jpg', -1.00, '<img src=\"/upload/image/software/111134-content.png\"/>', 30, NULL, NULL, NULL, NULL, 500102, NULL, NULL, '广州智造家网络科技有限公司', NULL, NULL, 1, 100001, '2018-09-19 15:32:38', NULL, NULL);
INSERT INTO `geic_software` VALUES (111135, '100202', '图纸云', '\r\n图纸云是智造家推出的一款功能丰富、低成本的规范图纸管理、提高图纸使用者工作效率、有利于企业内部及与供应链高效协作的安全可靠的产品。', '/upload/image/software/111135-logo.png', -1.00, '<img src=\"/upload/image/software/111135-content.png\"/>', 30, NULL, NULL, NULL, NULL, 500102, NULL, NULL, '广州智造家网络科技有限公司', NULL, NULL, 1, 100001, '2018-09-19 15:33:42', NULL, NULL);
INSERT INTO `geic_software` VALUES (111136, '100101', '文档内容管理系统', '连用文档内容管理系统专注为企事业单位提供图文档数据的统一存储管理、安全管理、内容分类管理以及共享协同功能，实现分支机构、各部门、内外网之间用户文档的高效、敏捷协同应用，有效降低IT管理成本，同时通过权限、审计、加密等多种安全防护机制为企事业非结构化数据保驾护航。', '/upload/image/software/111136-logo.png', -1.00, '<img src=\"/upload/image/software/111136-content.jpg\"/>', 30, NULL, NULL, NULL, NULL, 500102, NULL, NULL, '深圳市连用科技有限公司', NULL, NULL, 1, 100001, '2018-09-19 15:34:33', NULL, NULL);
INSERT INTO `geic_software` VALUES (111137, '100104', '消息推送', '移动端消息推送解决方案。', '/upload/image/software/111137-logo.png', -1.00, '<img src=\"/upload/image/software/111137-content.jpg\"/>', 30, NULL, NULL, NULL, NULL, 500102, NULL, NULL, '北京麒麟心通网络技术有限公司', NULL, NULL, 1, 100001, '2018-09-19 15:35:17', NULL, NULL);
INSERT INTO `geic_software` VALUES (111138, '100103', '用友畅捷通好会计', 'W好会计，是为小微企业量身打造的一款专业的云财务saas应用，帮助财务人员通过PC端、手机端、微信端随时随地管理现金银行、发票、往来、报税、经营分析等，高效智能提升小微企业的财务管理水平。', '/upload/image/software/111138-logo.jpg', -1.00, '<p>\r\n	<br />\r\n</p>\r\n<p style=\"margin-left:0cm;\">\r\n	好会计，是为小微企业量身打造的一款专业的云财务saas应用，帮助财务人员通过PC端、手机端、微信端随时随地管理现金银行、发票、往来、报税、经营分析等，高效智能提升小微企业的财务管理水平。\r\n</p>\r\n<p>\r\n	<br />\r\n</p>', 30, NULL, NULL, NULL, NULL, 500102, NULL, NULL, '畅捷通信息技术股份有限公司', NULL, NULL, 1, 100001, '2018-09-19 15:36:20', NULL, NULL);
INSERT INTO `geic_software` VALUES (111139, '100101', '云法务', '云法务应用依托中国移动云SAAS平台，为用户提供基础法律咨询及法律文书生成及审核服务，满足中小企业基本的保障性法律服务需求。', '/upload/image/software/111139-logo.png', -1.00, '\r\n<div class=WordSection1>\r\n\r\n<p class=MsoNormal><strong><span lang=EN-US style=\'font-size:10.5pt;font-family:\r\n\"Helvetica\",\"sans-serif\";color:black;background:white\'><o:p>&nbsp;</o:p></span></strong></p>\r\n\r\n<p class=MsoListParagraph style=\'margin-left:36.0pt;text-indent:-36.0pt;\r\nmso-char-indent-count:0;mso-list:l0 level1 lfo1\'><![if !supportLists]><strong><span\r\nlang=EN-US style=\'font-size:10.5pt;font-family:\"Helvetica\",\"sans-serif\";\r\nmso-fareast-font-family:Helvetica;color:black\'><span style=\'mso-list:Ignore\'>1、<span\r\nstyle=\'font:7.0pt \"Times New Roman\"\'>&nbsp;&nbsp;&nbsp;&nbsp;&nbsp;&nbsp;&nbsp;&nbsp;\r\n</span></span></span></strong><![endif]><strong><span style=\'font-size:10.5pt;\r\nfont-family:\"微软雅黑\",\"sans-serif\";mso-ascii-font-family:Helvetica;mso-hansi-font-family:\r\nHelvetica;mso-bidi-font-family:Helvetica;color:black;background:white\'>智能文书生成</span></strong><strong><span\r\nlang=EN-US style=\'font-size:10.5pt;font-family:\"Helvetica\",\"sans-serif\";\r\ncolor:black;background:white\'><o:p></o:p></span></strong></p>\r\n\r\n<p class=MsoListParagraph style=\'margin-left:36.0pt;text-indent:0cm;mso-char-indent-count:\r\n0\'><strong><span lang=EN-US style=\'font-size:7.5pt;font-family:\"Helvetica\",\"sans-serif\";\r\ncolor:black;background:white\'><o:p>&nbsp;</o:p></span></strong></p>\r\n<img src=\"/upload/image/software/111139-content1.png\" /> \r\n<p class=MsoListParagraph style=\'margin-left:36.0pt;text-indent:0cm;mso-char-indent-count:\r\n0\'><strong><span lang=EN-US style=\'font-size:10.5pt;font-family:\"Helvetica\",\"sans-serif\";\r\ncolor:black;background:white\'><o:p>&nbsp;</o:p></span></strong></p>\r\n\r\n<p class=MsoListParagraph style=\'margin-left:36.0pt;text-indent:-36.0pt;\r\nmso-char-indent-count:0;mso-list:l0 level1 lfo1\'><![if !supportLists]><strong><span\r\nlang=EN-US style=\'font-size:10.5pt;font-family:\"Tahoma\",\"sans-serif\";\r\nmso-fareast-font-family:Tahoma;font-weight:normal\'><span style=\'mso-list:Ignore\'>2、<span\r\nstyle=\'font:7.0pt \"Times New Roman\"\'>&nbsp;&nbsp;&nbsp;&nbsp;&nbsp;&nbsp;&nbsp;&nbsp;\r\n</span></span></span></strong><![endif]><strong><span style=\'font-size:10.5pt;\r\nfont-family:\"微软雅黑\",\"sans-serif\";mso-ascii-font-family:Helvetica;mso-hansi-font-family:\r\nHelvetica;mso-bidi-font-family:Helvetica;color:black;background:white\'>法律电话咨询</span></strong><strong><span\r\nlang=EN-US style=\'font-size:10.5pt;font-family:\"Tahoma\",\"sans-serif\";\r\nmso-bidi-font-family:\"Times New Roman\";mso-bidi-theme-font:minor-bidi;\r\nfont-weight:normal\'><o:p></o:p></span></strong></p>\r\n\r\n<p class=MsoListParagraph style=\'text-indent:15.0pt\'><span lang=EN-US\r\nstyle=\'font-size:7.5pt\'><o:p>&nbsp;</o:p></span></p>\r\n<img src=\"/upload/image/software/111139-content2.png\" /> \r\n<p class=MsoListParagraph><span lang=EN-US style=\'font-size:10.5pt\'><o:p>&nbsp;</o:p></span></p>\r\n\r\n<p class=MsoListParagraph style=\'margin-left:36.0pt;text-indent:-36.0pt;\r\nmso-char-indent-count:0;mso-list:l0 level1 lfo1\'><![if !supportLists]><strong><span\r\nlang=EN-US style=\'font-size:10.5pt;font-family:\"Tahoma\",\"sans-serif\";\r\nmso-fareast-font-family:Tahoma;font-weight:normal\'><span style=\'mso-list:Ignore\'>3、<span\r\nstyle=\'font:7.0pt \"Times New Roman\"\'>&nbsp;&nbsp;&nbsp;&nbsp;&nbsp;&nbsp;&nbsp;&nbsp;\r\n</span></span></span></strong><![endif]><strong><span style=\'font-size:10.5pt;\r\nfont-family:\"微软雅黑\",\"sans-serif\";mso-ascii-font-family:Helvetica;mso-hansi-font-family:\r\nHelvetica;mso-bidi-font-family:Helvetica;color:black;background:white\'>文书审核</span></strong><strong><span\r\nlang=EN-US style=\'font-size:10.5pt;font-family:\"Tahoma\",\"sans-serif\";\r\nmso-bidi-font-family:\"Times New Roman\";mso-bidi-theme-font:minor-bidi;\r\nfont-weight:normal\'><o:p></o:p></span></strong></p>\r\n\r\n<p class=MsoListParagraph style=\'text-indent:15.0pt\'><span lang=EN-US\r\nstyle=\'font-size:7.5pt\'><o:p>&nbsp;</o:p></span></p>\r\n<img src=\"/upload/image/software/111139-content3.png\" /> \r\n<p class=MsoListParagraph><span lang=EN-US style=\'font-size:10.5pt\'><o:p>&nbsp;</o:p></span></p>\r\n\r\n<p class=MsoListParagraph style=\'margin-left:36.0pt;text-indent:0cm;mso-char-indent-count:\r\n0\'><span lang=EN-US style=\'font-size:10.5pt\'><o:p>&nbsp;</o:p></span></p>\r\n\r\n</div>', 30, NULL, NULL, NULL, NULL, 500102, NULL, NULL, '上海百事通信息技术股份有限公司', NULL, NULL, 1, 100001, '2018-09-19 15:40:26', NULL, NULL);
INSERT INTO `geic_software` VALUES (111140, '100101', '云桌面', '云桌面就是基于云计算的虚拟桌面，是在本地具备输入输出设备的硬件环境，而运行环境由云端资源虚拟实现，相关的应用、数据、运算都部署于云端。', '/upload/image/software/111140-logo.png', -1.00, '<div class=WordSection1>\r\n\r\n<p class=MsoNormal><span lang=EN-US style=\'font-size:10.5pt;font-family:\"微软雅黑\",\"sans-serif\";\r\nmso-bidi-font-family:Helvetica;color:black;background:white\'><o:p>&nbsp;</o:p></span></p>\r\n\r\n<p class=MsoNormal style=\'text-indent:21.0pt;mso-char-indent-count:2.0\'><span\r\nstyle=\'font-size:10.5pt;font-family:\"微软雅黑\",\"sans-serif\";mso-bidi-font-family:\r\nHelvetica;color:black;background:white\'>通过使用移动云桌面实现桌面虚拟化，各个组织能够达到事半功倍的效率，采用真正以用户为中心的灵活计算方法。通过将应用程序、数据和操作系统与端点分离，并将这些组件转移到数据中心，您就可以在您的云中进行集中管理。桌面和应用程序虚拟化为<span\r\nlang=EN-US> IT </span>提供了一种更加精简和安全的方法来管理用户和提供可按需访问的敏捷桌面服务。</span><span\r\nlang=EN-US><o:p></o:p></span></span></p>\r\n\r\n<p class=MsoNormal><span lang=EN-US style=\'font-size:10.5pt;font-family:\"微软雅黑\",\"sans-serif\"\'><o:p>&nbsp;</o:p></span></p>\r\n\r\n\r\n\r\n<img src=\"/upload/image/software/111140-content.jpg\"/>\r\n</div>', 30, NULL, NULL, NULL, NULL, 500102, NULL, NULL, '甘肃创意信息技术有限公司', NULL, NULL, 1, 100001, '2018-09-19 15:42:19', NULL, NULL);

-- ----------------------------
-- Table structure for geic_software_charge
-- ----------------------------
DROP TABLE IF EXISTS `geic_software_charge`;
CREATE TABLE `geic_software_charge`  (
  `charge_id` int(11) NOT NULL AUTO_INCREMENT COMMENT '资费主键',
  `software_id` int(11) NULL DEFAULT NULL COMMENT '软件id',
  `charge_image` varchar(255) CHARACTER SET utf8 COLLATE utf8_general_ci NULL DEFAULT NULL COMMENT '资费图片url',
  `charge_content` text CHARACTER SET utf8 COLLATE utf8_general_ci NULL COMMENT '资费内容',
  `status` tinyint(2) NULL DEFAULT NULL COMMENT '状态（0删除 1正常）',
  `sort` tinyint(2) NULL DEFAULT NULL COMMENT '顺序',
  `create_id` int(11) NULL DEFAULT NULL COMMENT '创建人ID',
  `create_time` datetime NULL DEFAULT NULL COMMENT '创建时间',
  `update_id` int(11) NULL DEFAULT NULL COMMENT '更新人ID',
  `update_time` datetime NULL DEFAULT NULL COMMENT '更新时间',
  PRIMARY KEY (`charge_id`) USING BTREE
) ENGINE = InnoDB AUTO_INCREMENT = 19 CHARACTER SET = utf8 COLLATE = utf8_general_ci COMMENT = '软件超市-资费详情' ROW_FORMAT = Compact;

-- ----------------------------
-- Records of geic_software_charge
-- ----------------------------
INSERT INTO `geic_software_charge` VALUES (1, 111123, '/upload/image/software/111123-charge.png', NULL, 1, NULL, 100001, '2018-09-19 16:01:42', NULL, NULL);
INSERT INTO `geic_software_charge` VALUES (2, 111124, '/upload/image/software/111124-charge.png', NULL, 1, NULL, 100001, '2018-09-19 16:01:42', NULL, NULL);
INSERT INTO `geic_software_charge` VALUES (3, 111125, '/upload/image/software/111125-charge.png', NULL, 1, NULL, 100001, '2018-09-19 16:01:42', NULL, NULL);
INSERT INTO `geic_software_charge` VALUES (4, 111126, '/upload/image/software/111126-charge.png', NULL, 1, NULL, 100001, '2018-09-19 16:01:43', NULL, NULL);
INSERT INTO `geic_software_charge` VALUES (5, 111127, '/upload/image/software/111127-charge.png', NULL, 1, NULL, 100001, '2018-09-19 16:01:43', NULL, NULL);
INSERT INTO `geic_software_charge` VALUES (6, 111128, '/upload/image/software/111128-charge.png', NULL, 1, NULL, 100001, '2018-09-19 16:01:43', NULL, NULL);
INSERT INTO `geic_software_charge` VALUES (7, 111129, '/upload/image/software/111129-charge.png', NULL, 1, NULL, 100001, '2018-09-19 16:01:43', NULL, NULL);
INSERT INTO `geic_software_charge` VALUES (8, 111130, '/upload/image/software/111130-charge.png', NULL, 1, NULL, 100001, '2018-09-19 16:01:43', NULL, NULL);
INSERT INTO `geic_software_charge` VALUES (9, 111131, '/upload/image/software/111131-charge.png', NULL, 1, NULL, 100001, '2018-09-19 16:01:43', NULL, NULL);
INSERT INTO `geic_software_charge` VALUES (10, 111132, '/upload/image/software/111132-charge.png', NULL, 1, NULL, 100001, '2018-09-19 16:01:43', NULL, NULL);
INSERT INTO `geic_software_charge` VALUES (11, 111133, '/upload/image/software/111133-charge.png', NULL, 1, NULL, 100001, '2018-09-19 16:01:43', NULL, NULL);
INSERT INTO `geic_software_charge` VALUES (12, 111134, '/upload/image/software/111134-charge.png', NULL, 1, NULL, 100001, '2018-09-19 16:01:44', NULL, NULL);
INSERT INTO `geic_software_charge` VALUES (13, 111135, '/upload/image/software/111135-charge.png', NULL, 1, NULL, 100001, '2018-09-19 16:01:44', NULL, NULL);
INSERT INTO `geic_software_charge` VALUES (14, 111136, '/upload/image/software/111136-charge.png', NULL, 1, NULL, 100001, '2018-09-19 16:01:44', NULL, NULL);
INSERT INTO `geic_software_charge` VALUES (15, 111137, '/upload/image/software/111137-charge.png', NULL, 1, NULL, 100001, '2018-09-19 16:01:44', NULL, NULL);
INSERT INTO `geic_software_charge` VALUES (16, 111138, '/upload/image/software/111138-charge.png', NULL, 1, NULL, 100001, '2018-09-19 16:01:44', NULL, NULL);
INSERT INTO `geic_software_charge` VALUES (17, 111139, '/upload/image/software/111139-charge.png', NULL, 1, NULL, 100001, '2018-09-19 16:01:44', NULL, NULL);
INSERT INTO `geic_software_charge` VALUES (18, 111140, '/upload/image/software/111140-charge.png', NULL, 1, NULL, 100001, '2018-09-19 16:01:44', NULL, NULL);

-- ----------------------------
-- Table structure for geic_software_count
-- ----------------------------
DROP TABLE IF EXISTS `geic_software_count`;
CREATE TABLE `geic_software_count`  (
  `software_id` int(11) NOT NULL COMMENT '软件ID',
  `download_count` int(10) NULL DEFAULT NULL COMMENT '下载次数',
  PRIMARY KEY (`software_id`) USING BTREE
) ENGINE = InnoDB CHARACTER SET = utf8 COLLATE = utf8_general_ci COMMENT = '软件下载次数记录表' ROW_FORMAT = Dynamic;

-- ----------------------------
-- Records of geic_software_count
-- ----------------------------
INSERT INTO `geic_software_count` VALUES (10000, 2);
INSERT INTO `geic_software_count` VALUES (10001, 0);
INSERT INTO `geic_software_count` VALUES (10002, 0);
INSERT INTO `geic_software_count` VALUES (10003, 0);
INSERT INTO `geic_software_count` VALUES (10004, 0);
INSERT INTO `geic_software_count` VALUES (10005, 0);
INSERT INTO `geic_software_count` VALUES (10006, 0);
INSERT INTO `geic_software_count` VALUES (10007, 0);
INSERT INTO `geic_software_count` VALUES (10008, 2);
INSERT INTO `geic_software_count` VALUES (10009, 4);
INSERT INTO `geic_software_count` VALUES (10010, 1);
INSERT INTO `geic_software_count` VALUES (10011, 2);
INSERT INTO `geic_software_count` VALUES (111119, 1);
INSERT INTO `geic_software_count` VALUES (111120, 1);
INSERT INTO `geic_software_count` VALUES (111121, 0);
INSERT INTO `geic_software_count` VALUES (111122, 0);
INSERT INTO `geic_software_count` VALUES (111123, 0);
INSERT INTO `geic_software_count` VALUES (111124, 0);
INSERT INTO `geic_software_count` VALUES (111125, 0);
INSERT INTO `geic_software_count` VALUES (111126, 0);
INSERT INTO `geic_software_count` VALUES (111127, 0);
INSERT INTO `geic_software_count` VALUES (111128, 0);
INSERT INTO `geic_software_count` VALUES (111129, 0);
INSERT INTO `geic_software_count` VALUES (111130, 0);
INSERT INTO `geic_software_count` VALUES (111131, 0);
INSERT INTO `geic_software_count` VALUES (111132, 0);
INSERT INTO `geic_software_count` VALUES (111133, 1);
INSERT INTO `geic_software_count` VALUES (111134, 0);
INSERT INTO `geic_software_count` VALUES (111135, 0);
INSERT INTO `geic_software_count` VALUES (111136, 0);
INSERT INTO `geic_software_count` VALUES (111137, 0);
INSERT INTO `geic_software_count` VALUES (111138, 0);
INSERT INTO `geic_software_count` VALUES (111139, 0);
INSERT INTO `geic_software_count` VALUES (111140, 0);

-- ----------------------------
-- Table structure for geic_software_docs
-- ----------------------------
DROP TABLE IF EXISTS `geic_software_docs`;
CREATE TABLE `geic_software_docs`  (
  `doc_id` int(11) NOT NULL AUTO_INCREMENT COMMENT '帮助文档主键',
  `software_id` int(11) NULL DEFAULT NULL COMMENT '软件ID',
  `doc_url` varchar(255) CHARACTER SET utf8 COLLATE utf8_general_ci NULL DEFAULT NULL COMMENT '帮助文档下载地址',
  `doc_name` varchar(255) CHARACTER SET utf8 COLLATE utf8_general_ci NULL DEFAULT NULL COMMENT '帮助文档名称',
  `doc_icon` varchar(255) CHARACTER SET utf8 COLLATE utf8_general_ci NULL DEFAULT NULL COMMENT '帮助文档图标',
  `doc_content` text CHARACTER SET utf8 COLLATE utf8_general_ci NULL COMMENT '帮助文档简述',
  `status` tinyint(2) NULL DEFAULT NULL COMMENT '状态（0删除1正常）',
  `sort` tinyint(2) NULL DEFAULT NULL COMMENT '顺序',
  `create_id` int(11) NULL DEFAULT NULL COMMENT '创建人ID',
  `create_time` datetime NULL DEFAULT NULL COMMENT '创建时间',
  `update_id` int(11) NULL DEFAULT NULL COMMENT '更新人ID',
  `update_time` datetime NULL DEFAULT NULL COMMENT '更新时间',
  PRIMARY KEY (`doc_id`) USING BTREE
) ENGINE = InnoDB AUTO_INCREMENT = 23 CHARACTER SET = utf8 COLLATE = utf8_general_ci COMMENT = '软件超市-帮助文档' ROW_FORMAT = Compact;

-- ----------------------------
-- Records of geic_software_docs
-- ----------------------------
INSERT INTO `geic_software_docs` VALUES (1, 111123, '/upload/image/software/doc/856b5815-bbe6-11e8-9c36-005056a94d22_三五云OA产品介绍.pdf', '三五云OA产品介绍.pdf', '/static/pic/industry.jpg', NULL, 1, 1, 100001, '2018-09-19 16:53:53', NULL, NULL);
INSERT INTO `geic_software_docs` VALUES (2, 111124, '/upload/image/software/doc/1853b95d-bbe7-11e8-9c36-005056a94d22_35云邮产品介绍.pdf', '35云邮产品介绍.pdf', '/static/pic/industry.jpg', NULL, 1, 1, 100001, '2018-09-19 16:53:53', NULL, NULL);
INSERT INTO `geic_software_docs` VALUES (3, 111125, '/upload/image/software/doc/6355277e-bbe7-11e8-9c36-005056a94d22_UcOps应急协作产品介绍.pdf', 'UcOps应急协作产品介绍.pdf', '/static/pic/industry.jpg', NULL, 1, 1, 100001, '2018-09-19 16:53:53', NULL, NULL);
INSERT INTO `geic_software_docs` VALUES (4, 111126, '/upload/image/software/doc/909b6bb1-bbe7-11e8-9c36-005056a94d22_WPS办公云平台产品介绍.pdf', 'WPS办公云平台产品介绍.pdf', '/static/pic/industry.jpg', NULL, 1, 1, 100001, '2018-09-19 16:53:53', NULL, NULL);
INSERT INTO `geic_software_docs` VALUES (5, 111127, '/upload/image/software/doc/ac388cec-bbe7-11e8-9c36-005056a94d22_安宁邮件系统产品介绍.pdf', '安宁邮件系统产品介绍.pdf', '/static/pic/industry.jpg', NULL, 1, 1, 100001, '2018-09-19 16:53:53', NULL, NULL);
INSERT INTO `geic_software_docs` VALUES (6, 111128, '/upload/image/software/doc/c8886c8d-bbe7-11e8-9c36-005056a94d22_Richmail产品介绍.pdf', 'Richmail产品介绍.pdf', '/static/pic/industry.jpg', NULL, 1, 1, 100001, '2018-09-19 16:53:53', NULL, NULL);
INSERT INTO `geic_software_docs` VALUES (7, 111129, '/upload/image/software/doc/edd449bd-bbe7-11e8-9c36-005056a94d22_非标管家产品介绍.pdf', '非标管家产品介绍.pdf', '/static/pic/industry.jpg', NULL, 1, 1, 100001, '2018-09-19 16:53:53', NULL, NULL);
INSERT INTO `geic_software_docs` VALUES (8, 111130, '/upload/image/software/doc/010a027e-bbe8-11e8-9c36-005056a94d22_云财贸产品简介.pdf', '云财贸产品简介.pdf', '/static/pic/industry.jpg', NULL, 1, 1, 100001, '2018-09-19 16:53:53', NULL, NULL);
INSERT INTO `geic_software_docs` VALUES (9, 111131, '/upload/image/software/doc/19b281f5-bbe8-11e8-9c36-005056a94d22_云会计产品简介.pdf', '云会计产品简介.pdf', '/static/pic/industry.jpg', NULL, 1, 1, 100001, '2018-09-19 16:53:53', NULL, NULL);
INSERT INTO `geic_software_docs` VALUES (10, 111131, '/upload/image/software/doc/2ad1f001-bbe8-11e8-9c36-005056a94d22_云会计3.0操作手册.pdf', '云会计3.0操作手册.pdf', '/static/pic/industry.jpg', NULL, 1, 2, 100001, '2018-09-19 16:53:53', NULL, NULL);
INSERT INTO `geic_software_docs` VALUES (11, 111132, '/upload/image/software/doc/56d66595-bbe8-11e8-9c36-005056a94d22_云进销存产品简介.pdf', '云进销存产品简介.pdf', '/static/pic/industry.jpg', NULL, 1, 1, 100001, '2018-09-19 16:53:53', NULL, NULL);
INSERT INTO `geic_software_docs` VALUES (12, 111132, '/upload/image/software/doc/643d9c2f-bbe8-11e8-9c36-005056a94d22_云进销存操作手册.pdf', '云进销存操作手册.pdf', '/static/pic/industry.jpg', NULL, 1, 2, 100001, '2018-09-19 16:53:53', NULL, NULL);
INSERT INTO `geic_software_docs` VALUES (13, 111133, '/upload/image/software/doc/643d9c2f-bbe8-11e8-9c36-005056a94d22_云进销存操作手册.pdf', '深信服云桌面（通用及各行业版）产品介绍.pdf', '/static/pic/industry.jpg', NULL, 1, 1, 100001, '2018-09-19 16:53:53', NULL, NULL);
INSERT INTO `geic_software_docs` VALUES (14, 111133, '/upload/image/software/doc/baa0b094-bbe8-11e8-9c36-005056a94d22_深信服云桌面（通用及行业版）操作手册.pdf', '深信服云桌面（通用及行业版）操作手册.pdf', '/static/pic/industry.jpg', NULL, 1, 2, 100001, '2018-09-19 16:53:53', NULL, NULL);
INSERT INTO `geic_software_docs` VALUES (15, 111134, '/upload/image/software/doc/baa0b094-bbe8-11e8-9c36-005056a94d22_深信服云桌面（通用及行业版）操作手册.pdf', '透明工厂产品介绍.pdf', '/static/pic/industry.jpg', NULL, 1, 1, 100001, '2018-09-19 16:53:53', NULL, NULL);
INSERT INTO `geic_software_docs` VALUES (16, 111135, '/upload/image/software/doc/ed9ef166-bbe8-11e8-9c36-005056a94d22_图纸云产品介绍.pdf', '图纸云产品介绍.pdf', '/static/pic/industry.jpg', NULL, 1, 1, 100001, '2018-09-19 16:53:54', NULL, NULL);
INSERT INTO `geic_software_docs` VALUES (17, 111136, '/upload/image/software/doc/063da52e-bbe9-11e8-9c36-005056a94d22_连用文档管理系统产品介绍.pdf', '连用文档管理系统产品介绍.pdf', '/static/pic/industry.jpg', NULL, 1, 1, 100001, '2018-09-19 16:53:54', NULL, NULL);
INSERT INTO `geic_software_docs` VALUES (18, 111137, '/upload/image/software/doc/1f836615-bbe9-11e8-9c36-005056a94d22_消息推送产品介绍.pdf', '消息推送产品介绍.pdf', '/static/pic/industry.jpg', NULL, 1, 1, 100001, '2018-09-19 16:53:54', NULL, NULL);
INSERT INTO `geic_software_docs` VALUES (19, 111138, '/upload/image/software/doc/33d875c9-bbe9-11e8-9c36-005056a94d22_用友畅捷通好会计产品介绍.pdf', '用友畅捷通好会计产品介绍.pdf', '/static/pic/industry.jpg', NULL, 1, 1, 100001, '2018-09-19 16:53:54', NULL, NULL);
INSERT INTO `geic_software_docs` VALUES (20, 111139, '', '软件介绍.pdf', '/static/pic/industry.jpg', NULL, 0, 1, 100001, '2018-09-19 16:53:54', NULL, NULL);
INSERT INTO `geic_software_docs` VALUES (21, 111140, '/upload/image/software/doc/47b37991-bbe9-11e8-9c36-005056a94d22_云桌面产品说明书.pdf', '云桌面产品说明书.pdf', '/static/pic/industry.jpg', NULL, 1, 1, 100001, '2018-09-19 16:53:54', NULL, NULL);

-- ----------------------------
-- Table structure for geic_software_intro
-- ----------------------------
DROP TABLE IF EXISTS `geic_software_intro`;
CREATE TABLE `geic_software_intro`  (
  `intro_id` int(11) NOT NULL AUTO_INCREMENT COMMENT '应用截图主键',
  `software_id` int(11) NULL DEFAULT NULL COMMENT '软件id',
  `intro_image` varchar(255) CHARACTER SET utf8 COLLATE utf8_general_ci NULL DEFAULT NULL COMMENT '应用截图url',
  `intro_content` text CHARACTER SET utf8 COLLATE utf8_general_ci NULL COMMENT '应用截图内容介绍',
  `status` tinyint(2) NULL DEFAULT NULL COMMENT '状态',
  `sort` tinyint(2) NULL DEFAULT NULL COMMENT '顺序',
  `create_id` int(11) NULL DEFAULT NULL COMMENT '创建人ID',
  `create_time` datetime NULL DEFAULT NULL COMMENT '创建时间',
  `update_id` int(11) NULL DEFAULT NULL COMMENT '更新人ID',
  `update_time` datetime NULL DEFAULT NULL COMMENT '更新时间',
  PRIMARY KEY (`intro_id`) USING BTREE
) ENGINE = InnoDB AUTO_INCREMENT = 51 CHARACTER SET = utf8 COLLATE = utf8_general_ci COMMENT = '软件超市-应用截图' ROW_FORMAT = Compact;

-- ----------------------------
-- Records of geic_software_intro
-- ----------------------------
INSERT INTO `geic_software_intro` VALUES (1, 111124, '/upload/image/software/111124-img1.png', NULL, 1, 1, 100001, '2018-09-19 14:51:29', NULL, NULL);
INSERT INTO `geic_software_intro` VALUES (2, 111125, '/upload/image/software/111125-img1.png', NULL, 1, 1, 100001, '2018-09-19 15:13:13', NULL, NULL);
INSERT INTO `geic_software_intro` VALUES (3, 111125, '/upload/image/software/111125-img2.png', NULL, 1, 2, 100001, '2018-09-19 15:13:14', NULL, NULL);
INSERT INTO `geic_software_intro` VALUES (4, 111125, '/upload/image/software/111125-img3.png', NULL, 1, 3, 100001, '2018-09-19 15:13:14', NULL, NULL);
INSERT INTO `geic_software_intro` VALUES (5, 111126, '/upload/image/software/111126-img1.jpg', NULL, 1, 1, 100001, '2018-09-19 15:17:30', NULL, NULL);
INSERT INTO `geic_software_intro` VALUES (6, 111127, '/upload/image/software/111127-img1.jpg', NULL, 1, 1, 100001, '2018-09-19 15:19:40', NULL, NULL);
INSERT INTO `geic_software_intro` VALUES (7, 111127, '/upload/image/software/111127-img2.png', NULL, 1, 2, 100001, '2018-09-19 15:19:40', NULL, NULL);
INSERT INTO `geic_software_intro` VALUES (8, 111127, '/upload/image/software/111127-img3.png', NULL, 1, 3, 100001, '2018-09-19 15:19:40', NULL, NULL);
INSERT INTO `geic_software_intro` VALUES (9, 111128, '/upload/image/software/111128-img1.jpg', NULL, 1, 1, 100001, '2018-09-19 15:21:25', NULL, NULL);
INSERT INTO `geic_software_intro` VALUES (10, 111128, '/upload/image/software/111128-img2.jpg', NULL, 1, 2, 100001, '2018-09-19 15:21:25', NULL, NULL);
INSERT INTO `geic_software_intro` VALUES (11, 111129, '/upload/image/software/111129-img1.jpg', NULL, 1, 1, 100001, '2018-09-19 15:23:08', NULL, NULL);
INSERT INTO `geic_software_intro` VALUES (12, 111129, '/upload/image/software/111129-img2.jpg', NULL, 1, 2, 100001, '2018-09-19 15:23:08', NULL, NULL);
INSERT INTO `geic_software_intro` VALUES (13, 111129, '/upload/image/software/111129-img3.jpg', NULL, 1, 3, 100001, '2018-09-19 15:23:09', NULL, NULL);
INSERT INTO `geic_software_intro` VALUES (14, 111130, '/upload/image/software/111130-img1.png', NULL, 1, 1, 100001, '2018-09-19 15:23:59', NULL, NULL);
INSERT INTO `geic_software_intro` VALUES (15, 111130, '/upload/image/software/111130-img2.png', NULL, 1, 2, 100001, '2018-09-19 15:23:59', NULL, NULL);
INSERT INTO `geic_software_intro` VALUES (16, 111130, '/upload/image/software/111130-img3.png', NULL, 1, 3, 100001, '2018-09-19 15:23:59', NULL, NULL);
INSERT INTO `geic_software_intro` VALUES (17, 111131, '/upload/image/software/111131-img1.png', NULL, 1, 1, 100001, '2018-09-19 15:25:37', NULL, NULL);
INSERT INTO `geic_software_intro` VALUES (18, 111131, '/upload/image/software/111131-img2.png', NULL, 1, 2, 100001, '2018-09-19 15:25:37', NULL, NULL);
INSERT INTO `geic_software_intro` VALUES (19, 111131, '/upload/image/software/111131-img3.png', NULL, 1, 3, 100001, '2018-09-19 15:25:37', NULL, NULL);
INSERT INTO `geic_software_intro` VALUES (20, 111132, '/upload/image/software/111132-img1.png', NULL, 1, 1, 100001, '2018-09-19 15:26:54', NULL, NULL);
INSERT INTO `geic_software_intro` VALUES (21, 111132, '/upload/image/software/111132-img2.png', NULL, 1, 2, 100001, '2018-09-19 15:26:54', NULL, NULL);
INSERT INTO `geic_software_intro` VALUES (22, 111132, '/upload/image/software/111132-img3.png', NULL, 1, 3, 100001, '2018-09-19 15:26:54', NULL, NULL);
INSERT INTO `geic_software_intro` VALUES (23, 111133, '/upload/image/software/111133-img1.png', NULL, 1, 1, 100001, '2018-09-19 15:31:29', NULL, NULL);
INSERT INTO `geic_software_intro` VALUES (24, 111133, '/upload/image/software/111133-img2.png', NULL, 1, 2, 100001, '2018-09-19 15:31:29', NULL, NULL);
INSERT INTO `geic_software_intro` VALUES (25, 111133, '/upload/image/software/111133-img3.png', NULL, 1, 3, 100001, '2018-09-19 15:31:29', NULL, NULL);
INSERT INTO `geic_software_intro` VALUES (26, 111134, '/upload/image/software/111134-img1.jpg', NULL, 1, 1, 100001, '2018-09-19 15:32:38', NULL, NULL);
INSERT INTO `geic_software_intro` VALUES (27, 111134, '/upload/image/software/111134-img2.jpg', NULL, 1, 2, 100001, '2018-09-19 15:32:38', NULL, NULL);
INSERT INTO `geic_software_intro` VALUES (28, 111134, '/upload/image/software/111134-img3.jpg', NULL, 1, 3, 100001, '2018-09-19 15:32:38', NULL, NULL);
INSERT INTO `geic_software_intro` VALUES (29, 111135, '/upload/image/software/111135-img1.jpg', NULL, 1, 1, 100001, '2018-09-19 15:33:42', NULL, NULL);
INSERT INTO `geic_software_intro` VALUES (30, 111135, '/upload/image/software/111135-img2.jpg', NULL, 1, 2, 100001, '2018-09-19 15:33:42', NULL, NULL);
INSERT INTO `geic_software_intro` VALUES (31, 111135, '/upload/image/software/111135-img3.jpg', NULL, 1, 3, 100001, '2018-09-19 15:33:42', NULL, NULL);
INSERT INTO `geic_software_intro` VALUES (32, 111136, '/upload/image/software/111136-img1.png', NULL, 1, 1, 100001, '2018-09-19 15:34:33', NULL, NULL);
INSERT INTO `geic_software_intro` VALUES (33, 111136, '/upload/image/software/111136-img2.png', NULL, 1, 2, 100001, '2018-09-19 15:34:33', NULL, NULL);
INSERT INTO `geic_software_intro` VALUES (34, 111136, '/upload/image/software/111136-img3.png', NULL, 1, 3, 100001, '2018-09-19 15:34:33', NULL, NULL);
INSERT INTO `geic_software_intro` VALUES (35, 111137, '/upload/image/software/111137-img1.jpg', NULL, 1, 1, 100001, '2018-09-19 15:35:17', NULL, NULL);
INSERT INTO `geic_software_intro` VALUES (36, 111137, '/upload/image/software/111137-img2.jpg', NULL, 1, 2, 100001, '2018-09-19 15:35:17', NULL, NULL);
INSERT INTO `geic_software_intro` VALUES (37, 111137, '/upload/image/software/111137-img3.jpg', NULL, 1, 3, 100001, '2018-09-19 15:35:17', NULL, NULL);
INSERT INTO `geic_software_intro` VALUES (38, 111138, '/upload/image/software/111138-img1.jpg', NULL, 1, 1, 100001, '2018-09-19 15:36:20', NULL, NULL);
INSERT INTO `geic_software_intro` VALUES (39, 111138, '/upload/image/software/111138-img2.jpg', NULL, 1, 2, 100001, '2018-09-19 15:36:20', NULL, NULL);
INSERT INTO `geic_software_intro` VALUES (40, 111138, '/upload/image/software/111138-img3.jpg', NULL, 1, 3, 100001, '2018-09-19 15:36:20', NULL, NULL);
INSERT INTO `geic_software_intro` VALUES (41, 111139, '/upload/image/software/111139-img1.png', NULL, 1, 1, 100001, '2018-09-19 15:40:26', NULL, NULL);
INSERT INTO `geic_software_intro` VALUES (42, 111139, '/upload/image/software/111139-img2.png', NULL, 1, 2, 100001, '2018-09-19 15:40:27', NULL, NULL);
INSERT INTO `geic_software_intro` VALUES (43, 111139, '/upload/image/software/111139-img3.png', NULL, 1, 3, 100001, '2018-09-19 15:40:27', NULL, NULL);
INSERT INTO `geic_software_intro` VALUES (44, 111140, '/upload/image/software/111140-img1.png', NULL, 1, 1, 100001, '2018-09-19 15:42:19', NULL, NULL);
INSERT INTO `geic_software_intro` VALUES (45, 111123, '/upload/image/software/111123-img1.png', NULL, 1, 1, 100001, '2018-09-19 16:23:42', NULL, NULL);
INSERT INTO `geic_software_intro` VALUES (46, 111123, '/upload/image/software/111123-img2.png', NULL, 1, 2, 100001, '2018-09-19 16:23:42', NULL, NULL);
INSERT INTO `geic_software_intro` VALUES (47, 111123, '/upload/image/software/111123-img3.jpg', NULL, 1, 3, 100001, '2018-09-19 16:23:42', NULL, NULL);
INSERT INTO `geic_software_intro` VALUES (48, 111123, '/upload/image/software/111123-img4.jpg', NULL, 1, 4, 100001, '2018-09-19 16:23:42', NULL, NULL);
INSERT INTO `geic_software_intro` VALUES (49, 111123, '/upload/image/software/111123-img5.jpg', NULL, 1, 5, 100001, '2018-09-19 16:23:42', NULL, NULL);
INSERT INTO `geic_software_intro` VALUES (50, 111123, '/upload/image/software/111123-img6.jpg', NULL, 1, 6, 100001, '2018-09-19 16:23:42', NULL, NULL);

-- ----------------------------
-- Table structure for geic_software_trial
-- ----------------------------
DROP TABLE IF EXISTS `geic_software_trial`;
CREATE TABLE `geic_software_trial`  (
  `trial_id` int(11) NOT NULL AUTO_INCREMENT COMMENT '主键ID',
  `user_id` int(11) NOT NULL COMMENT '用户ID',
  `software_id` int(11) NOT NULL COMMENT '软件应用ID',
  `trail_time` datetime NULL DEFAULT NULL COMMENT '试用时间',
  `software_icon` varchar(100) CHARACTER SET utf8 COLLATE utf8_general_ci NULL DEFAULT NULL COMMENT '软件应用简图',
  `software_title` varchar(100) CHARACTER SET utf8 COLLATE utf8_general_ci NULL DEFAULT NULL COMMENT '软件应用标题',
  `software_company` varchar(100) CHARACTER SET utf8 COLLATE utf8_general_ci NULL DEFAULT NULL COMMENT '软件应用企业',
  `software_desc` varchar(255) CHARACTER SET utf8 COLLATE utf8_general_ci NULL DEFAULT NULL COMMENT '软件应用简述',
  `software_traildays` int(10) NULL DEFAULT NULL COMMENT '软件可试用天数',
  PRIMARY KEY (`trial_id`) USING BTREE
) ENGINE = InnoDB AUTO_INCREMENT = 15 CHARACTER SET = utf8 COLLATE = utf8_general_ci COMMENT = '软件在线试用表' ROW_FORMAT = Dynamic;

-- ----------------------------
-- Table structure for geic_solution_application
-- ----------------------------
DROP TABLE IF EXISTS `geic_solution_application`;
CREATE TABLE `geic_solution_application`  (
  `application_id` int(11) NOT NULL AUTO_INCREMENT COMMENT '应用场景ID',
  `solution_id` int(11) NOT NULL COMMENT '解决方案ID',
  `application_title` varchar(100) CHARACTER SET utf8 COLLATE utf8_general_ci NULL DEFAULT NULL COMMENT '应用场景标题',
  `application_image` varchar(100) CHARACTER SET utf8 COLLATE utf8_general_ci NULL DEFAULT NULL COMMENT '应用场景图标',
  `application_content` text CHARACTER SET utf8 COLLATE utf8_general_ci NULL COMMENT '应用场景内容',
  `sort` tinyint(2) NULL DEFAULT NULL COMMENT '顺序',
  `status` tinyint(2) NULL DEFAULT NULL COMMENT '状态',
  `create_id` int(11) NULL DEFAULT NULL COMMENT '创建人ID',
  `create_time` datetime NULL DEFAULT NULL COMMENT '创建时间',
  `update_id` int(11) NULL DEFAULT NULL COMMENT '更新人ID',
  `update_time` datetime NULL DEFAULT NULL COMMENT '更新时间',
  PRIMARY KEY (`application_id`) USING BTREE
) ENGINE = InnoDB AUTO_INCREMENT = 56 CHARACTER SET = utf8 COLLATE = utf8_general_ci COMMENT = '解决方案应用场景表' ROW_FORMAT = Compact;

-- ----------------------------
-- Records of geic_solution_application
-- ----------------------------
INSERT INTO `geic_solution_application` VALUES (2, 11, '无人区值守', '/static/pic/solution/appsence.png', '油品在运输、装卸、贮存保管过程中，容易造成人身伤亡和财产损毁，需要加强安全防护措施。<br/><br/>通过对车身、驾驶室、运输罐等多位置安装视频监控终端及环境传感器的安装，实现对驾驶员驾驶行为车辆行驶路径、车辆异常事件（偷漏油、冒烟等）、装卸油操作行为、车辆颠簸状态的实时监控。<br/><br/>有效减少了事故发生的机率，从而大大增加了油品运输途中的安全性，最大程度地预防了可能存在的隐患问题。', 2, 1, 100001, '2018-07-26 16:58:37', NULL, NULL);
INSERT INTO `geic_solution_application` VALUES (4, 11, '油品运输', '/static/pic/solution/appsence.png', '油品在运输、装卸、贮存保管过程中，容易造成人身伤亡和财产损毁，需要加强安全防护措施。<br/><br/>通过对车身、驾驶室、运输罐等多位置安装视频监控终端及环境传感器的安装，实现对驾驶员驾驶行为车辆行驶路径、车辆异常事件（偷漏油、冒烟等）、装卸油操作行为、车辆颠簸状态的实时监控。<br/><br/>有效减少了事故发生的机率，从而大大增加了油品运输途中的安全性，最大程度地预防了可能存在的隐患问题。', 1, 1, 100001, '2018-07-26 14:58:33', NULL, NULL);
INSERT INTO `geic_solution_application` VALUES (12, 10086, '环境指标检测', 'static/pic/solution/appsence.png', '油品在运输、装卸、贮存保管过程中，容易造成人身伤亡和财产损毁，需要加强安全防护措施。<br/><br/>通过对车身、驾驶室、运输罐等多位置安装视频监控终端及环境传感器的安装，实现对驾驶员驾驶行为车辆行驶路径、车辆异常事件（偷漏油、冒烟等）、装卸油操作行为、车辆颠簸状态的实时监控。<br/><br/>有效减少了事故发生的机率，从而大大增加了油品运输途中的安全性，最大程度地预防了可能存在的隐患问题。', 1, 1, 100001, '2018-07-27 14:58:45', NULL, NULL);
INSERT INTO `geic_solution_application` VALUES (13, 11, '环境指标检测', 'static/pic/solution/appsence.png', '油品在运输、装卸、贮存保管过程中，容易造成人身伤亡和财产损毁，需要加强安全防护措施。<br/><br/>通过对车身、驾驶室、运输罐等多位置安装视频监控终端及环境传感器的安装，实现对驾驶员驾驶行为车辆行驶路径、车辆异常事件（偷漏油、冒烟等）、装卸油操作行为、车辆颠簸状态的实时监控。<br/><br/>有效减少了事故发生的机率，从而大大增加了油品运输途中的安全性，最大程度地预防了可能存在的隐患问题。', 1, 1, 100001, '2018-07-27 14:58:45', NULL, NULL);
INSERT INTO `geic_solution_application` VALUES (14, 12, '环境指标检测', 'static/pic/solution/appsence.png', '油品在运输、装卸、贮存保管过程中，容易造成人身伤亡和财产损毁，需要加强安全防护措施。<br/><br/>通过对车身、驾驶室、运输罐等多位置安装视频监控终端及环境传感器的安装，实现对驾驶员驾驶行为车辆行驶路径、车辆异常事件（偷漏油、冒烟等）、装卸油操作行为、车辆颠簸状态的实时监控。<br/><br/>有效减少了事故发生的机率，从而大大增加了油品运输途中的安全性，最大程度地预防了可能存在的隐患问题。', 1, 1, 100001, '2018-07-27 14:58:45', NULL, NULL);
INSERT INTO `geic_solution_application` VALUES (15, 13, '环境指标检测', 'static/pic/solution/appsence.png', '油品在运输、装卸、贮存保管过程中，容易造成人身伤亡和财产损毁，需要加强安全防护措施。<br/><br/>通过对车身、驾驶室、运输罐等多位置安装视频监控终端及环境传感器的安装，实现对驾驶员驾驶行为车辆行驶路径、车辆异常事件（偷漏油、冒烟等）、装卸油操作行为、车辆颠簸状态的实时监控。<br/><br/>有效减少了事故发生的机率，从而大大增加了油品运输途中的安全性，最大程度地预防了可能存在的隐患问题。', 1, 1, 100001, '2018-07-27 14:58:45', NULL, NULL);
INSERT INTO `geic_solution_application` VALUES (16, 10001, '机械制造', '/upload/image/solutions/1000103.jpg', '针对机械制造行业，通过MES解决方案，实现生产车间作业情况的实时监控以及数据的采集，规范生产订单从创建到执行的标准化流程，实现生产一体化管理。', 1, 1, NULL, NULL, NULL, NULL);
INSERT INTO `geic_solution_application` VALUES (17, 10001, '电子制造', '/upload/image/solutions/1000101.jpg', '针对电子制造，利用条码扫描技术、数字连接终端、设备芯片存储等数据采集手段，实时获取生产现场在制品与物料品质信息。实现企业对生产过程的实时监控与全面追溯需求。 ', 2, 1, NULL, NULL, NULL, NULL);
INSERT INTO `geic_solution_application` VALUES (18, 10001, '汽车制造', '/upload/image/solutions/1000105.jpg', '针对汽车制造，以作业调度为核心，收集生产过程中的实时信息，并对实时事件及时处 理，同时与计划层和控制层保持双向通信能力，优化生产过程。', 3, 1, NULL, NULL, NULL, NULL);
INSERT INTO `geic_solution_application` VALUES (19, 10001, '航空制造', '/upload/image/solutions/1000102.jpg', '针对航空制造行业，基于MES应用系统，带动计划流、物流、信息流、资金流的全面集成，支撑生产精益化和交付质量的提升。', 4, 1, NULL, NULL, NULL, NULL);
INSERT INTO `geic_solution_application` VALUES (20, 10001, '其他离散制造业', '/upload/image/solutions/1000104.jpg', '针对其他离散制造行业，实现对生产过程的管理，使工厂能够对生产过程做出快速响应，减少无附加价值的生产活动。', 5, 1, NULL, NULL, NULL, NULL);
INSERT INTO `geic_solution_application` VALUES (21, 10087, '生产预处理', NULL, '<p class=MsoNormal style=\'text-indent:21.0pt\'><span style=\'background:white\'>调度生产预处理所需的各种资源协调原料、能源、装置检修维护、工艺等与生产有关的运作关系，建立规范的预处理工艺流程，优化生产</span><span\r\nstyle=\'mso-bidi-font-size:10.5pt;line-height:150%;mso-ascii-font-family:宋体;\r\nmso-hansi-font-family:宋体;mso-bidi-font-family:宋体;mso-font-kerning:0pt\'>。</span><span\r\nlang=EN-US style=\'background:white\'><o:p></o:p></span></p>', 1, 1, 100001, '2018-09-13 16:36:45', NULL, NULL);
INSERT INTO `geic_solution_application` VALUES (22, 10087, '反应过程', NULL, '<p class=MsoNormal style=\'text-indent:21.0pt\'><span style=\'background:white\'>对化学反应设备、化学药剂配比与工艺指标实时数据统计分析</span><span\r\nstyle=\'mso-ascii-font-family:等线;mso-ascii-theme-font:minor-fareast;mso-hansi-font-family:\r\n等线;mso-hansi-theme-font:minor-fareast;background:white\'>，</span><span\r\nstyle=\'background:white\'>通过趋势、超标统计等方式，记录设备工艺指标执行情况，为精细化管理提供依据。<span lang=EN-US><o:p></o:p></span></span></p>', 2, 1, 100001, '2018-09-13 16:36:45', NULL, NULL);
INSERT INTO `geic_solution_application` VALUES (23, 10087, '物料分离', NULL, '<p class=MsoNormal style=\'text-indent:21.0pt\'><span style=\'background:white\'>对化学反应设备、化学药剂配比与工艺指标实时数据统计分析</span><span\r\nstyle=\'mso-ascii-font-family:等线;mso-ascii-theme-font:minor-fareast;mso-hansi-font-family:\r\n等线;mso-hansi-theme-font:minor-fareast;background:white\'>，</span><span\r\nstyle=\'background:white\'>通过趋势、超标统计等方式，记录设备工艺指标执行情况，为精细化管理提供依据。<span lang=EN-US><o:p></o:p></span></span></p>', 3, 1, 100001, '2018-09-13 16:36:45', NULL, NULL);
INSERT INTO `geic_solution_application` VALUES (24, 10088, '污染物浓度监测', NULL, '实时采集水质/气体传感器数据，检测害物质浓度，并进行针对性治理及预防，帮助企业有效的控制污染物排放', 1, 1, 100001, '2018-09-13 16:52:49', NULL, NULL);
INSERT INTO `geic_solution_application` VALUES (25, 10088, '设备监控', NULL, '实时可视化监控排污设备的运行状态（如：启停、负荷），异常报警提醒（如：设备故障、测量液位超高/超低报警）', 2, 1, 100001, '2018-09-13 16:52:49', NULL, NULL);
INSERT INTO `geic_solution_application` VALUES (26, 10089, '油气管道巡检', NULL, '针对油气管道巡检业务，通过管道巡检自动化实现工单实时推送、巡检路线导航、巡检人员轨迹监测，异常实时上报等，提高巡检效率，保障管道安全运行。', 1, 1, 100001, '2018-09-13 17:03:03', NULL, NULL);
INSERT INTO `geic_solution_application` VALUES (27, 10089, '站场巡检', NULL, '针对油气站场日常巡检业务，通过管道巡检自动化实现站场设备、阀门等设备日常巡检工单自动推送、巡检计划自动编制、设备异常统计等，提高安全生产效率。', 2, 1, 100001, '2018-09-13 17:03:03', NULL, NULL);
INSERT INTO `geic_solution_application` VALUES (28, 10090, '无人值守', NULL, '通过对油气水井、注水站、集输站、处理站、联合站等生产过程数据的实时监测，实现无人值守，及时告警，可有效减少巡视人员工作。', 1, 1, 100001, '2018-09-13 17:08:48', NULL, NULL);
INSERT INTO `geic_solution_application` VALUES (29, 10090, '远程监控', NULL, '通过智能手机、iPad等移动终端，随时浏览各生产设备生产流程画面、运行参数趋势图以及生产报表，实时了解油田的生产运行情况。', 2, 1, 100001, '2018-09-13 17:08:49', NULL, NULL);
INSERT INTO `geic_solution_application` VALUES (30, 10090, 'KPI统计分析', NULL, '领导层可以及时掌握产油量、百米吨液耗电、采油指数、机采系统效率、原油库存等重要生产指标，了解企业生产运行情况。', 3, 1, 100001, '2018-09-13 17:08:49', NULL, NULL);
INSERT INTO `geic_solution_application` VALUES (31, 10090, '生产调度', NULL, '与移动终端集成电视、电话会议系统，实现远程异地协作，实现动态调度生产并形成考核记录。', 4, 1, 100001, '2018-09-13 17:08:49', NULL, NULL);
INSERT INTO `geic_solution_application` VALUES (32, 10091, '智能管理', NULL, '全生命周期的设备档案管理，让发电机厂家对于设备历史了如指掌，随时可查可控维护数据。', 1, 1, 100001, '2018-09-13 17:13:35', NULL, NULL);
INSERT INTO `geic_solution_application` VALUES (33, 10091, '智能监控', NULL, '实时监控发电机组运行状况，实现发电机组故障实时监控、远程诊断、维护派单等功能。', 2, 1, 100001, '2018-09-13 17:13:35', NULL, NULL);
INSERT INTO `geic_solution_application` VALUES (34, 10091, '智能售后', NULL, '以发电机的业务流程为基础，并结合设备智能运行监控，做到售后派单以及配件调配管理。', 3, 1, 100001, '2018-09-13 17:13:35', NULL, NULL);
INSERT INTO `geic_solution_application` VALUES (35, 10092, '钢铁冶炼', NULL, '针对钢铁冶炼生产现场，实现给水泵站、煤气柜、煤气加压站、煤气放散塔、变配电所等现场自动化装置在线诊断及优化控制，实现生产状况集中监控以及能源生产调度管理。', 1, 1, 100001, '2018-09-13 17:27:09', NULL, NULL);
INSERT INTO `geic_solution_application` VALUES (36, 10092, '铜、锡、铝等有色金属冶炼', NULL, '针对有色金属冶炼企业，采用能源管理系统，实现企业生产所用水、电、气等数据的采集和监控。', 2, 1, 100001, '2018-09-13 17:27:10', NULL, NULL);
INSERT INTO `geic_solution_application` VALUES (37, 10093, '振动设备', NULL, '在振动筛的侧板和激振器上采用振动加速度传感器，可以监测振动筛的振动模式，实现数据实时监测和数据采集功能。', 1, 1, 100001, '2018-09-13 17:31:52', NULL, NULL);
INSERT INTO `geic_solution_application` VALUES (38, 10093, '风机设备', NULL, '在助燃风机和排烟风机的主电机驱动轴承上采用振动传感器，用于远程监测电机的工况，来代替人工巡检、点检，避免点检人员进入煤气现场的风险。', 2, 1, 100001, '2018-09-13 17:31:52', NULL, NULL);
INSERT INTO `geic_solution_application` VALUES (39, 10093, '通用类机电设备', NULL, '针对其他机电设备，实现机电设备运行状况的实时监测，通过数据分析，实现预测性报警。', 3, 1, 100001, '2018-09-13 17:31:52', NULL, NULL);
INSERT INTO `geic_solution_application` VALUES (40, 10094, '工业供给水泵阀设备监控', NULL, '提供水池水位、管道压力、液位、流量等在线监测，图形化动态展示供水泵阀运行状态。', 1, 1, 100001, '2018-09-13 17:43:24', NULL, NULL);
INSERT INTO `geic_solution_application` VALUES (41, 10094, '工业用水环节泵阀远程管控', NULL, '对工业生产、用水输配环节进行智能调度，及时处理故障预警信息。', 2, 1, 100001, '2018-09-13 17:43:24', NULL, NULL);
INSERT INTO `geic_solution_application` VALUES (42, 10095, '换热站供热量动态调节', NULL, '提供换热站内供热量流量控制、开度控制、分时调借控制等动态调节机制，实现热量动态调节控制按照不同的建筑类型进行分时调节控制，例如：办公区周六日和节假日，按照特定曲线运行，维持低供热参数，可以节约热量，降低运行费用。', 1, 1, 100001, '2018-09-13 18:13:48', NULL, NULL);
INSERT INTO `geic_solution_application` VALUES (43, 10095, '热力公司能耗分析', NULL, '采集、计算、分析各各换热站的平均 能耗（每平方建筑面积的耗热量、耗电量、耗水量），实现基础热力管理功能，包括热力的计划管理、热力数据的统计和分析，计算用户的能耗和能耗平衡，及时发现供热问题，为热力公司节约能源，降低运行费用。', 2, 1, 100001, '2018-09-13 18:13:48', NULL, NULL);
INSERT INTO `geic_solution_application` VALUES (44, 10095, '城市热网综合管理', NULL, '建立基于GIS的城市热网管理信息系统，并且与监控调度系统无缝集成，通过地理系统实时查看各种生产数据，实现对城市热网综合管理，能随时掌握全市输配系统的最新资料，供有关部门管理集中供热管网、规划设计、运行调度、决策使用。', 3, 1, 100001, '2018-09-13 18:13:48', NULL, NULL);
INSERT INTO `geic_solution_application` VALUES (45, 10096, '远程设备监测', NULL, '实时采集发电数据（如：发电量、发电功率、电流、电压），远程监控发电设备运行状态，当出现设备异常，及时报警并定位故障，降低停机时间', 1, 1, 100001, '2018-09-13 18:47:37', NULL, NULL);
INSERT INTO `geic_solution_application` VALUES (46, 10096, '环境指标监测', NULL, '连接温控仪、环境监测仪等多个设备，实时监控电站周边环境，多方位掌握电站运行状况', 2, 1, 100001, '2018-09-13 18:47:37', NULL, NULL);
INSERT INTO `geic_solution_application` VALUES (47, 10096, '效益预测评估', NULL, '根据历史业务数据、模型预测电站未来收益预测、建设可行性评估', 3, 1, 100001, '2018-09-13 18:47:37', NULL, NULL);
INSERT INTO `geic_solution_application` VALUES (49, 10097, '风机选址', NULL, '综合考虑气象条件及社会自然条件，如风能质量，盛行风向，自然灾害，地势，候鸟迁徙路线等因素，选择最佳建设地址', 1, 1, 100001, '2018-09-13 18:50:47', NULL, NULL);
INSERT INTO `geic_solution_application` VALUES (50, 10097, '风场设备统一监控', NULL, '针对单机，单一风场（包括风机和设备），及多个风场组合的多层统一监控', 2, 1, 100001, '2018-09-13 18:50:47', NULL, NULL);
INSERT INTO `geic_solution_application` VALUES (51, 10097, '故障分析', NULL, '针对实时/历史的数据通过图形，报表，趋势等多种方式进行展示，实现对风电设备的实时监控与故障诊断。', 3, 1, 100001, '2018-09-13 18:50:47', NULL, NULL);
INSERT INTO `geic_solution_application` VALUES (52, 10097, '功率预测', NULL, '风机功率的精细化预测，需要考虑包括风速，空气密度梯度等一系列复杂因素', 4, 1, 100001, '2018-09-13 18:50:47', NULL, NULL);
INSERT INTO `geic_solution_application` VALUES (53, 10088, '预警规则', '', '实时采集环境指标，并自定义预警阀值，当指标接近或超出预设阀值，系统及时上报告警信息', 3, 1, 100001, '2018-09-13 16:52:49', NULL, '2018-09-14 12:02:44');
INSERT INTO `geic_solution_application` VALUES (54, 10088, '质量预测', '', '利用大数据手段进行数据建模与分析，预测污染物浓度变化趋势', 4, 1, 100001, '2018-09-13 16:52:49', NULL, '2018-09-14 12:02:48');
INSERT INTO `geic_solution_application` VALUES (55, 10096, '入侵报警提醒', '', '电站周围部署视频摄像头等安防设备，实现7*24小时视频监控、入侵报警功能', 4, 1, 100001, '2018-09-13 18:47:37', NULL, '2018-09-14 15:46:55');

-- ----------------------------
-- Table structure for geic_solution_intro
-- ----------------------------
DROP TABLE IF EXISTS `geic_solution_intro`;
CREATE TABLE `geic_solution_intro`  (
  `intro_id` int(11) NOT NULL AUTO_INCREMENT COMMENT '方案介绍ID',
  `solution_id` int(11) NOT NULL COMMENT '解决方案ID',
  `intro_image` varchar(100) CHARACTER SET utf8 COLLATE utf8_general_ci NULL DEFAULT NULL COMMENT '方案介绍简图',
  `intro_content` text CHARACTER SET utf8 COLLATE utf8_general_ci NULL COMMENT '方案介绍内容',
  `status` tinyint(2) NULL DEFAULT NULL COMMENT '状态',
  `create_id` int(11) NULL DEFAULT NULL COMMENT '创建人ID',
  `create_time` datetime NULL DEFAULT NULL COMMENT '创建时间',
  `update_id` int(11) NULL DEFAULT NULL COMMENT '更新人ID',
  `update_time` datetime NULL DEFAULT NULL COMMENT '更新时间',
  PRIMARY KEY (`intro_id`) USING BTREE
) ENGINE = InnoDB AUTO_INCREMENT = 26 CHARACTER SET = utf8 COLLATE = utf8_general_ci COMMENT = '解决方案-方案介绍表' ROW_FORMAT = Compact;

-- ----------------------------
-- Records of geic_solution_intro
-- ----------------------------
INSERT INTO `geic_solution_intro` VALUES (10, 10086, '/static/pic/solution/1.png', '<div class=\'details_subtitle\'>电力远程抄表解决方案</div><p class=\'describe\'>依托中国移动 4G 物联专网，智能巡检满足不同场景下，巡检过程数据的安全回传，同时借助实时流媒体传输技术，巡检人员可主动向调度平台发起音视频呼叫，实时获取远程支持。</p><p class=\'advantage\'>主要功能</p><ul class=\'details_function clearfix\'><li><i>●</i>工单管理</li><li><i>●</i>安全报警</li><li><i>●</i>巡检导航</li><li><i>●</i>人脸识别</li><li><i>●</i>云端存储</li><li><i>●</i>后台坐席轮询</li><li><i>●</i>人员定位、移动轨迹监测</li><li><i>●</i>实时拍照、音视频采集回传</li></ul><p class=\'advantage\'>方案优势</p><ul class=\'details_list\'><li><i>●</i>工业级定制终端</li><li><i>●</i>通过多媒体传输技术，大幅度提升巡检效率</li><li><i>●</i>精准定位，时刻掌握巡检人员运动轨迹</li><li><i>●</i>建立安全报警机制，保证巡检安全</li></ul>', 1, 100001, '2018-07-26 14:56:30', NULL, NULL);
INSERT INTO `geic_solution_intro` VALUES (11, 11, '/static/pic/solution/1.png', '<div class=\'details_subtitle\'>电梯远程管理无线控制</div><p class=\'describe\'>依托中国移动 4G 物联专网，智能巡检满足不同场景下，巡检过程数据的安全回传，同时借助实时流媒体传输技术，巡检人员可主动向调度平台发起音视频呼叫，实时获取远程支持。</p><p class=\'advantage\'>主要功能</p><ul class=\'details_function clearfix\'><li><i>●</i>工单管理</li><li><i>●</i>安全报警</li><li><i>●</i>巡检导航</li><li><i>●</i>人脸识别</li><li><i>●</i>云端存储</li><li><i>●</i>后台坐席轮询</li><li><i>●</i>人员定位、移动轨迹监测</li><li><i>●</i>实时拍照、音视频采集回传</li></ul><p class=\'advantage\'>方案优势</p><ul class=\'details_list\'><li><i>●</i>工业级定制终端</li><li><i>●</i>通过多媒体传输技术，大幅度提升巡检效率</li><li><i>●</i>精准定位，时刻掌握巡检人员运动轨迹</li><li><i>●</i>建立安全报警机制，保证巡检安全</li></ul>', 1, 100001, '2018-07-26 14:56:30', NULL, NULL);
INSERT INTO `geic_solution_intro` VALUES (12, 12, '/static/pic/solution/1.png', '<div class=\'details_subtitle\'>公用区域WIFI热点接入</div><p class=\'describe\'>依托中国移动 4G 物联专网，智能巡检满足不同场景下，巡检过程数据的安全回传，同时借助实时流媒体传输技术，巡检人员可主动向调度平台发起音视频呼叫，实时获取远程支持。</p><p class=\'advantage\'>主要功能</p><ul class=\'details_function clearfix\'><li><i>●</i>工单管理</li><li><i>●</i>安全报警</li><li><i>●</i>巡检导航</li><li><i>●</i>人脸识别</li><li><i>●</i>云端存储</li><li><i>●</i>后台坐席轮询</li><li><i>●</i>人员定位、移动轨迹监测</li><li><i>●</i>实时拍照、音视频采集回传</li></ul><p class=\'advantage\'>方案优势</p><ul class=\'details_list\'><li><i>●</i>工业级定制终端</li><li><i>●</i>通过多媒体传输技术，大幅度提升巡检效率</li><li><i>●</i>精准定位，时刻掌握巡检人员运动轨迹</li><li><i>●</i>建立安全报警机制，保证巡检安全</li></ul>', 1, 100001, '2018-07-26 14:56:30', NULL, NULL);
INSERT INTO `geic_solution_intro` VALUES (13, 13, '/static/pic/solution/1.png', '<div class=\'details_subtitle\'>塔吊机械无线安全管理</div><p class=\'describe\'>依托中国移动 4G 物联专网，智能巡检满足不同场景下，巡检过程数据的安全回传，同时借助实时流媒体传输技术，巡检人员可主动向调度平台发起音视频呼叫，实时获取远程支持。</p><p class=\'advantage\'>主要功能</p><ul class=\'details_function clearfix\'><li><i>●</i>工单管理</li><li><i>●</i>安全报警</li><li><i>●</i>巡检导航</li><li><i>●</i>人脸识别</li><li><i>●</i>云端存储</li><li><i>●</i>后台坐席轮询</li><li><i>●</i>人员定位、移动轨迹监测</li><li><i>●</i>实时拍照、音视频采集回传</li></ul><p class=\'advantage\'>方案优势</p><ul class=\'details_list\'><li><i>●</i>工业级定制终端</li><li><i>●</i>通过多媒体传输技术，大幅度提升巡检效率</li><li><i>●</i>精准定位，时刻掌握巡检人员运动轨迹</li><li><i>●</i>建立安全报警机制，保证巡检安全</li></ul>', 1, 100001, '2018-07-26 14:56:30', NULL, NULL);
INSERT INTO `geic_solution_intro` VALUES (14, 10001, '/upload/image/solutions/solution_10001.png', '<p class=MsoNormal style=\'text-indent:21.0pt\'><span>方案依托先进的<span\r\nlang=EN-US>SOA</span>技术架构，完成数据层、服务层、存储层、配置端、可视化层的系统配置与集成，方便与<span lang=EN-US>OFFICE</span>套件、<span\r\nlang=EN-US>PDM</span>、<span lang=EN-US>ERP</span>等外围应用系统进行高度集成。<span\r\nlang=EN-US><o:p></o:p></span></span></p>\r\n\r\n<p class=MsoNormal style=\'text-indent:21.0pt\'><span>通过各装配区域、各机加工线的监控计算机、逻辑控制器、报警器、<span\r\nlang=EN-US>LED</span>看板，实时监控生产设备运转状态，实时采集机床开关机时间、加工零件开始<span lang=EN-US>/</span>结束时间、<span\r\nlang=EN-US>F/S</span>值、报警信息、主轴负载等设备运行数据。<span lang=EN-US><o:p></o:p></span></span></p>\r\n\r\n<p class=MsoNormal style=\'text-indent:21.0pt;margin-bottom:15px\'><span>基于实时数据库、关系数据库，完成生产数据的连续存储与统计，通过对制造资源<span\r\nlang=EN-US>(</span>设备、人员、工具、生产物料<span lang=EN-US>)</span>的统一管理与合理配置，实现车间作业计划与调度的优化和动态管理，最终实现产品工艺、制造过程及生产管理等数据的完整闭环，以及基于制造规划、作业调度与资源运控一体化流程中相关数据的联动。<span\r\nlang=EN-US><o:p></o:p></span></span></p>\r\n\r\n<p class=MsoNormal style=\'text-indent:21.0pt;margin-bottom:15px\'><b style=\'mso-bidi-font-weight:\r\nnormal\'><span style=\'mso-bidi-font-size:10.5pt;line-height:150%;font-family:\r\n\"微软雅黑 Light\",\"sans-serif\";\'>方案功能<span lang=EN-US><o:p></o:p></span></span></b></p>\r\n\r\n<p class=MsoListParagraph style=\'margin-left:39.0pt;margin-bottom:10px;text-indent:-18.0pt;\r\nmso-char-indent-count:0;mso-list:l4 level1 lfo5\'><![if !supportLists]><span\r\nlang=EN-US style=\'mso-bidi-font-size:10.5pt;line-height:150%;font-family:\"微软雅黑 Light\",\"sans-serif\";\r\nmso-bidi-font-family:\"微软雅黑 Light\"\'><span style=\'mso-list:Ignore\'>●<span\r\nstyle=\'font:7.0pt \"Times New Roman\"\'>&nbsp;&nbsp;&nbsp;&nbsp;&nbsp; </span></span></span><![endif]><span\r\nstyle=\'mso-bidi-font-size:10.5pt;line-height:150%;mso-ascii-font-family:微软雅黑;\r\nmso-hansi-font-family:微软雅黑;mso-bidi-font-family:微软雅黑;\'>设备运行状态监控及异常报警</span><span\r\nlang=EN-US style=\'mso-bidi-font-size:10.5pt;line-height:150%;font-family:\"Malgun Gothic Semilight\",\"sans-serif\";\r\n\'><o:p></o:p></span></p>\r\n\r\n<p class=MsoListParagraph style=\'margin-left:39.0pt;margin-bottom:10px;text-indent:-18.0pt;\r\nmso-char-indent-count:0;mso-list:l4 level1 lfo5\'><![if !supportLists]><span\r\nlang=EN-US style=\'mso-bidi-font-size:10.5pt;line-height:150%;font-family:\"微软雅黑 Light\",\"sans-serif\";\r\nmso-bidi-font-family:\"微软雅黑 Light\"\'><span style=\'mso-list:Ignore\'>●<span\r\nstyle=\'font:7.0pt \"Times New Roman\"\'>&nbsp;&nbsp;&nbsp;&nbsp;&nbsp; </span></span></span><![endif]><span\r\nstyle=\'mso-bidi-font-size:10.5pt;line-height:150%;mso-ascii-font-family:微软雅黑;\r\nmso-hansi-font-family:微软雅黑;mso-bidi-font-family:微软雅黑;\'>生产工艺流程监控</span><span\r\nlang=EN-US style=\'mso-bidi-font-size:10.5pt;line-height:150%;font-family:\"Malgun Gothic Semilight\",\"sans-serif\";\r\n\'><o:p></o:p></span></p>\r\n\r\n<p class=MsoListParagraph style=\'margin-left:39.0pt;margin-bottom:10px;text-indent:-18.0pt;\r\nmso-char-indent-count:0;mso-list:l4 level1 lfo5\'><![if !supportLists]><span\r\nlang=EN-US style=\'mso-bidi-font-size:10.5pt;line-height:150%;font-family:\"微软雅黑 Light\",\"sans-serif\";\r\nmso-bidi-font-family:\"微软雅黑 Light\"\'><span style=\'mso-list:Ignore\'>●<span\r\nstyle=\'font:7.0pt \"Times New Roman\"\'>&nbsp;&nbsp;&nbsp;&nbsp;&nbsp; </span></span></span><![endif]><span\r\nstyle=\'mso-bidi-font-size:10.5pt;line-height:150%;mso-ascii-font-family:微软雅黑;\r\nmso-hansi-font-family:微软雅黑;mso-bidi-font-family:微软雅黑;\'>生产质量状况监控</span><span\r\nlang=EN-US style=\'mso-bidi-font-size:10.5pt;line-height:150%;font-family:\"Malgun Gothic Semilight\",\"sans-serif\";\r\n\'><o:p></o:p></span></p>\r\n\r\n<p class=MsoListParagraph style=\'margin-left:39.0pt;margin-bottom:10px;text-indent:-18.0pt;\r\nmso-char-indent-count:0;mso-list:l4 level1 lfo5\'><![if !supportLists]><span\r\nlang=EN-US style=\'mso-bidi-font-size:10.5pt;line-height:150%;font-family:\"微软雅黑 Light\",\"sans-serif\";\r\nmso-bidi-font-family:\"微软雅黑 Light\"\'><span style=\'mso-list:Ignore\'>●<span\r\nstyle=\'font:7.0pt \"Times New Roman\"\'>&nbsp;&nbsp;&nbsp;&nbsp;&nbsp; </span></span></span><![endif]><span\r\nstyle=\'mso-bidi-font-size:10.5pt;line-height:150%;mso-ascii-font-family:微软雅黑;\r\nmso-hansi-font-family:微软雅黑;mso-bidi-font-family:微软雅黑;\'>生产计划排产与调度</span><span\r\nlang=EN-US style=\'mso-bidi-font-size:10.5pt;line-height:150%;font-family:\"Malgun Gothic Semilight\",\"sans-serif\";\r\n\'><o:p></o:p></span></p>\r\n\r\n<p class=MsoListParagraph style=\'margin-left:39.0pt;margin-bottom:10px;text-indent:-18.0pt;\r\nmso-char-indent-count:0;mso-list:l4 level1 lfo5\'><![if !supportLists]><span\r\nlang=EN-US style=\'mso-bidi-font-size:10.5pt;line-height:150%;font-family:\"微软雅黑 Light\",\"sans-serif\";\r\nmso-bidi-font-family:\"微软雅黑 Light\"\'><span style=\'mso-list:Ignore\'>●<span\r\nstyle=\'font:7.0pt \"Times New Roman\"\'>&nbsp;&nbsp;&nbsp;&nbsp;&nbsp; </span></span></span><![endif]><span\r\nstyle=\'mso-bidi-font-size:10.5pt;line-height:150%;mso-ascii-font-family:微软雅黑;\r\nmso-hansi-font-family:微软雅黑;mso-bidi-font-family:微软雅黑;\'>历史事件追溯</span><span\r\nlang=EN-US style=\'mso-bidi-font-size:10.5pt;line-height:150%;font-family:\"Malgun Gothic Semilight\",\"sans-serif\";\r\n\'><o:p></o:p></span></p>\r\n\r\n<p class=MsoListParagraph style=\'margin-left:39.0pt;margin-bottom:10px;text-indent:-18.0pt;\r\nmso-char-indent-count:0;mso-list:l4 level1 lfo5\'><![if !supportLists]><span\r\nlang=EN-US style=\'mso-bidi-font-size:10.5pt;line-height:150%;font-family:\"微软雅黑 Light\",\"sans-serif\";\r\nmso-bidi-font-family:\"微软雅黑 Light\"\'><span style=\'mso-list:Ignore\'>●<span\r\nstyle=\'font:7.0pt \"Times New Roman\"\'>&nbsp;&nbsp;&nbsp;&nbsp;&nbsp; </span></span></span><![endif]><span\r\nstyle=\'mso-bidi-font-size:10.5pt;line-height:150%;mso-ascii-font-family:微软雅黑;\r\nmso-hansi-font-family:微软雅黑;mso-bidi-font-family:微软雅黑;\'>报表样式定制化服务</span><span\r\nlang=EN-US style=\'mso-bidi-font-size:10.5pt;line-height:150%;font-family:\"Malgun Gothic Semilight\",\"sans-serif\";\r\n\'><o:p></o:p></span></p>', 1, 100001, '2018-08-21 16:16:34', NULL, NULL);
INSERT INTO `geic_solution_intro` VALUES (15, 10087, '/upload/image/solutions/solution_01.png', '<p class=MsoNormal style=\'text-indent:21.0pt\'><span>实时采集生产过程中的设备运行参数，按照一定的逻辑进行数据校正，经过数据存储、整理、分析，实现生产物料平衡，生成报表、趋势图、比例图等，帮助生产指挥人员和现场操作人员及时了解现时的生产工艺状态，辅助生产管理和操作。<span\r\nlang=EN-US><o:p></o:p></span></span></p>\r\n\r\n<p class=MsoNormal style=\'text-indent:21.0pt;margin-bottom: 15px\'>本系统围绕从原料到成品的主要生产流程及与主流程相关的工艺、质量、安环、设备运行维护等辅助流程，通过相关数据的采集、组织、整理、分析和集成，建立从计划到指令、执行、反馈、归档的生产执行工作流，并将以上生产信息及工作流通过统一的平台发布，确保工作执行可追溯可考核。</p>\r\n\r\n<p class=MsoNormal style=\'text-indent:21.0pt;margin-bottom: 15px\'><span style=\'mso-ascii-font-family:\r\n宋体;mso-hansi-font-family:宋体\';margin-bottom: 15px>方案功能</span><span lang=EN-US style=\'font-family:\r\n宋体;mso-fareast-font-family:等线;mso-fareast-theme-font:minor-fareast;margin-bottom: 15px\'><o:p></o:p></span></p>\r\n\r\n<p class=MsoListParagraph style=\'margin-left:42.0pt;text-indent:-21.0pt;\r\nmso-char-indent-count:0;mso-list:l2 level1 lfo2\'><![if !supportLists]><span\r\nlang=EN-US style=\'mso-bidi-font-size:10.5pt;line-height:150%;font-family:\"Arial\",\"sans-serif\";\r\nmso-fareast-font-family:Arial\'><span style=\'mso-list:Ignore\'>&#8226;<span\r\nstyle=\'font:7.0pt \"Times New Roman\"\'>&nbsp;&nbsp;&nbsp;&nbsp;&nbsp;&nbsp;&nbsp;\r\n</span></span></span><![endif]><span style=\'mso-ascii-font-family:宋体;\r\nmso-hansi-font-family:宋体\'>基础信息收集</span><span lang=EN-US style=\'mso-bidi-font-size:\r\n10.5pt;line-height:150%;font-family:宋体;mso-fareast-font-family:等线;mso-fareast-theme-font:\r\nminor-fareast\'><o:p></o:p></span></p>\r\n\r\n<p class=MsoListParagraph style=\'margin-left:42.0pt;text-indent:-21.0pt;\r\nmso-char-indent-count:0;mso-list:l2 level1 lfo2\'><![if !supportLists]><span\r\nlang=EN-US style=\'mso-bidi-font-size:10.5pt;line-height:150%;font-family:\"Arial\",\"sans-serif\";\r\nmso-fareast-font-family:Arial\'><span style=\'mso-list:Ignore\'>&#8226;<span\r\nstyle=\'font:7.0pt \"Times New Roman\"\'>&nbsp;&nbsp;&nbsp;&nbsp;&nbsp;&nbsp;&nbsp;\r\n</span></span></span><![endif]><span style=\'mso-ascii-font-family:宋体;\r\nmso-hansi-font-family:宋体\'>计划调度一体化</span><span lang=EN-US style=\'mso-bidi-font-size:\r\n10.5pt;line-height:150%;font-family:宋体;mso-fareast-font-family:等线;mso-fareast-theme-font:\r\nminor-fareast\'><o:p></o:p></span></p>\r\n\r\n<p class=MsoListParagraph style=\'margin-left:42.0pt;text-indent:-21.0pt;\r\nmso-char-indent-count:0;mso-list:l2 level1 lfo2\'><![if !supportLists]><span\r\nlang=EN-US style=\'mso-bidi-font-size:10.5pt;line-height:150%;font-family:\"Arial\",\"sans-serif\";\r\nmso-fareast-font-family:Arial\'><span style=\'mso-list:Ignore\'>&#8226;<span\r\nstyle=\'font:7.0pt \"Times New Roman\"\'>&nbsp;&nbsp;&nbsp;&nbsp;&nbsp;&nbsp;&nbsp;\r\n</span></span></span><![endif]><span style=\'mso-ascii-font-family:宋体;\r\nmso-hansi-font-family:宋体\'>生产运行一体化</span><span lang=EN-US style=\'mso-bidi-font-size:\r\n10.5pt;line-height:150%;font-family:宋体;mso-fareast-font-family:等线;mso-fareast-theme-font:\r\nminor-fareast\'><o:p></o:p></span></p>\r\n\r\n<p class=MsoListParagraph style=\'margin-left:42.0pt;text-indent:-21.0pt;\r\nmso-char-indent-count:0;mso-list:l2 level1 lfo2\'><![if !supportLists]><span\r\nlang=EN-US style=\'mso-bidi-font-size:10.5pt;line-height:150%;font-family:\"Arial\",\"sans-serif\";\r\nmso-fareast-font-family:Arial\'><span style=\'mso-list:Ignore\'>&#8226;<span\r\nstyle=\'font:7.0pt \"Times New Roman\"\'>&nbsp;&nbsp;&nbsp;&nbsp;&nbsp;&nbsp;&nbsp;\r\n</span></span></span><![endif]><span style=\'mso-ascii-font-family:宋体;\r\nmso-hansi-font-family:宋体\'>统计核算一体化</span><span style=\'mso-bidi-font-size:10.5pt;\r\nline-height:150%;font-family:宋体;mso-fareast-font-family:等线;mso-fareast-theme-font:\r\nminor-fareast\'> <span lang=EN-US><o:p></o:p></span></span></p>\r\n\r\n<p class=MsoListParagraph style=\'margin-left:42.0pt;text-indent:-21.0pt;\r\nmso-char-indent-count:0;mso-list:l2 level1 lfo2\'><![if !supportLists]><span\r\nlang=EN-US style=\'mso-bidi-font-size:10.5pt;line-height:150%;font-family:\"Arial\",\"sans-serif\";\r\nmso-fareast-font-family:Arial\'><span style=\'mso-list:Ignore\'>&#8226;<span\r\nstyle=\'font:7.0pt \"Times New Roman\"\'>&nbsp;&nbsp;&nbsp;&nbsp;&nbsp;&nbsp;&nbsp;\r\n</span></span></span><![endif]><span style=\'mso-bidi-font-size:10.5pt;\r\nline-height:150%;mso-ascii-font-family:宋体;mso-hansi-font-family:宋体\'>报警<span\r\nclass=GramE>联锁</span>保护值管理</span><span lang=EN-US style=\'mso-bidi-font-size:\r\n10.5pt;line-height:150%;font-family:宋体;mso-fareast-font-family:等线;mso-fareast-theme-font:\r\nminor-fareast\'><o:p></o:p></span></p>', 1, 100001, '2018-09-13 16:34:22', NULL, NULL);
INSERT INTO `geic_solution_intro` VALUES (16, 10088, '/upload/image/solutions/solution_02.png', '<p class=MsoNormal style=\'text-indent:24.0pt;margin-bottom:15px\'>通过在企业，工厂等场景的关键位置处部署工业级环境传感器及视频监控终端，并基于<span\r\nlang=EN-US>NB-IoT</span>，<span lang=EN-US>2G</span>，<span lang=EN-US>4G</span>等有线或无线的方式，将不同位置的环境传感器及视频终端产生的海量图像及环境数据，通过数据传输网关进行协议解析，统一汇聚并上传至监控中心的监控平台上。平台利用大数据分析技术和开放接口，洞察环境指标的当前状态和变化趋势，实现生产运行的安全隐患自动识别与联动报警。</p>\r\n\r\n<p class=MsoNormal style=\'text-indent:24.0pt;margin-bottom:15px\'><b style=\'mso-bidi-font-weight:\r\nnormal\'>方案功能<span lang=EN-US><o:p></o:p></span></b></p>\r\n\r\n<p class=MsoListParagraph style=\'margin-left:42.0pt;margin-bottom:10px;text-indent:-18.0pt;\r\nmso-char-indent-count:0;mso-list:l10 level1 lfo11\'><![if !supportLists]><span\r\nlang=EN-US style=\'font-family:宋体;mso-bidi-font-family:宋体\'><span\r\nstyle=\'mso-list:Ignore\'>&#8226;<span style=\'font:7.0pt \"Times New Roman\"\'>&nbsp;&nbsp;&nbsp;\r\n</span></span></span><![endif]>环境监测 </p>\r\n\r\n<p class=MsoListParagraph style=\'margin-left:42.0pt;margin-bottom:10px;text-indent:-18.0pt;\r\nmso-char-indent-count:0;mso-list:l10 level1 lfo11\'><![if !supportLists]><span\r\nlang=EN-US style=\'font-family:宋体;mso-bidi-font-family:宋体\'><span\r\nstyle=\'mso-list:Ignore\'>&#8226;<span style=\'font:7.0pt \"Times New Roman\"\'>&nbsp;&nbsp;&nbsp;\r\n</span></span></span><![endif]>图像处理</p>\r\n\r\n<p class=MsoListParagraph style=\'margin-left:42.0pt;margin-bottom:10px;text-indent:-18.0pt;\r\nmso-char-indent-count:0;mso-list:l10 level1 lfo11\'><![if !supportLists]><span\r\nlang=EN-US style=\'font-family:宋体;mso-bidi-font-family:宋体\'><span\r\nstyle=\'mso-list:Ignore\'>&#8226;<span style=\'font:7.0pt \"Times New Roman\"\'>&nbsp;&nbsp;&nbsp;\r\n</span></span></span><![endif]>污染源定位服务</p>\r\n\r\n<p class=MsoListParagraph style=\'margin-left:42.0pt;margin-bottom:10px;text-indent:-18.0pt;\r\nmso-char-indent-count:0;mso-list:l10 level1 lfo11\'><![if !supportLists]><span\r\nlang=EN-US style=\'font-family:宋体;mso-bidi-font-family:宋体\'><span\r\nstyle=\'mso-list:Ignore\'>&#8226;<span style=\'font:7.0pt \"Times New Roman\"\'>&nbsp;&nbsp;&nbsp;\r\n</span></span></span><![endif]>可定义预警规则</p>', 1, 100001, '2018-09-13 16:52:49', NULL, NULL);
INSERT INTO `geic_solution_intro` VALUES (17, 10089, '/upload/image/solutions/solution_03.png', '<p class=MsoNormal style=\'text-indent:21.0pt;margin-bottom:15px\'><span style=\'font-family:\"微软雅黑\",\"sans-serif\";\r\nmso-ascii-font-family:Calibri;mso-ascii-theme-font:minor-latin;mso-hansi-font-family:\r\nCalibri;mso-hansi-theme-font:minor-latin\'>智能巡检方案有智能管理平台和行业智能终端构成。属于工业级定制终端，可以实现工<span\r\nclass=GramE>单自服务</span>配置、前后台多媒体实时交互、巡检路径导航、巡检人员轨迹实时监测、统计报表<span class=GramE>自服务</span>配置。</span></p>\r\n\r\n<p class=MsoNormal style=\'text-indent:21.0pt;margin-bottom:15px\'><b style=\'mso-bidi-font-weight:\r\nnormal\'><span style=\'font-family:\"微软雅黑\",\"sans-serif\";mso-ascii-font-family:\r\nCalibri;mso-ascii-theme-font:minor-latin;mso-hansi-font-family:Calibri;\r\nmso-hansi-theme-font:minor-latin\'>方案功能</span><span lang=EN-US><o:p></o:p></span></b></p>\r\n\r\n<p class=MsoListParagraph style=\'margin-left:42.0pt;margin-bottom:10px;text-indent:-21.0pt;\r\nmso-char-indent-count:0;mso-list:l1 level1 lfo6\'><![if !supportLists]><span\r\nlang=EN-US style=\'font-family:宋体;mso-bidi-font-family:宋体\'><span\r\nstyle=\'mso-list:Ignore\'>&#8226;<span style=\'font:7.0pt \"Times New Roman\"\'>&nbsp;&nbsp;&nbsp;&nbsp;\r\n</span></span></span><![endif]><span style=\'font-family:\"微软雅黑\",\"sans-serif\";\r\nmso-ascii-font-family:Calibri;mso-ascii-theme-font:minor-latin;mso-hansi-font-family:\r\nCalibri;mso-hansi-theme-font:minor-latin\'>工单管理</span></p>\r\n\r\n<p class=MsoListParagraph style=\'margin-left:42.0pt;margin-bottom:10px;text-indent:-21.0pt;\r\nmso-char-indent-count:0;mso-list:l1 level1 lfo6\'><![if !supportLists]><span\r\nlang=EN-US style=\'font-family:宋体;mso-bidi-font-family:宋体\'><span\r\nstyle=\'mso-list:Ignore\'>&#8226;<span style=\'font:7.0pt \"Times New Roman\"\'>&nbsp;&nbsp;&nbsp;&nbsp;\r\n</span></span></span><![endif]><span style=\'font-family:\"微软雅黑\",\"sans-serif\";\r\nmso-ascii-font-family:Calibri;mso-ascii-theme-font:minor-latin;mso-hansi-font-family:\r\nCalibri;mso-hansi-theme-font:minor-latin\'>巡检计划编制</span></p>\r\n\r\n<p class=MsoListParagraph style=\'margin-left:42.0pt;margin-bottom:10px;text-indent:-21.0pt;\r\nmso-char-indent-count:0;mso-list:l1 level1 lfo6\'><![if !supportLists]><span\r\nlang=EN-US style=\'font-family:宋体;mso-bidi-font-family:宋体\'><span\r\nstyle=\'mso-list:Ignore\'>&#8226;<span style=\'font:7.0pt \"Times New Roman\"\'>&nbsp;&nbsp;&nbsp;&nbsp;\r\n</span></span></span><![endif]><span style=\'font-family:\"微软雅黑\",\"sans-serif\";\r\nmso-ascii-font-family:Calibri;mso-ascii-theme-font:minor-latin;mso-hansi-font-family:\r\nCalibri;mso-hansi-theme-font:minor-latin\'>管道故障统计</span></p>\r\n\r\n<p class=MsoListParagraph style=\'margin-left:42.0pt;margin-bottom:10px;text-indent:-21.0pt;\r\nmso-char-indent-count:0;mso-list:l1 level1 lfo6\'><![if !supportLists]><span\r\nlang=EN-US style=\'font-family:宋体;mso-bidi-font-family:宋体\'><span\r\nstyle=\'mso-list:Ignore\'>&#8226;<span style=\'font:7.0pt \"Times New Roman\"\'>&nbsp;&nbsp;&nbsp;&nbsp;\r\n</span></span></span><![endif]><span style=\'font-family:\"微软雅黑\",\"sans-serif\";\r\nmso-ascii-font-family:Calibri;mso-ascii-theme-font:minor-latin;mso-hansi-font-family:\r\nCalibri;mso-hansi-theme-font:minor-latin\'>巡检到位统计</span></p>', 1, 100001, '2018-09-13 17:03:03', NULL, NULL);
INSERT INTO `geic_solution_intro` VALUES (18, 10090, '/upload/image/solutions/solution_01.png', '<p class=MsoNormal style=\'text-indent:21.0pt;margin-bottom:15px\'>采用视频技术和传感器技术，实时采集油水井、阀组间、中转站、联合站以及管线等站点设备的生产数据和视频图像，基于网络技术把数据安全传送到各应用服务终端，通过实时数据库和关系数据库对数据进行存储、挖掘分析，最终以文字、报表、图形、图像等方式展示在分析平台，实现对生产设备的远程监测、控制、运维管理等功能，实现抽油井远程启停、注水自动调节控制、自动倒井计量控制。</p>\r\n\r\n<p class=MsoNormal style=\'text-indent:21.0pt;margin-bottom:15px\'><b style=\'mso-bidi-font-weight:\r\nnormal\'>方案功能<span lang=EN-US><o:p></o:p></span></b></p>\r\n\r\n<p class=MsoListParagraph style=\'margin-left:42.0pt;margin-bottom:10px;text-indent:-21.0pt;\r\nmso-char-indent-count:0;mso-list:l7 level1 lfo10\'><![if !supportLists]><span\r\nlang=EN-US style=\'font-family:宋体;mso-bidi-font-family:宋体\'><span\r\nstyle=\'mso-list:Ignore\'>&#8226;<span style=\'font:7.0pt \"Times New Roman\"\'>&nbsp;&nbsp;&nbsp;&nbsp;\r\n</span></span></span><![endif]>智能报表分析</p>\r\n\r\n<p class=MsoListParagraph style=\'margin-left:42.0pt;margin-bottom:10px;text-indent:-21.0pt;\r\nmso-char-indent-count:0;mso-list:l7 level1 lfo10\'><![if !supportLists]><span\r\nlang=EN-US style=\'font-family:宋体;mso-bidi-font-family:宋体\'><span\r\nstyle=\'mso-list:Ignore\'>&#8226;<span style=\'font:7.0pt \"Times New Roman\"\'>&nbsp;&nbsp;&nbsp;&nbsp;\r\n</span></span></span><![endif]>设备故障分析</p>\r\n\r\n<p class=MsoListParagraph style=\'margin-left:42.0pt;margin-bottom:10px;text-indent:-21.0pt;\r\nmso-char-indent-count:0;mso-list:l7 level1 lfo10\'><![if !supportLists]><span\r\nlang=EN-US style=\'font-family:宋体;mso-bidi-font-family:宋体\'><span\r\nstyle=\'mso-list:Ignore\'>&#8226;<span style=\'font:7.0pt \"Times New Roman\"\'>&nbsp;&nbsp;&nbsp;&nbsp;\r\n</span></span></span><![endif]>三维可视与仿真</p>\r\n\r\n<p class=MsoListParagraph style=\'margin-left:42.0pt;margin-bottom:10px;text-indent:-21.0pt;\r\nmso-char-indent-count:0;mso-list:l7 level1 lfo10\'><![if !supportLists]><span\r\nlang=EN-US style=\'font-family:宋体;mso-bidi-font-family:宋体\'><span\r\nstyle=\'mso-list:Ignore\'>&#8226;<span style=\'font:7.0pt \"Times New Roman\"\'>&nbsp;&nbsp;&nbsp;&nbsp;\r\n</span></span></span><![endif]>海量数据处理及监控</p>', 1, 100001, '2018-09-13 17:08:48', NULL, NULL);
INSERT INTO `geic_solution_intro` VALUES (19, 10091, '/upload/image/solutions/solution_10091.png', '<p class=MsoNormal style=\'text-indent:21.0pt;margin-bottom:15px\'>通过数据采集网关，实时采集发电机机油液位、粘度、清洁度等运行参数，采用物联网技术，存储、传输并分析运行数据，实现发电机组运行状态的远程监控、故障诊断、故障预防以及售后服务管理，优化发电机管理模式。<span\r\nlang=EN-US><span\r\nstyle=\'mso-spacerun:yes\'>&nbsp;&nbsp;&nbsp;&nbsp;&nbsp;&nbsp;&nbsp;&nbsp;&nbsp;&nbsp;&nbsp;&nbsp;&nbsp;&nbsp;&nbsp;&nbsp;&nbsp;&nbsp;&nbsp;&nbsp;&nbsp;&nbsp;&nbsp;&nbsp;&nbsp;&nbsp;&nbsp;&nbsp;&nbsp;&nbsp;&nbsp;&nbsp;&nbsp;&nbsp;&nbsp;&nbsp;&nbsp;&nbsp;&nbsp;&nbsp;&nbsp;&nbsp;&nbsp;&nbsp;&nbsp;&nbsp;&nbsp;&nbsp;&nbsp;&nbsp;&nbsp;&nbsp;&nbsp;&nbsp;&nbsp;\r\n</span></span><span lang=EN-US style=\'mso-bidi-font-size:10.5pt;line-height:\r\n150%;font-family:\"Helvetica\",\"sans-serif\";color:black;mso-themecolor:text1\'><o:p></o:p></span></p>\r\n\r\n<p class=MsoNormal style=\'text-indent:21.0pt;margin-bottom:15px\'><b style=\'mso-bidi-font-weight:\r\nnormal\'>方案优势<span lang=EN-US><span\r\nstyle=\'mso-spacerun:yes\'>&nbsp;&nbsp;&nbsp;&nbsp;&nbsp;&nbsp;&nbsp;&nbsp;&nbsp;&nbsp;&nbsp;&nbsp;&nbsp;&nbsp;&nbsp;&nbsp;&nbsp;&nbsp;&nbsp;&nbsp;&nbsp;&nbsp;&nbsp;&nbsp;&nbsp;&nbsp;&nbsp;&nbsp;&nbsp;&nbsp;&nbsp;\r\n</span><span style=\'mso-bidi-font-weight:bold\'><o:p></o:p></span></span></b></p>\r\n\r\n<p class=MsoListParagraph style=\'margin-left:42.0pt;margin-bottom:10px;text-indent:-21.0pt;\r\nmso-char-indent-count:0;mso-list:l4 level1 lfo6\'><![if !supportLists]><span\r\nlang=EN-US style=\'font-family:宋体;mso-bidi-font-family:宋体;mso-bidi-font-weight:\r\nbold\'><span style=\'mso-list:Ignore\'>&#8226;<span style=\'font:7.0pt \"Times New Roman\"\'>&nbsp;&nbsp;&nbsp;&nbsp;\r\n</span></span></span><![endif]>设备信息开放，资源共享<span lang=EN-US><span\r\nstyle=\'mso-spacerun:yes\'>&nbsp;&nbsp;&nbsp;&nbsp;&nbsp;&nbsp;&nbsp;&nbsp;&nbsp;&nbsp;&nbsp;&nbsp;&nbsp;&nbsp;&nbsp;&nbsp;&nbsp;&nbsp;&nbsp;\r\n</span><b><o:p></o:p></b></span></p>\r\n\r\n<p class=MsoListParagraph style=\'margin-left:42.0pt;margin-bottom:10px;text-indent:-21.0pt;\r\nmso-char-indent-count:0;mso-list:l4 level1 lfo6\'><![if !supportLists]><span\r\nlang=EN-US style=\'font-family:宋体;mso-bidi-font-family:宋体;mso-bidi-font-weight:\r\nbold\'><span style=\'mso-list:Ignore\'>&#8226;<span style=\'font:7.0pt \"Times New Roman\"\'>&nbsp;&nbsp;&nbsp;&nbsp;\r\n</span></span></span><![endif]>响应时间短，快速锁定故障<span lang=EN-US><span\r\nstyle=\'mso-spacerun:yes\'>&nbsp;&nbsp;&nbsp;&nbsp;&nbsp;&nbsp;&nbsp;&nbsp;&nbsp;&nbsp;&nbsp;&nbsp;&nbsp;&nbsp;&nbsp;&nbsp;&nbsp;&nbsp;&nbsp;&nbsp;\r\n</span><b><o:p></o:p></b></span></p>\r\n\r\n<p class=MsoListParagraph style=\'margin-left:42.0pt;margin-bottom:10px;text-indent:-21.0pt;\r\nmso-char-indent-count:0;mso-list:l4 level1 lfo6\'><![if !supportLists]><span\r\nlang=EN-US style=\'font-family:宋体;mso-bidi-font-family:宋体;mso-bidi-font-weight:\r\nbold\'><span style=\'mso-list:Ignore\'>&#8226;<span style=\'font:7.0pt \"Times New Roman\"\'>&nbsp;&nbsp;&nbsp;&nbsp;\r\n</span></span></span><![endif]>中断自启，减少损失<span lang=EN-US><span\r\nstyle=\'mso-spacerun:yes\'>&nbsp;&nbsp;&nbsp;&nbsp;&nbsp;&nbsp;&nbsp;&nbsp;&nbsp;&nbsp;&nbsp;&nbsp;&nbsp;&nbsp;&nbsp;&nbsp;&nbsp;&nbsp;&nbsp;&nbsp;&nbsp;&nbsp;&nbsp;&nbsp;&nbsp;&nbsp;&nbsp;&nbsp;&nbsp;&nbsp;&nbsp;&nbsp;&nbsp;&nbsp;&nbsp;&nbsp;&nbsp;&nbsp;&nbsp;&nbsp;&nbsp;&nbsp;&nbsp;&nbsp;&nbsp;\r\n</span><b><o:p></o:p></b></span></p>', 1, 100001, '2018-09-13 17:13:35', NULL, NULL);
INSERT INTO `geic_solution_intro` VALUES (20, 10092, '/upload/image/solutions/solution_01.png', '<p class=MsoNormal style=\'margin-top:1.2pt;margin-right:0cm;margin-bottom:1.2pt;\r\nmargin-left:0cm;text-indent:21.0pt;margin-bottom:15px\'>基于多种采集设备，实时采集电力系统的电量、电压、频率，水道系统的流量、压力、水位、水质等能源消耗数据，完成实时数据的汇总，分类，存储，以及统计分析，实现与数据库的无缝转储，自动生成生产<span\r\nstyle=\'mso-bidi-font-size:10.5pt;line-height:150%;mso-hansi-font-family:宋体;\r\nmso-bidi-font-weight:bold\'>工艺流程能源使用效率报表。</span>通过展示层，实时监控现场工艺流程与设备运行状况，保证供配水、电、气的集中监控和安全生产。</p>\r\n\r\n<p class=MsoNormal style=\'text-indent:21.0pt;margin-bottom:15px\'><b style=\'mso-bidi-font-weight:\r\nnormal\'>方案功能<span lang=EN-US><o:p></o:p></span></b></p>\r\n\r\n<p class=MsoListParagraph style=\'margin-left:42.0pt;margin-bottom:10px;text-indent:-21.0pt;\r\nmso-char-indent-count:0;mso-list:l3 level1 lfo11\'><![if !supportLists]><span\r\nlang=EN-US style=\'font-family:宋体;mso-bidi-font-family:宋体\'><span\r\nstyle=\'mso-list:Ignore\'>&#8226;<span style=\'font:7.0pt \"Times New Roman\"\'>&nbsp;&nbsp;&nbsp;&nbsp;\r\n</span></span></span><![endif]>数据采集与统计分析</p>\r\n\r\n<p class=MsoListParagraph style=\'margin-left:42.0pt;margin-bottom:10px;text-indent:-21.0pt;\r\nmso-char-indent-count:0;mso-list:l3 level1 lfo11\'><![if !supportLists]><span\r\nlang=EN-US style=\'font-family:宋体;mso-bidi-font-family:宋体\'><span\r\nstyle=\'mso-list:Ignore\'>&#8226;<span style=\'font:7.0pt \"Times New Roman\"\'>&nbsp;&nbsp;&nbsp;&nbsp;\r\n</span></span></span><![endif]>多角度图表展示</p>\r\n\r\n<p class=MsoListParagraph style=\'margin-left:42.0pt;margin-bottom:10px;text-indent:-21.0pt;\r\nmso-char-indent-count:0;mso-list:l3 level1 lfo11\'><![if !supportLists]><span\r\nlang=EN-US style=\'font-family:宋体;mso-bidi-font-family:宋体\'><span\r\nstyle=\'mso-list:Ignore\'>&#8226;<span style=\'font:7.0pt \"Times New Roman\"\'>&nbsp;&nbsp;&nbsp;&nbsp;\r\n</span></span></span><![endif]>故障诊断报警</p>\r\n\r\n<p class=MsoListParagraph style=\'margin-left:42.0pt;margin-bottom:10px;text-indent:-21.0pt;\r\nmso-char-indent-count:0;mso-list:l3 level1 lfo11\'><![if !supportLists]><span\r\nlang=EN-US style=\'font-family:宋体;mso-bidi-font-family:宋体\'><span\r\nstyle=\'mso-list:Ignore\'>&#8226;<span style=\'font:7.0pt \"Times New Roman\"\'>&nbsp;&nbsp;&nbsp;&nbsp;\r\n</span></span></span><![endif]>能源计划调度</p>', 1, 100001, '2018-09-13 17:27:09', NULL, NULL);
INSERT INTO `geic_solution_intro` VALUES (21, 10093, '/upload/image/solutions/solution_01.png', '<p class=MsoNormal style=\'text-indent:21.0pt;margin-bottom:15px\'><span style=\'mso-bidi-font-size:\r\n10.5pt;line-height:150%\'>利用工业级传感器和智能通信控制器，实时采集上传机电设备振动、转速、温度等运行参数，基于大数据技术，生成振动波形图、频谱图等设备运行趋势报表，实现精准的设备故障预警，实现手机<span\r\nlang=EN-US>APP</span>远程监测。<span lang=EN-US><span\r\nstyle=\'mso-spacerun:yes\'>&nbsp;&nbsp;&nbsp;&nbsp;&nbsp;&nbsp;&nbsp;&nbsp;&nbsp;&nbsp;&nbsp;&nbsp;&nbsp;&nbsp;&nbsp;\r\n</span><o:p></o:p></span></span></p>\r\n\r\n<p class=MsoNormal style=\'text-indent:21.0pt;margin-bottom:15px\'><b style=\'mso-bidi-font-weight:\r\nnormal\'><span style=\'mso-bidi-font-size:10.5pt;line-height:150%\'>方案特点<span\r\nlang=EN-US><span\r\nstyle=\'mso-spacerun:yes\'>&nbsp;&nbsp;&nbsp;&nbsp;&nbsp;&nbsp;&nbsp;&nbsp;&nbsp;&nbsp;&nbsp;&nbsp;&nbsp;&nbsp;&nbsp;&nbsp;&nbsp;&nbsp;&nbsp;&nbsp;&nbsp;&nbsp;\r\n</span></span></span><span lang=EN-US><span\r\nstyle=\'mso-spacerun:yes\'>&nbsp;&nbsp;&nbsp;&nbsp;&nbsp;&nbsp;</span><span\r\nstyle=\'mso-bidi-font-weight:bold\'><o:p></o:p></span></span></b></p>\r\n\r\n<p class=MsoListParagraph style=\'margin-left:42.0pt;margin-bottom:10px;text-indent:-21.0pt;\r\nmso-char-indent-count:0;mso-list:l6 level1 lfo8\'><![if !supportLists]><span\r\nlang=EN-US style=\'font-family:\"Arial\",\"sans-serif\";mso-fareast-font-family:\r\nArial\'><span style=\'mso-list:Ignore\'>&#8226;<span style=\'font:7.0pt \"Times New Roman\"\'>&nbsp;&nbsp;&nbsp;&nbsp;&nbsp;&nbsp;&nbsp;\r\n</span></span></span><![endif]>安装简单方便</p>\r\n\r\n<p class=MsoListParagraph style=\'margin-left:42.0pt;margin-bottom:10px;text-indent:-21.0pt;\r\nmso-char-indent-count:0;mso-list:l6 level1 lfo8\'><![if !supportLists]><span\r\nlang=EN-US style=\'font-family:\"Arial\",\"sans-serif\";mso-fareast-font-family:\r\nArial\'><span style=\'mso-list:Ignore\'>&#8226;<span style=\'font:7.0pt \"Times New Roman\"\'>&nbsp;&nbsp;&nbsp;&nbsp;&nbsp;&nbsp;&nbsp;\r\n</span></span></span><![endif]>专业的诊断手段</p>\r\n\r\n<p class=MsoListParagraph style=\'margin-left:42.0pt;margin-bottom:10px;text-indent:-21.0pt;\r\nmso-char-indent-count:0;mso-list:l6 level1 lfo8\'><![if !supportLists]><span\r\nlang=EN-US style=\'font-family:\"Arial\",\"sans-serif\";mso-fareast-font-family:\r\nArial\'><span style=\'mso-list:Ignore\'>&#8226;<span style=\'font:7.0pt \"Times New Roman\"\'>&nbsp;&nbsp;&nbsp;&nbsp;&nbsp;&nbsp;&nbsp;\r\n</span></span></span><![endif]>支持多种传感器</p>', 1, 100001, '2018-09-13 17:31:52', NULL, NULL);
INSERT INTO `geic_solution_intro` VALUES (22, 10094, '/upload/image/solutions/solution_08.png', '<p class=MsoBodyText style=\'text-indent:21.0pt;margin-bottom:15px\'><span style=\'font-family:等线;\r\nmso-ascii-font-family:\"Noto Sans CJK JP Regular\";mso-fareast-font-family:等线;\r\nmso-fareast-theme-font:minor-fareast;mso-hansi-font-family:\"Noto Sans CJK JP Regular\";\r\nmso-fareast-language:ZH-CN\'>通过在供水泵、仪表处接入</span><span lang=EN-US\r\nstyle=\'mso-fareast-language:ZH-CN\'>PLC</span><span style=\'font-family:等线;\r\nmso-ascii-font-family:\"Noto Sans CJK JP Regular\";mso-fareast-font-family:等线;\r\nmso-fareast-theme-font:minor-fareast;mso-hansi-font-family:\"Noto Sans CJK JP Regular\";\r\nmso-fareast-language:ZH-CN\'>设备，实时采集泵阀设备在运行过程中的供水数据、用电数据、设备运行数据等。工作人员通过实时监控系统可以远程监测水泵各功能点开关状态（包括：集控、现地、断路器合闸、荷重报警、电机报警，控制电源未投，综合报警，闸门上</span><span\r\nlang=EN-US style=\'mso-fareast-language:ZH-CN\'>/</span><span style=\'font-family:\r\n等线;mso-ascii-font-family:\"Noto Sans CJK JP Regular\";mso-fareast-font-family:\r\n等线;mso-fareast-theme-font:minor-fareast;mso-hansi-font-family:\"Noto Sans CJK JP Regular\";\r\nmso-fareast-language:ZH-CN\'>下限位），以及当前开度实时数据，同时可通过设置预置开度调节水位，并可以开启和关闭闸门。在监控过程中一旦出现判断数据异常，立即发出声光、语音报警，系统通过语音播报报警信息及当前实际值，使用户能第一时间获知事故的发生。实现供水泵阀智能化</span><span\r\nstyle=\'mso-fareast-language:ZH-CN\'> </span><span style=\'font-family:等线;\r\nmso-ascii-font-family:\"Noto Sans CJK JP Regular\";mso-fareast-font-family:等线;\r\nmso-fareast-theme-font:minor-fareast;mso-hansi-font-family:\"Noto Sans CJK JP Regular\";\r\nmso-fareast-language:ZH-CN\'>安全调度管理。</span><span lang=EN-US style=\'mso-fareast-language:\r\nZH-CN\'><o:p></o:p></span></p>\r\n\r\n<p class=MsoBodyText style=\'text-indent:21.0pt;margin-bottom:15px\'><b style=\'mso-bidi-font-weight:\r\nnormal\'><span style=\'font-family:等线;mso-ascii-font-family:\"Noto Sans CJK JP Regular\";\r\nmso-fareast-font-family:等线;mso-fareast-theme-font:minor-fareast;mso-hansi-font-family:\r\n\"Noto Sans CJK JP Regular\";mso-fareast-language:ZH-CN\'>方案功能</span></b><b\r\nstyle=\'mso-bidi-font-weight:normal\'><span lang=EN-US style=\'mso-fareast-language:\r\nZH-CN\'><span style=\'mso-tab-count:1\'>&nbsp; </span><o:p></o:p></span></b></p>\r\n\r\n<p class=MsoBodyText style=\'margin-left:46.4pt;margin-bottom:10px;text-indent:-21.0pt;mso-char-indent-count:\r\n0;mso-list:l4 level1 lfo13\'><![if !supportLists]><span lang=EN-US\r\nstyle=\'font-family:宋体;mso-bidi-font-family:宋体;mso-fareast-language:ZH-CN\'><span\r\nstyle=\'mso-list:Ignore\'>&#8226;<span style=\'font:7.0pt \"Times New Roman\"\'>&nbsp;&nbsp;&nbsp;&nbsp;\r\n</span></span></span><![endif]><span style=\'font-family:等线;mso-ascii-font-family:\r\n\"Noto Sans CJK JP Regular\";mso-fareast-font-family:等线;mso-fareast-theme-font:\r\nminor-fareast;mso-hansi-font-family:\"Noto Sans CJK JP Regular\";mso-fareast-language:\r\nZH-CN\'>泵阀运行状态实时监测</span><span lang=EN-US style=\'mso-fareast-language:ZH-CN\'><o:p></o:p></span></p>\r\n\r\n<p class=MsoBodyText style=\'margin-left:46.4pt;margin-bottom:10px;text-indent:-21.0pt;mso-char-indent-count:\r\n0;mso-list:l4 level1 lfo13\'><![if !supportLists]><span lang=EN-US\r\nstyle=\'font-family:宋体;mso-bidi-font-family:宋体;mso-fareast-language:ZH-CN\'><span\r\nstyle=\'mso-list:Ignore\'>&#8226;<span style=\'font:7.0pt \"Times New Roman\"\'>&nbsp;&nbsp;&nbsp;&nbsp;\r\n</span></span></span><![endif]><span style=\'font-family:等线;mso-ascii-font-family:\r\n\"Noto Sans CJK JP Regular\";mso-fareast-font-family:等线;mso-fareast-theme-font:\r\nminor-fareast;mso-hansi-font-family:\"Noto Sans CJK JP Regular\";mso-fareast-language:\r\nZH-CN\'>泵阀远程控制</span><span style=\'mso-fareast-language:ZH-CN\'> <span lang=EN-US><o:p></o:p></span></span></p>\r\n\r\n<p class=MsoBodyText style=\'margin-left:46.4pt;margin-bottom:10px;text-indent:-21.0pt;mso-char-indent-count:\r\n0;mso-list:l4 level1 lfo13\'><![if !supportLists]><span lang=EN-US\r\nstyle=\'mso-bidi-font-size:11.0pt;line-height:150%;font-family:宋体;mso-bidi-font-family:\r\n宋体;mso-fareast-language:ZH-CN\'><span style=\'mso-list:Ignore\'>&#8226;<span\r\nstyle=\'font:7.0pt \"Times New Roman\"\'>&nbsp;&nbsp;&nbsp;&nbsp; </span></span></span><![endif]><span\r\nstyle=\'mso-bidi-font-size:11.0pt;line-height:150%;font-family:等线;mso-ascii-font-family:\r\n\"Noto Sans CJK JP Regular\";mso-fareast-font-family:等线;mso-fareast-theme-font:\r\nminor-fareast;mso-hansi-font-family:\"Noto Sans CJK JP Regular\";mso-fareast-language:\r\nZH-CN\'>水位趋势预测与自动调节</span><span lang=EN-US style=\'mso-bidi-font-size:11.0pt;\r\nline-height:150%;mso-fareast-language:ZH-CN\'><span\r\nstyle=\'mso-spacerun:yes\'>&nbsp; </span><o:p></o:p></span></p>\r\n\r\n<p class=MsoBodyText style=\'margin-left:46.4pt;margin-bottom:10px;text-indent:-21.0pt;mso-char-indent-count:\r\n0;mso-list:l4 level1 lfo13\'><![if !supportLists]><span lang=EN-US\r\nstyle=\'font-family:宋体;mso-bidi-font-family:宋体\'><span style=\'mso-list:Ignore\'>&#8226;<span\r\nstyle=\'font:7.0pt \"Times New Roman\"\'>&nbsp;&nbsp;&nbsp;&nbsp; </span></span></span><![endif]><span\r\nclass=SpellE><span lang=EN-US style=\'mso-bidi-font-size:11.0pt;line-height:\r\n150%;font-family:等线;mso-ascii-font-family:\"Noto Sans CJK JP Regular\";\r\nmso-fareast-font-family:等线;mso-fareast-theme-font:minor-fareast;mso-hansi-font-family:\r\n\"Noto Sans CJK JP Regular\"\'>事故模型分析</span></span><span lang=EN-US\r\nstyle=\'mso-bidi-font-size:11.0pt;line-height:150%\'> </span></p>\r\n\r\n<p class=MsoBodyText style=\'margin-left:46.4pt;margin-bottom:10px;text-indent:-21.0pt;mso-char-indent-count:\r\n0;mso-list:l4 level1 lfo13\'><![if !supportLists]><span lang=EN-US\r\nstyle=\'mso-bidi-font-size:11.0pt;line-height:150%;font-family:宋体;mso-bidi-font-family:\r\n宋体\'><span style=\'mso-list:Ignore\'>&#8226;<span style=\'font:7.0pt \"Times New Roman\"\'>&nbsp;&nbsp;&nbsp;&nbsp;\r\n</span></span></span><![endif]><span class=SpellE><span lang=EN-US\r\nstyle=\'mso-bidi-font-size:11.0pt;line-height:150%;font-family:等线;mso-ascii-font-family:\r\n\"Noto Sans CJK JP Regular\";mso-fareast-font-family:等线;mso-fareast-theme-font:\r\nminor-fareast;mso-hansi-font-family:\"Noto Sans CJK JP Regular\"\'>故障报警</span></span><span\r\nlang=EN-US style=\'mso-bidi-font-size:11.0pt;line-height:150%\'><o:p></o:p></span></p>\r\n\r\n<p class=MsoBodyText style=\'text-indent:28.0pt\'><span lang=EN-US\r\nstyle=\'font-size:14.0pt;line-height:150%;font-family:仿宋\'><o:p>&nbsp;</o:p></span></p>', 1, 100001, '2018-09-13 17:43:24', NULL, NULL);
INSERT INTO `geic_solution_intro` VALUES (23, 10095, '/upload/image/solutions/solution_09.png', '<p class=MsoNormal style=\'text-indent:21.0pt;margin-bottom:15px;\'>热网智能调度指挥管理系统主要由三层组成：热力站、通讯网路和调度中心。调度中心负责接收各现场监控设备回传的数据，并向各现场设备发出调度控制指令，为供热过程如热源负荷分配、热<span\r\nclass=GramE>网平衡</span>与分析等提供决策依据，同时为企业进行综合的能源管理、成本管理提供信息依据，从而实现供热公司的综合信息化管理，提高供热运行经济效益。<b><span\r\nlang=EN-US><o:p></o:p></span></b></p>\r\n\r\n<p class=MsoNormal style=\'text-indent:21.0pt\'><span lang=EN-US><o:p>&nbsp;</o:p></span></p>\r\n\r\n<p class=MsoNormal style=\'text-indent:21.0pt;margin-bottom:15px;\'><b style=\'mso-bidi-font-weight:\r\nnormal\'>方案功能 <span lang=EN-US><o:p></o:p></span></b></p>\r\n\r\n<p class=MsoListParagraph style=\'margin-left:42.0pt;margin-bottom:10px;text-indent:-21.0pt;\r\nmso-char-indent-count:0;mso-list:l5 level1 lfo12\'><![if !supportLists]><span\r\nlang=EN-US style=\'font-size:10.5pt;line-height:150%;mso-bidi-font-weight:bold\'><span\r\nstyle=\'mso-list:Ignore\'>&#8226;<span style=\'font:7.0pt \"Times New Roman\"\'>&nbsp;&nbsp;&nbsp;&nbsp;\r\n</span></span></span><![endif]><span style=\'font-size:10.5pt;line-height:150%;\r\nfont-family:等线;mso-ascii-theme-font:minor-latin;mso-fareast-theme-font:minor-fareast;\r\nmso-hansi-theme-font:minor-latin\'>数据采集、过程监控<b><span lang=EN-US><o:p></o:p></span></b></span></p>\r\n\r\n<p class=MsoListParagraph style=\'margin-left:42.0pt;margin-bottom:10px;text-indent:-21.0pt;\r\nmso-char-indent-count:0;mso-list:l5 level1 lfo12\'><![if !supportLists]><span\r\nlang=EN-US style=\'font-size:10.5pt;line-height:150%;mso-bidi-font-weight:bold\'><span\r\nstyle=\'mso-list:Ignore\'>&#8226;<span style=\'font:7.0pt \"Times New Roman\"\'>&nbsp;&nbsp;&nbsp;&nbsp;\r\n</span></span></span><![endif]><span style=\'font-size:10.5pt;line-height:150%;\r\nfont-family:等线;mso-ascii-theme-font:minor-latin;mso-fareast-theme-font:minor-fareast;\r\nmso-hansi-theme-font:minor-latin\'>热网供热实时数据分析、热网供热系统趋势分析、报警显示<b><span\r\nlang=EN-US><o:p></o:p></span></b></span></p>\r\n\r\n<p class=MsoListParagraph style=\'margin-left:42.0pt;margin-bottom:10px;text-indent:-21.0pt;\r\nmso-char-indent-count:0;mso-list:l5 level1 lfo12\'><![if !supportLists]><span\r\nlang=EN-US style=\'font-size:10.5pt;line-height:150%;mso-bidi-font-weight:bold\'><span\r\nstyle=\'mso-list:Ignore\'>&#8226;<span style=\'font:7.0pt \"Times New Roman\"\'>&nbsp;&nbsp;&nbsp;&nbsp;\r\n</span></span></span><![endif]><span style=\'font-size:10.5pt;line-height:150%;\r\nfont-family:等线;mso-ascii-theme-font:minor-latin;mso-fareast-theme-font:minor-fareast;\r\nmso-hansi-theme-font:minor-latin\'>负荷预测、锅炉效率分析<b><span lang=EN-US><o:p></o:p></span></b></span></p>\r\n\r\n<p class=MsoListParagraph style=\'margin-left:42.0pt;margin-bottom:10px;text-indent:-21.0pt;\r\nmso-char-indent-count:0;mso-list:l5 level1 lfo12\'><![if !supportLists]><span\r\nlang=EN-US style=\'font-size:10.5pt;line-height:150%;mso-bidi-font-weight:bold\'><span\r\nstyle=\'mso-list:Ignore\'>&#8226;<span style=\'font:7.0pt \"Times New Roman\"\'>&nbsp;&nbsp;&nbsp;&nbsp;\r\n</span></span></span><![endif]><span style=\'font-size:10.5pt;line-height:150%;\r\nfont-family:等线;mso-ascii-theme-font:minor-latin;mso-fareast-theme-font:minor-fareast;\r\nmso-hansi-theme-font:minor-latin\'>水压图分析、换热站控制、能耗分析<b><span lang=EN-US><o:p></o:p></span></b></span></p>\r\n\r\n<p class=MsoListParagraph style=\'margin-left:42.0pt;margin-bottom:10px;text-indent:-21.0pt;\r\nmso-char-indent-count:0;mso-list:l5 level1 lfo12\'><![if !supportLists]><span\r\nlang=EN-US style=\'font-size:10.5pt;line-height:150%;mso-bidi-font-weight:bold\'><span\r\nstyle=\'mso-list:Ignore\'>&#8226;<span style=\'font:7.0pt \"Times New Roman\"\'>&nbsp;&nbsp;&nbsp;&nbsp;\r\n</span></span></span><![endif]><span style=\'font-size:10.5pt;line-height:150%;\r\nfont-family:等线;mso-ascii-theme-font:minor-latin;mso-fareast-theme-font:minor-fareast;\r\nmso-hansi-theme-font:minor-latin\'>地理信息系统集成、视频集成<b><span lang=EN-US><o:p></o:p></span></b></span></p>', 1, 100001, '2018-09-13 18:13:48', NULL, NULL);
INSERT INTO `geic_solution_intro` VALUES (24, 10096, '/upload/image/solutions/solution_01.png', '<p class=MsoNormal style=\'text-indent:21.0pt;margin-bottom:15px\'><span style=\'font-family:\"微软雅黑\",\"sans-serif\";\r\nmso-ascii-font-family:Calibri;mso-ascii-theme-font:minor-latin;mso-hansi-font-family:\r\nCalibri;mso-hansi-theme-font:minor-latin\'>本方案基于分布式光伏电站管理运营业务要求和发展规划，以数据为核心，基于实时数据采集、传输、处理、分析技术和沉淀的数据挖掘、模型诊断分析能力，强调数据资产业务管理和业务融合和连续，实现了光伏电站高效发电、智能运维、安全可靠的目标。</span></p>\r\n\r\n<p class=MsoNormal style=\'text-indent:21.0pt;margin-bottom:15px\'><span style=\'font-family:\"微软雅黑\",\"sans-serif\";\r\nmso-ascii-font-family:Calibri;mso-ascii-theme-font:minor-latin;mso-hansi-font-family:\r\nCalibri;mso-hansi-theme-font:minor-latin\'>通过设备互联及大数据等技术手段，实时采集分析电站日常的设备运行数据、环境数据、发电量数据，设备的故障和维护数据，实现对管辖范围内的电站集中可视化监控和异常预警，统一执行资源调度和分级管理，构建一体化、集中化运营管理体系。</span></p>\r\n\r\n<p class=MsoNormal style=\'text-indent:21.0pt;margin-bottom:15px\'><b style=\'mso-bidi-font-weight:\r\nnormal\'><span style=\'font-family:\"微软雅黑\",\"sans-serif\";mso-ascii-font-family:\r\nCalibri;mso-ascii-theme-font:minor-latin;mso-hansi-font-family:Calibri;\r\nmso-hansi-theme-font:minor-latin\'>方案功能</span><span lang=EN-US><o:p></o:p></span></b></p>\r\n\r\n<p class=MsoListParagraph style=\'margin-left:42.0pt;margin-bottom:10px;text-indent:-21.0pt;\r\nmso-char-indent-count:0;mso-list:l0 level1 lfo6\'><![if !supportLists]><span\r\nlang=EN-US style=\'font-family:宋体;mso-bidi-font-family:宋体\'><span\r\nstyle=\'mso-list:Ignore\'>&#8226;<span style=\'font:7.0pt \"Times New Roman\"\'>&nbsp;&nbsp;&nbsp;&nbsp;\r\n</span></span></span><![endif]><span style=\'font-family:\"微软雅黑\",\"sans-serif\";\r\nmso-ascii-font-family:Calibri;mso-ascii-theme-font:minor-latin;mso-hansi-font-family:\r\nCalibri;mso-hansi-theme-font:minor-latin\'>电站集中监控</span></p>\r\n\r\n<p class=MsoListParagraph style=\'margin-left:42.0pt;margin-bottom:10px;text-indent:-21.0pt;\r\nmso-char-indent-count:0;mso-list:l0 level1 lfo6\'><![if !supportLists]><span\r\nlang=EN-US style=\'font-family:宋体;mso-bidi-font-family:宋体\'><span\r\nstyle=\'mso-list:Ignore\'>&#8226;<span style=\'font:7.0pt \"Times New Roman\"\'>&nbsp;&nbsp;&nbsp;&nbsp;\r\n</span></span></span><![endif]><span style=\'font-family:\"微软雅黑\",\"sans-serif\";\r\nmso-ascii-font-family:Calibri;mso-ascii-theme-font:minor-latin;mso-hansi-font-family:\r\nCalibri;mso-hansi-theme-font:minor-latin\'>海量工业数据处理</span></p>\r\n\r\n<p class=MsoListParagraph style=\'margin-left:42.0pt;margin-bottom:10px;text-indent:-21.0pt;\r\nmso-char-indent-count:0;mso-list:l0 level1 lfo6\'><![if !supportLists]><span\r\nlang=EN-US style=\'font-family:宋体;mso-bidi-font-family:宋体\'><span\r\nstyle=\'mso-list:Ignore\'>&#8226;<span style=\'font:7.0pt \"Times New Roman\"\'>&nbsp;&nbsp;&nbsp;&nbsp;\r\n</span></span></span><![endif]><span style=\'font-family:\"微软雅黑\",\"sans-serif\";\r\nmso-ascii-font-family:Calibri;mso-ascii-theme-font:minor-latin;mso-hansi-font-family:\r\nCalibri;mso-hansi-theme-font:minor-latin\'>精确的历史气象数据</span></p>\r\n\r\n<p class=MsoListParagraph style=\'margin-left:42.0pt;margin-bottom:10px;text-indent:-21.0pt;\r\nmso-char-indent-count:0;mso-list:l0 level1 lfo6\'><![if !supportLists]><span\r\nlang=EN-US style=\'font-family:宋体;mso-bidi-font-family:宋体\'><span\r\nstyle=\'mso-list:Ignore\'>&#8226;<span style=\'font:7.0pt \"Times New Roman\"\'>&nbsp;&nbsp;&nbsp;&nbsp;\r\n</span></span></span><![endif]><span style=\'font-family:\"微软雅黑\",\"sans-serif\";\r\nmso-ascii-font-family:Calibri;mso-ascii-theme-font:minor-latin;mso-hansi-font-family:\r\nCalibri;mso-hansi-theme-font:minor-latin\'>辅助设备选型、电站选址</span></p>', 1, 100001, '2018-09-13 18:47:37', NULL, NULL);
INSERT INTO `geic_solution_intro` VALUES (25, 10097, '/upload/image/solutions/solution_01.png', '<p class=MsoNormal style=\'text-indent:21.0pt;margin-bottom:15px\'>本方案集风场建设管理，数据监测，故障诊断及分析等功能于一体，面向风电场全生命周期，构建从建设到运营的智能应用系统。</p>\r\n\r\n<p class=MsoNormal style=\'text-indent:21.0pt;margin-bottom:15px\'>通过在风电厂现场部署数据采集器，汇聚设备运行数据，上传至本地实时数据库，同时针对通讯链路、性能进行侦听，保障数据传输安全可靠。将采集到的数据进行统一的汇总，存储<span\r\nclass=GramE>至工业</span>实时数据库、关系型数据库，并利用大数据手段进行检测及分析。</p>\r\n\r\n<p class=MsoNormal style=\'text-indent:21.0pt;margin-bottom:15px\'><b style=\'mso-bidi-font-weight:\r\nnormal\'>方案功能<span lang=EN-US><o:p></o:p></span></b></p>\r\n\r\n<p class=MsoListParagraph style=\'margin-left:39.0pt;margin-bottom:10px;text-indent:-18.0pt;\r\nmso-char-indent-count:0;mso-list:l5 level1 lfo6\'><![if !supportLists]><span\r\nlang=EN-US style=\'font-family:宋体;mso-bidi-font-family:宋体\'><span\r\nstyle=\'mso-list:Ignore\'>&#8226;<span style=\'font:7.0pt \"Times New Roman\"\'>&nbsp;&nbsp;&nbsp;\r\n</span></span></span><![endif]>实时监控风机运行状态</p>\r\n\r\n<p class=MsoListParagraph style=\'margin-left:39.0pt;margin-bottom:10px;text-indent:-18.0pt;\r\nmso-char-indent-count:0;mso-list:l5 level1 lfo6\'><![if !supportLists]><span\r\nlang=EN-US style=\'font-family:宋体;mso-bidi-font-family:宋体\'><span\r\nstyle=\'mso-list:Ignore\'>&#8226;<span style=\'font:7.0pt \"Times New Roman\"\'>&nbsp;&nbsp;&nbsp;\r\n</span></span></span><![endif]>安全可靠的数据传输</p>\r\n\r\n<p class=MsoListParagraph style=\'margin-left:39.0pt;margin-bottom:10px;text-indent:-18.0pt;\r\nmso-char-indent-count:0;mso-list:l5 level1 lfo6\'><![if !supportLists]><span\r\nlang=EN-US style=\'font-family:宋体;mso-bidi-font-family:宋体\'><span\r\nstyle=\'mso-list:Ignore\'>&#8226;<span style=\'font:7.0pt \"Times New Roman\"\'>&nbsp;&nbsp;&nbsp;\r\n</span></span></span><![endif]>设备故障报警</p>', 1, 100001, '2018-09-13 18:50:47', NULL, NULL);

-- ----------------------------
-- Table structure for geic_solution_pains
-- ----------------------------
DROP TABLE IF EXISTS `geic_solution_pains`;
CREATE TABLE `geic_solution_pains`  (
  `pain_id` int(11) NOT NULL AUTO_INCREMENT COMMENT '业务痛点ID',
  `solution_id` int(11) NOT NULL COMMENT '解决方案ID',
  `pain_content` text CHARACTER SET utf8 COLLATE utf8_general_ci NULL COMMENT '痛点内容',
  `pain_keyword` varchar(255) CHARACTER SET utf8 COLLATE utf8_general_ci NULL DEFAULT NULL COMMENT '痛点关键词（、分割）',
  `create_id` int(11) NULL DEFAULT NULL COMMENT '创建人ID',
  `create_time` datetime NULL DEFAULT NULL COMMENT '创建时间',
  `update_id` int(11) NULL DEFAULT NULL COMMENT '更新人ID',
  `udpate_time` datetime NULL DEFAULT NULL COMMENT '更新时间',
  `status` tinyint(2) NULL DEFAULT NULL COMMENT '状态（0删除1在用）',
  PRIMARY KEY (`pain_id`) USING BTREE
) ENGINE = InnoDB AUTO_INCREMENT = 26 CHARACTER SET = utf8 COLLATE = utf8_general_ci COMMENT = '解决方案-业务痛点表' ROW_FORMAT = Compact;

-- ----------------------------
-- Records of geic_solution_pains
-- ----------------------------
INSERT INTO `geic_solution_pains` VALUES (10, 10086, '目前客户采用的巡检手段相对落后，巡检过程依赖人工纸质填报，内容记录主观性强，过程数据无法长期保存，同时存在“假巡检”的可能。特别是当设备发生疑难故障，巡检人员无法现场解决，需要技术专家协助处理，导致排障周期变长，亟待通过信息化的手段提高巡检效率。', '电力', 100001, '2018-07-17 14:57:05', NULL, NULL, 1);
INSERT INTO `geic_solution_pains` VALUES (11, 11, ' <h3>假巡检”故障/依赖人工纸质填报/内容记录主观性强/数据无法长期保存 </h3> <p>目前客户采用的巡检手段相对落后，巡检过程依赖人工纸质填报，内容记录主观性强，过程数据无法长期保存，同时存在“假巡检”的可能。特别是当设备发生疑难故障，巡检人员无法现场解决</p>', '电梯', 100001, '2018-07-17 14:57:05', NULL, NULL, 1);
INSERT INTO `geic_solution_pains` VALUES (12, 12, ' <h3>假巡检”故障/依赖人工纸质填报/内容记录主观性强/数据无法长期保存 </h3> <p>目前客户采用的巡检手段相对落后，巡检过程依赖人工纸质填报，内容记录主观性强，过程数据无法长期保存，同时存在“假巡检”的可能。特别是当设备发生疑难故障，巡检人员无法现场解决</p>', 'wifi', 100001, '2018-07-17 14:57:05', NULL, NULL, 1);
INSERT INTO `geic_solution_pains` VALUES (13, 13, ' <h3>假巡检”故障/依赖人工纸质填报/内容记录主观性强/数据无法长期保存 </h3> <p>目前客户采用的巡检手段相对落后，巡检过程依赖人工纸质填报，内容记录主观性强，过程数据无法长期保存，同时存在“假巡检”的可能。特别是当设备发生疑难故障，巡检人员无法现场解决</p>', '机械', 100001, '2018-07-17 14:57:05', NULL, NULL, 1);
INSERT INTO `geic_solution_pains` VALUES (14, 10001, '离散制造业具有产品种类繁杂，小批量生产，工艺过程变更频繁等特点，从而造成流水线设备类型多，集中控制难度大。同时，生产过程数据依赖人工记录，准确度低，当出现设备故障或工艺质量下降时，无法快速追溯历史数据。本方案通过实时采集生产过程数据，实现针对设备、产品的有效管理和信息反馈，帮助提高生产效率、降低制造成本。', '生产过程依赖人工记录、无法追溯历史、工艺过程变更频繁', 100001, '2018-08-21 15:49:29', NULL, NULL, 1);
INSERT INTO `geic_solution_pains` VALUES (15, 10087, '由于我国流程行业生产过程中原料利用率相对比较低，生产物料以液体、气体、固体多种形态存在，现场环境条件差，自动化水平低，生产设备类型多且容易被腐蚀老化，故障发生率较高，导致生产成本高，亟待建立生产信息化管理系统，优化企业生产流程。', '故障发生率高、生产成本高、 自动化水平低', 100001, '2018-09-13 16:10:44', NULL, NULL, 1);
INSERT INTO `geic_solution_pains` VALUES (16, 10088, '在某些特定场景中， 如煤矿、工地、自来水厂等，很多污染物严重危害自然环境及企业安全生产，如酸碱污染物、一氧化碳、硫化物等等，这些污染物无法依靠人工方式进行有效监测，迫切需要一种有效的识别手段进行检测及处理。', '人工监测污染物、 污染物危害比较高', 100001, '2018-09-13 16:51:56', NULL, NULL, 1);
INSERT INTO `geic_solution_pains` VALUES (17, 10089, '油气管道跨度大，巡检线路复杂，传统巡检手段相对落后，无法掌握巡检人员实际路线和巡检执行情况，普遍存在假巡检、虚报巡检任务执行情况等。巡检线路复杂，无高效地管道线路巡检导航手段，当现场发现异常，也无法实时有效通知调度人员及确定异常所在的精准位置。', '管道跨度大、巡检线路复杂、 存在假巡检现象', 100001, '2018-09-13 17:03:03', NULL, NULL, 1);
INSERT INTO `geic_solution_pains` VALUES (18, 10090, '目前我国的采油井95%以上是机采，数据大多依靠人工完成，数据采集技术落后，同时由于油田生产现场环境恶劣，设备采集点分散，设备协议各不相同，无法实现油井现场数据的无缝上传和集中采集，以及采油过程集中调度。建设一套适用于油田作业区的生产调度系统，已成为目前油田实现生产自动化的一项重要内容。', '数据采集技术落后、设备协议各不相同、设备采集点分散', 100001, '2018-09-13 17:08:48', NULL, NULL, 1);
INSERT INTO `geic_solution_pains` VALUES (19, 10091, '由于国内发电机制造业处于世界中低端水平，服务模式多为传统被动服务，设备信息独立管理，信息不开放共享，致使发电设备在生产过程中发生故障时，问题响应速度慢，严重滞后。需采用先进的物联网技术，整合发电机组资源，集中监控与管理发电机组。', '设备信息独立、 故障响应速度慢', 100001, '2018-09-13 17:13:35', NULL, NULL, 1);
INSERT INTO `geic_solution_pains` VALUES (20, 10092, '目前国内冶金行业工艺环节相对比较复杂，运行设备利用率相对较低，各个能源子系统纵横交错，独立运行，致使生产现场管理、运行值班和设备维修管理工作量大，人力资源成本高，针对冶金行业现代化发展趋势，构建一套集中管理的能源管理系统，使企业的能源管理水平适应企业战略发展的需要。', '工艺环节复杂、设备利用率低、人力成本高', 100001, '2018-09-13 17:27:09', NULL, NULL, 1);
INSERT INTO `geic_solution_pains` VALUES (21, 10093, '传统工业领域对于电机、泵、风机等机电设备的维护手段普遍采用人工点检和巡检的方式，监测手段采用手持设备，配合眼看、手摸、耳听的原始方法。并且设备信息依赖于纸质记录，导致设备突发故障，无法及时处理。为提升机电设备监测效率，实现基于物联网和云计算技术的远程终端监控。', '巡检手段落后、故障处理速度慢、设备信息依赖纸质记录', 100001, '2018-09-13 17:31:52', NULL, NULL, 1);
INSERT INTO `geic_solution_pains` VALUES (22, 10094, '传统企业由于信息化水平相对较低，无法实时掌握厂内供水设备运行状态，操作人员依靠个人经验作出泵阀开停模式的判断，缺乏专业的依据，易造成设备供水能力下降和资源浪费，当设备发生故障，需要长时间的人工排查，极有可能导致供水中断，发生事故。', '信息化水平低、排查时间长、 依靠人工检查', 100001, '2018-09-13 17:43:24', NULL, NULL, 1);
INSERT INTO `geic_solution_pains` VALUES (23, 10095, '由于城市集中供热区域广、供热面积大，各区域管网质量、供热设备健康状况存在差异，从而导致供热效率低、供热不平衡、能量浪费、热网波动严重等诸多问题，亟待通过集中化管理手段，实现热网平衡、高效供热。', '供热区域大、供热效率低、供热不平衡', 100001, '2018-09-13 18:13:48', NULL, NULL, 1);
INSERT INTO `geic_solution_pains` VALUES (24, 10096, '分布式光伏电站具有单体规模小、数量多、运营数据量庞大且类型复杂等特点，“单个电站配备全套运营人员”的传统模式已难以满足光伏电站高效经济运营的需求，亟待通过稳定高效的电站集中化监控和运营分析等手段，保障不同区域的电站高效、可靠生产，提升企业整体运营与管理水平。', '单体规模小、运营数据量庞大、电站类型复杂', 100001, '2018-09-13 18:47:37', NULL, NULL, 1);
INSERT INTO `geic_solution_pains` VALUES (25, 10097, '我国作为新能源大国，风电设备容量是美国的两倍，但发电量却相对落后（2015 年，美国风能产量超过 1. 9 亿 MWh，中国以 1. 851 亿 MWh 紧随其后，德国以 84. 6 MWh 居于第三），风电厂的选址建设，以及在风电设备维护中，如何通过新的技术及时排查解决故障，提升电站整体寿命，是目前风电行业需要解决的重要问题。', '发电量落后、设备故障排查慢', 100001, '2018-09-13 18:50:47', NULL, NULL, 1);

-- ----------------------------
-- Table structure for geic_solution_values
-- ----------------------------
DROP TABLE IF EXISTS `geic_solution_values`;
CREATE TABLE `geic_solution_values`  (
  `value_id` int(11) NOT NULL AUTO_INCREMENT COMMENT '客户价值主键ID',
  `solution_id` int(11) NOT NULL COMMENT '解决方案ID',
  `value_content` varchar(255) CHARACTER SET utf8 COLLATE utf8_general_ci NULL DEFAULT NULL COMMENT '客户价值内容',
  `status` tinyint(2) NULL DEFAULT NULL COMMENT '状态（0删除1在用）',
  `create_id` int(11) NULL DEFAULT NULL COMMENT '创建人ID',
  `create_time` datetime NULL DEFAULT NULL COMMENT '创建时间',
  `update_id` int(11) NULL DEFAULT NULL COMMENT '更新人ID',
  `update_time` datetime NULL DEFAULT NULL COMMENT '更新时间',
  PRIMARY KEY (`value_id`) USING BTREE
) ENGINE = InnoDB AUTO_INCREMENT = 26 CHARACTER SET = utf8 COLLATE = utf8_general_ci COMMENT = '解决方案-客户价值表' ROW_FORMAT = Compact;

-- ----------------------------
-- Records of geic_solution_values
-- ----------------------------
INSERT INTO `geic_solution_values` VALUES (10, 10086, '通过打造缝制绣花设备云，建设产、学、研、金、介一体的电脑刺绣机智能化发展模式，帮助绣花机厂商形成整机、零配件、售后服务的成熟产业链。基于赋能平台“根云”的大数据分析，为缝纫厂商提供专业化分工程度，降本增效，为企业淡旺季生产量调整提供灵活建议。', 1, 100001, '2018-07-26 15:02:19', NULL, NULL);
INSERT INTO `geic_solution_values` VALUES (11, 11, '通过打造缝制绣花设备云，建设产、学、研、金、介一体的电脑刺绣机智能化发展模式，帮助绣花机厂商形成整机、零配件、售后服务的成熟产业链。基于赋能平台“根云”的大数据分析，为缝纫厂商提供专业化分工程度，降本增效，为企业淡旺季生产量调整提供灵活建议。', 1, 100001, '2018-07-26 15:02:19', NULL, NULL);
INSERT INTO `geic_solution_values` VALUES (12, 12, '通过打造缝制绣花设备云，建设产、学、研、金、介一体的电脑刺绣机智能化发展模式，帮助绣花机厂商形成整机、零配件、售后服务的成熟产业链。基于赋能平台“根云”的大数据分析，为缝纫厂商提供专业化分工程度，降本增效，为企业淡旺季生产量调整提供灵活建议。', 1, 100001, '2018-07-26 15:02:19', NULL, NULL);
INSERT INTO `geic_solution_values` VALUES (13, 13, '通过打造缝制绣花设备云，建设产、学、研、金、介一体的电脑刺绣机智能化发展模式，帮助绣花机厂商形成整机、零配件、售后服务的成熟产业链。基于赋能平台“根云”的大数据分析，为缝纫厂商提供专业化分工程度，降本增效，为企业淡旺季生产量调整提供灵活建议。', 1, 100001, '2018-07-26 15:02:19', NULL, NULL);
INSERT INTO `geic_solution_values` VALUES (14, 10001, '通过对生产执行制造系统（MES）的详细设计，实现公司各个部门的生产调度、生产过程、设备、物料、质量和人员的全面管理与控制，为企业搭建一个可扩展的生产管理信息化平台，使得生产过程透明化、高效化、柔性化、可追溯化、事中控制、提高客户满意度、低成本运行，从而充分提高企业的核心竞争力。', 1, 100001, '2018-08-21 16:25:33', NULL, NULL);
INSERT INTO `geic_solution_values` VALUES (15, 10087, 'MES应用系统为企业提供了一个良好的管理平台，为企业今后信息化扩展应用及系统集成奠定了良好的基础。同时MES的成功实施与应用不仅提升了企业精细化管理水平，提高了生产效率，而且降低了企业生产成本，取得了良好的经济效益和社会效益。', 1, 100001, '2018-09-13 16:08:26', NULL, NULL);
INSERT INTO `geic_solution_values` VALUES (16, 10088, '基于环境传感器机视频监控终端，为企业客户提供集图像，环境数据于一体的监控解决方案，相较于传统解决方案，除了“视觉”感知以外，还为企业提供了“闻”和“嗅”的能力，使企业可以更快，更准的对污染源质量进行监控。', 1, 100001, '2018-09-13 16:52:49', NULL, NULL);
INSERT INTO `geic_solution_values` VALUES (17, 10089, '通过智能巡检自动化管理形成安全巡检闭环管理机制，提高巡检效率，及时发现安全隐患，随时获得异常报警信息，并快速处理，避免事故发生。提高企业安全管控力度，提升企业智能化水平，降低运营风险和运营成本。', 1, 100001, '2018-09-13 17:03:03', NULL, NULL);
INSERT INTO `geic_solution_values` VALUES (18, 10090, '通过油田厂自动化管理技术，基于传感器、变送器技术，实现采油井工作状态的自动化监视和数据采集，使采油厂管理工作逐步实现生产管理由人工巡检、逐级反映、经验管理向生产过程实时监测、动态指挥的转变；实现经营管理由分系统操作、事后分析向业务联动、事前预测、事中控制、优化决策的转变，高效集中化管理，提高生产效率，达到高效管理，节能增产的目的。', 1, 100001, '2018-09-13 17:08:49', NULL, NULL);
INSERT INTO `geic_solution_values` VALUES (19, 10091, '采用大数据技术和远程管理模式，企业可以全面了解发电机实际运行状况，快速锁定问题，对设备进行优化整改，为新产品的开发设计提供科学依据，同时为客户提供差异化的服务和个性化云平台，给客户带来新的交互体验，为客户带来定制化产品及性能，提高企业市场竞争力。', 1, 100001, '2018-09-13 17:13:36', NULL, NULL);
INSERT INTO `geic_solution_values` VALUES (20, 10092, '采用能源管理系统，实现高效能源计划的编制，实现数周/日范围的能源介质稳定供应及经济利用，以保证企业生产需要，实现能源静态结构性平衡，减少能源浪费，改善企业运行，优化企业生产工程，提高企业经济效益，达到企业节能降耗目标。', 1, 100001, '2018-09-13 17:27:10', NULL, NULL);
INSERT INTO `geic_solution_values` VALUES (21, 10093, '利用先进的物联网技术，实现机电设备故障预警，大幅提高了故障诊断和设备寿命预测的准确度，避免由于设备故障造成的经济损失，同时简化了设备巡检、点检、维护和维修的流程，提高了设备维护工作效率，降低了设备维护工作量，合理优化企业人力资源。', 1, 100001, '2018-09-13 17:31:52', NULL, NULL);
INSERT INTO `geic_solution_values` VALUES (22, 10094, '实时、动态地对供给水泵阀设备的运转状况，运行效率做集中管控和监测，及时帮助水厂值班人员了解设备运行状况，降低工艺流程中的错误执行。对工艺数据和设备数据进行分析，提高效率，降低能耗，节约成本。提高大工业生产供给水环节的安全性、快速进行事故分析。', 1, 100001, '2018-09-13 17:43:24', NULL, NULL);
INSERT INTO `geic_solution_values` VALUES (23, 10095, '实现快速定位故障点，减少投诉，远程管理换热站，节省人力，集中供热管理，更安全高效，全网平衡，节能减排，供热能效考核，最终实现提高企业利润 ', 1, 100001, '2018-09-13 18:13:48', NULL, NULL);
INSERT INTO `geic_solution_values` VALUES (24, 10096, '帮助企业实现电站运行状态监控、实时报警、智能化数据分析及电站故障诊断，从而打通光伏电站全业务数据链条、提升数据资产管理能力。实现光伏电站可持续化运营，提高电站资产的整体经济效益和市场竞争力。', 1, 100001, '2018-09-13 18:47:37', NULL, NULL);
INSERT INTO `geic_solution_values` VALUES (25, 10097, '帮助企业实现电站集中监控，运维管理，故障诊断，故障预警，运行状态监控、实时报警、智能化数据分析及电站故障诊断，从而打通光伏电站全业务数据链条、提升数据资产管理能力。实现光伏电站可持续化运营，提高电站资产的整体经济效益和市场竞争力。', 1, 100001, '2018-09-13 18:50:47', NULL, NULL);

-- ----------------------------
-- Table structure for geic_solutions
-- ----------------------------
DROP TABLE IF EXISTS `geic_solutions`;
CREATE TABLE `geic_solutions`  (
  `solution_id` int(11) NOT NULL AUTO_INCREMENT COMMENT '解决方案ID',
  `solution_name` varchar(100) CHARACTER SET utf8 COLLATE utf8_general_ci NULL DEFAULT NULL COMMENT '解决方案名称',
  `solution_type` varchar(100) CHARACTER SET utf8 COLLATE utf8_general_ci NULL DEFAULT NULL COMMENT '解决方案分类',
  `solution_home_image` varchar(100) CHARACTER SET utf8 COLLATE utf8_general_ci NULL DEFAULT NULL COMMENT '解决方案首页背景图',
  `solution_home_icon` varchar(100) CHARACTER SET utf8 COLLATE utf8_general_ci NULL DEFAULT NULL COMMENT '解决方案首页图标',
  `solution_image` varchar(100) CHARACTER SET utf8 COLLATE utf8_general_ci NULL DEFAULT NULL COMMENT '解决方案背景图',
  `solution_video_image` varchar(100) CHARACTER SET utf8 COLLATE utf8_general_ci NULL DEFAULT NULL COMMENT '解决方案视频预览图',
  `solution_video` varchar(100) CHARACTER SET utf8 COLLATE utf8_general_ci NULL DEFAULT NULL COMMENT '解决方案视频url',
  `solution_desc` varchar(500) CHARACTER SET utf8 COLLATE utf8_general_ci NULL DEFAULT NULL COMMENT '解决方案简介',
  `solution_content` text CHARACTER SET utf8 COLLATE utf8_general_ci NULL COMMENT '解决方案内容',
  `keyword` varchar(255) CHARACTER SET utf8 COLLATE utf8_general_ci NULL DEFAULT NULL COMMENT '关键词',
  `status` tinyint(2) NULL DEFAULT NULL COMMENT '状态0删除1发布2未发布3下架',
  `create_id` int(11) NULL DEFAULT NULL COMMENT '创建人ID',
  `create_time` datetime NULL DEFAULT NULL COMMENT '创建时间',
  `udpate_id` int(11) NULL DEFAULT NULL COMMENT '更新人ID',
  `update_time` datetime NULL DEFAULT NULL COMMENT '更新时间',
  PRIMARY KEY (`solution_id`) USING BTREE
) ENGINE = InnoDB AUTO_INCREMENT = 10098 CHARACTER SET = utf8 COLLATE = utf8_general_ci COMMENT = '解决方案主表' ROW_FORMAT = Compact;

-- ----------------------------
-- Records of geic_solutions
-- ----------------------------
INSERT INTO `geic_solutions` VALUES (11, '电梯远程管理无线控制', '4001', '/static/pic/home/s-2.png', 'icon-transfer', '/static/pic/solution/banner.png', NULL, NULL, '定制化方案助力传统硬件厂商、小平台服务厂商快速搭建稳定、安全可控的数字化智能工厂。', '<h3>产品说明</h3><p>从企业销售管理出发，围绕客户展开“线索-客户-商机-合同”的业务活动，并对企业数据的整理分析提供“报表”，为企业提供销售进程把控、客户资源管理和销售团队管理的一站式解决方案，致力于提高企业销售业绩。</p>\", \"<h3>售后支持</h3>', '电梯', 0, 100001, '2018-07-11 14:37:54', NULL, NULL);
INSERT INTO `geic_solutions` VALUES (12, '公用区域WIFI热点接入', '4001', '/static/pic/home/s-3.png', 'icon-router', '/static/pic/solution/banner.png', NULL, NULL, '定制化方案助力传统硬件厂商、小平台服务厂商快速搭建稳定、安全可控的数字化智能工厂。', '<h3>产品说明</h3><p>从企业销售管理出发，围绕客户展开“线索-客户-商机-合同”的业务活动，并对企业数据的整理分析提供“报表”，为企业提供销售进程把控、客户资源管理和销售团队管理的一站式解决方案，致力于提高企业销售业绩。</p>\", \"<h3>售后支持</h3>', 'wifi', 0, 100001, '2018-07-11 14:37:54', NULL, NULL);
INSERT INTO `geic_solutions` VALUES (13, '塔吊机械无线安全管理', '4001', '/static/pic/home/s-4.png', ' icon-ar-glasses', '/static/pic/solution/banner.png', NULL, NULL, '定制化方案助力传统硬件厂商、小平台服务厂商快速搭建稳定、安全可控的数字化智能工厂。', '<h3>产品说明</h3><p>从企业销售管理出发，围绕客户展开“线索-客户-商机-合同”的业务活动，并对企业数据的整理分析提供“报表”，为企业提供销售进程把控、客户资源管理和销售团队管理的一站式解决方案，致力于提高企业销售业绩。</p>\", \"<h3>售后支持</h3>', '机械', 0, 100001, '2018-07-11 14:37:54', NULL, NULL);
INSERT INTO `geic_solutions` VALUES (10001, '离散制造MES应用系统', '4001', '/static/pic/home/s-5.png', 'icon--plasma', '/static/pic/solution/banner10001.jpg', NULL, NULL, '提供从订单开始到产品完工的全部生产活动的优化管理，通过实时、准确的生产过程信息采集，指导、启动、响应并记录管理工厂的生产活动。', NULL, NULL, 1, 100001, '2018-08-21 15:47:07', NULL, NULL);
INSERT INTO `geic_solutions` VALUES (10086, '电力远程抄表解决方案', '4001', '/static/pic/home/s-1.png', 'icon-antenna', '/static/pic/solution/banner10001.jpg', NULL, NULL, '定制化方案助力传统硬件厂商、小平台服务厂商快速搭建稳定、安全可控的数字化智能工厂。', '<h3>产品说明</h3><p>从企业销售管理出发，围绕客户展开“线索-客户-商机-合同”的业务活动，并对企业数据的整理分析提供“报表”，为企业提供销售进程把控、客户资源管理和销售团队管理的一站式解决方案，致力于提高企业销售业绩。</p>\", \"<h3>售后支持</h3>', '电力', 0, 100001, '2018-07-11 14:37:54', NULL, NULL);
INSERT INTO `geic_solutions` VALUES (10087, '流程行业MES应用系统', '4001', '/static/pic/home/s-1.png', 'icon-antenna', '/static/pic/solution/banner10001.jpg', NULL, NULL, '面向流程行业构建从生产经营到生产运行的高效能闭环系统，有效实现不同生产部门、区域的协同管理，使跨部门、跨地区的生产任务能够在统一规划与协调中完成。', '', '流程行业MES', 1, 100001, '2018-09-13 16:08:26', NULL, NULL);
INSERT INTO `geic_solutions` VALUES (10088, '生产环境质量综合监测', '4001', '/static/pic/home/s-1.png', 'icon-antenna', '/static/pic/solution/banner10001.jpg', NULL, NULL, '利用工业传感器及摄像头终端，实现对企业生产过程中污水、有害气体等污染源浓度实时/定时监测，并基于工业大数据健康模型，预测污染物浓度变化趋势，帮助企业控制污染物排放，降本增效。', NULL, '生产环境质量', 1, 100001, '2018-09-13 16:50:03', NULL, NULL);
INSERT INTO `geic_solutions` VALUES (10089, '油气管道巡检自动化', '4002', '/static/pic/home/s-1.png', 'icon-antenna', '/static/pic/solution/banner10001.jpg', NULL, NULL, '借助互联网、物联网信息技术，面向不同行业企业，实现数据实时传输、巡检路线制定、巡检定位跟踪、危险事务报警、巡检结果考核等内容，提高企业生产效率，降低生产安全风险。', NULL, '油气管道巡检自动化', 1, 100001, '2018-09-13 17:03:03', NULL, NULL);
INSERT INTO `geic_solutions` VALUES (10090, '采油作业区生产过程调度管理', '4002', '/static/pic/home/s-1.png', 'icon-antenna', '/static/pic/solution/banner10001.jpg', NULL, NULL, '全面感知油田作业过程动态，实时监控采油装备运行状况，预测油田生产数据变化趋势，实现监控可视化、控制自动化、管理流程化、分析智能化、数据共享化、应用一体化。', NULL, '采油', 1, 100001, '2018-09-13 17:08:48', NULL, NULL);
INSERT INTO `geic_solutions` VALUES (10091, '发电机组物联管理', '4003', '/static/pic/home/s-2.png', 'icon-transfer', '/static/pic/solution/banner10001.jpg', NULL, NULL, '采用物联网技术，实现发电机组设备的信息管理、运行监控以及售后服务信息管理，全面提升发电机组管理与运营。', NULL, '发电机组物联', 1, 100001, '2018-09-13 17:13:35', NULL, NULL);
INSERT INTO `geic_solutions` VALUES (10092, '冶金行业EMS应用系统', '4004', '/static/pic/home/s-1.png', 'icon-antenna', '/static/pic/solution/banner10001.jpg', NULL, NULL, '建立冶金行业的能源管理体系，构建扁平化的能源管理模式，理顺管理流程，全面优化能源系统过程管理，规范企业能源信息管理。', NULL, '冶金行业EMS', 1, 100001, '2018-09-13 17:27:09', NULL, NULL);
INSERT INTO `geic_solutions` VALUES (10093, '机电设备智能化监控', '4004', '/static/pic/home/s-3.png', 'icon-router', '/static/pic/solution/banner10001.jpg', NULL, NULL, '通过工业传感器和工业物联网技术，提供灵活、方便、准确的端到端的设备管理方案，实现机电设备数据采集、实时监测以及专业的故障诊断功能。', NULL, '机电设备智能化监控', 1, 100001, '2018-09-13 17:31:52', NULL, NULL);
INSERT INTO `geic_solutions` VALUES (10094, '供水泵阀设备可视化监控', '4005', '/static/pic/home/s-1.png', 'icon-antenna', '/static/pic/solution/banner10001.jpg', NULL, NULL, '利用数字化、图形化、模型化等方式实时监控水阀设备运行状态（如：开关、水位、荷重），从而方便企业针对调水系统的统一调度管理，同时建立集数据、图像传输为一体的设备可视化监控系统，保障企业安全生产与高效运营。', NULL, '供水泵阀设备可视化监控', 1, 100001, '2018-09-13 17:43:24', NULL, NULL);
INSERT INTO `geic_solutions` VALUES (10095, '热网集中监控管理', '4005', '/static/pic/home/s-1.png', 'icon-antenna', '/static/pic/solution/banner10001.jpg', NULL, NULL, '面向热网供热系统，整合生产调度信息资源，提供集运行调度、供热设施管理和应急指挥为一体的集中调度指挥解决方案。', NULL, '热网集中监控', 1, 100001, '2018-09-13 18:13:48', NULL, NULL);
INSERT INTO `geic_solutions` VALUES (10096, '光伏设备可视化监控', '4006', '/static/pic/home/s-4.png', ' icon-ar-glasses', '/static/pic/solution/banner10001.jpg', NULL, NULL, '通过光伏设备运行数据采集、存储、分析及展示，构建光伏电站集中化管理、运营分析和辅助决策体系。', NULL, '光伏设备可视化监控', 1, 100001, '2018-09-13 18:47:37', NULL, NULL);
INSERT INTO `geic_solutions` VALUES (10097, '风电设备可视化监控', '4006', '/static/pic/home/s-1.png', 'icon-antenna', '/static/pic/solution/banner10001.jpg', NULL, NULL, '面向风电企业，实现风场资源开发、风场工程建设、设备资产运维的全流程管理，构建风电场从建设到运营的一体化解决方案。', NULL, '风电设备可视化监控', 1, 100001, '2018-09-13 18:50:47', NULL, NULL);

-- ----------------------------
-- Table structure for geic_supply_demand
-- ----------------------------
DROP TABLE IF EXISTS `geic_supply_demand`;
CREATE TABLE `geic_supply_demand`  (
  `id` int(11) NOT NULL AUTO_INCREMENT COMMENT '供需主键ID',
  `type` tinyint(1) NULL DEFAULT NULL COMMENT '供需分类1供应2需求',
  `title` varchar(100) CHARACTER SET utf8 COLLATE utf8_general_ci NULL DEFAULT NULL COMMENT '供需标题',
  `image` varchar(100) CHARACTER SET utf8 COLLATE utf8_general_ci NULL DEFAULT NULL COMMENT '供需图标(url路径)',
  `description` varchar(500) CHARACTER SET utf8 COLLATE utf8_general_ci NULL DEFAULT NULL COMMENT '供需简述',
  `count` int(20) NULL DEFAULT NULL COMMENT '供需数量(-1数量不限 正数为实际数量)',
  `content` text CHARACTER SET utf8 COLLATE utf8_general_ci NULL COMMENT '供需描述内容',
  `quote` decimal(10, 2) NULL DEFAULT NULL COMMENT '报价（供应报价/需求期望报价）（-1价格面议 正数为实际报价）',
  `trade_type` varchar(100) CHARACTER SET utf8 COLLATE utf8_general_ci NULL DEFAULT NULL COMMENT '所属行业分类（可选多行业）',
  `create_time` datetime NULL DEFAULT NULL COMMENT '提交时间(需求、供应发布时间)',
  `demand_starttime` datetime NULL DEFAULT NULL COMMENT '需求开始时间',
  `demand_endtime` datetime NULL DEFAULT NULL COMMENT '需求截止时间(报价截止时间+7天）',
  `demand_time` datetime NULL DEFAULT NULL COMMENT '需求到货时间',
  `bid_endtime` datetime NULL DEFAULT NULL COMMENT '需求报价截止时间(天为单位)',
  `remain_days` int(10) NULL DEFAULT NULL COMMENT '需求剩余天数（定时自动计算）',
  `province` varchar(50) CHARACTER SET utf8 COLLATE utf8_general_ci NULL DEFAULT NULL COMMENT '供需所属省',
  `city` varchar(50) CHARACTER SET utf8 COLLATE utf8_general_ci NULL DEFAULT NULL COMMENT '供需所属市',
  `county` varchar(50) CHARACTER SET utf8 COLLATE utf8_general_ci NULL DEFAULT NULL COMMENT '供需所属区县',
  `address` varchar(255) CHARACTER SET utf8 COLLATE utf8_general_ci NULL DEFAULT NULL COMMENT '详细地址',
  `contact_name` varchar(50) CHARACTER SET utf8 COLLATE utf8_general_ci NULL DEFAULT NULL COMMENT '联系人名称',
  `contact_mobile` varchar(20) CHARACTER SET utf8 COLLATE utf8_general_ci NULL DEFAULT NULL COMMENT '联系人电话',
  `contact_email` varchar(50) CHARACTER SET utf8 COLLATE utf8_general_ci NULL DEFAULT NULL COMMENT '联系人邮箱',
  `user_id` int(11) NULL DEFAULT NULL COMMENT '发布人ID(企业用户才能发布供需)',
  `company_name` varchar(100) CHARACTER SET utf8 COLLATE utf8_general_ci NULL DEFAULT NULL COMMENT '企业名称',
  `status` tinyint(2) NULL DEFAULT NULL COMMENT '供需信息状态0删除1发布2发布选标3待发布4供应下架/需求结束（需要定时、触发器等）',
  `audit_status` tinyint(2) NULL DEFAULT NULL COMMENT '审核状态0未审核1审核通过2审核未通过',
  `audit_reason` varchar(255) CHARACTER SET utf8 COLLATE utf8_general_ci NULL DEFAULT NULL COMMENT '审核不通过原因',
  `audit_id` int(11) NULL DEFAULT NULL COMMENT '审核人ID',
  `audit_time` datetime NULL DEFAULT NULL COMMENT '审核时间',
  `update_time` datetime NULL DEFAULT NULL COMMENT '更新时间',
  PRIMARY KEY (`id`) USING BTREE
) ENGINE = InnoDB AUTO_INCREMENT = 11228 CHARACTER SET = utf8 COLLATE = utf8_general_ci COMMENT = '供需表' ROW_FORMAT = Dynamic;


-- ----------------------------
-- Table structure for geic_success_case
-- ----------------------------
DROP TABLE IF EXISTS `geic_success_case`;
CREATE TABLE `geic_success_case`  (
  `case_id` int(11) NOT NULL AUTO_INCREMENT COMMENT '成功案例ID',
  `case_title` varchar(100) CHARACTER SET utf8 COLLATE utf8_general_ci NULL DEFAULT NULL COMMENT '成功案例标题',
  `case_image` varchar(50) CHARACTER SET utf8 COLLATE utf8_general_ci NULL DEFAULT NULL COMMENT '成功案例简图',
  `case_desc` varchar(255) CHARACTER SET utf8 COLLATE utf8_general_ci NULL DEFAULT NULL COMMENT '成功案例简介',
  `case_type` varchar(50) CHARACTER SET utf8 COLLATE utf8_general_ci NULL DEFAULT NULL COMMENT '成功案例分类',
  `case_content` text CHARACTER SET utf8 COLLATE utf8_general_ci NULL COMMENT '成功案例内容',
  `create_id` int(11) NULL DEFAULT NULL COMMENT '创建人ID',
  `create_time` datetime NULL DEFAULT NULL COMMENT '创建时间',
  `status` tinyint(2) NULL DEFAULT NULL COMMENT '状态0编辑1发布2未发布3删除',
  `update_id` int(11) NULL DEFAULT NULL COMMENT '更新人ID',
  `update_time` datetime NULL DEFAULT NULL COMMENT '更新时间',
  PRIMARY KEY (`case_id`) USING BTREE
) ENGINE = InnoDB AUTO_INCREMENT = 1 CHARACTER SET = utf8 COLLATE = utf8_general_ci COMMENT = '成功案例表' ROW_FORMAT = Dynamic;


-- ----------------------------
-- Table structure for geic_user
-- ----------------------------
DROP TABLE IF EXISTS `geic_user`;
CREATE TABLE `geic_user`  (
  `user_id` int(11) NOT NULL AUTO_INCREMENT COMMENT '用户ID',
  `user_account` varchar(50) CHARACTER SET utf8 COLLATE utf8_general_ci NULL DEFAULT NULL COMMENT '用户账号',
  `user_name` varchar(50) CHARACTER SET utf8 COLLATE utf8_general_ci NOT NULL COMMENT '用户名称',
  `password` varchar(100) CHARACTER SET utf8 COLLATE utf8_general_ci NULL DEFAULT NULL COMMENT '密码',
  `salt` varchar(20) CHARACTER SET utf8 COLLATE utf8_general_ci NULL DEFAULT NULL COMMENT '盐值',
  `user_type` tinyint(2) NULL DEFAULT NULL COMMENT '用户类型1个人2企业',
  `mobile` varchar(11) CHARACTER SET utf8 COLLATE utf8_general_ci NOT NULL COMMENT '手机号',
  `create_time` datetime NULL DEFAULT NULL COMMENT '创建时间',
  `audit_status` tinyint(2) NULL DEFAULT NULL COMMENT '审核状态0未审核1审核通过2审核未通过',
  `status` tinyint(2) NULL DEFAULT NULL COMMENT '用户状态0删除1正常2禁用',
  `audit_reason` varchar(255) CHARACTER SET utf8 COLLATE utf8_general_ci NULL DEFAULT NULL COMMENT '审核未通过原因',
  `update_time` datetime NULL DEFAULT NULL COMMENT '更新时间',
  `update_id` int(11) NULL DEFAULT NULL COMMENT '更新人ID',
  `register` tinyint(255) NULL DEFAULT NULL COMMENT '注册来源：1、运营系统 2、云门户',
  PRIMARY KEY (`user_id`) USING BTREE,
  UNIQUE INDEX `UQ_MOBILE`(`mobile`) USING BTREE COMMENT '手机号唯一',
  UNIQUE INDEX `UQ_USER_ACCOUNT`(`user_account`) USING BTREE COMMENT '账号唯一'
) ENGINE = InnoDB AUTO_INCREMENT = 100067 CHARACTER SET = utf8 COLLATE = utf8_general_ci COMMENT = '系统用户表' ROW_FORMAT = Dynamic;

-- ----------------------------
-- Table structure for geic_user_companyinfo
-- ----------------------------
DROP TABLE IF EXISTS `geic_user_companyinfo`;
CREATE TABLE `geic_user_companyinfo`  (
  `user_id` int(11) NOT NULL COMMENT '用户ID',
  `company_name` varchar(100) CHARACTER SET utf8 COLLATE utf8_general_ci NULL DEFAULT NULL COMMENT '企业名称',
  `company_type` varchar(50) CHARACTER SET utf8 COLLATE utf8_general_ci NULL DEFAULT NULL COMMENT '企业分类',
  `business_license` varchar(100) CHARACTER SET utf8 COLLATE utf8_general_ci NULL DEFAULT NULL COMMENT '营业执照URL',
  `trade` varchar(50) CHARACTER SET utf8 COLLATE utf8_general_ci NULL DEFAULT NULL COMMENT '所属行业分类',
  `bank_province` varchar(20) CHARACTER SET utf8 COLLATE utf8_general_ci NULL DEFAULT NULL COMMENT '开户行所属省',
  `bank_city` varchar(20) CHARACTER SET utf8 COLLATE utf8_general_ci NULL DEFAULT NULL COMMENT '开户行所属市',
  `bank_county` varchar(20) CHARACTER SET utf8 COLLATE utf8_general_ci NULL DEFAULT NULL COMMENT '开户行所属区县',
  `bank_name` varchar(100) CHARACTER SET utf8 COLLATE utf8_general_ci NULL DEFAULT NULL COMMENT '开户行名称',
  `bankaccount` int(20) NULL DEFAULT NULL COMMENT '银行账户',
  `email` varchar(50) CHARACTER SET utf8 COLLATE utf8_general_ci NULL DEFAULT NULL COMMENT '企业邮箱',
  `contacts` varchar(20) CHARACTER SET utf8 COLLATE utf8_general_ci NULL DEFAULT NULL COMMENT '企业联系人',
  `contacts_tel` varchar(20) CHARACTER SET utf8 COLLATE utf8_general_ci NULL DEFAULT NULL COMMENT '联系电话',
  `province` varchar(20) CHARACTER SET utf8 COLLATE utf8_general_ci NULL DEFAULT NULL COMMENT '企业地址所属省',
  `city` varchar(20) CHARACTER SET utf8 COLLATE utf8_general_ci NULL DEFAULT NULL COMMENT '企业地址所属市',
  `county` varchar(20) CHARACTER SET utf8 COLLATE utf8_general_ci NULL DEFAULT NULL COMMENT '企业地址所属区县',
  `address` varchar(255) CHARACTER SET utf8 COLLATE utf8_general_ci NULL DEFAULT NULL COMMENT '企业地址',
  `website` varchar(255) CHARACTER SET utf8 COLLATE utf8_general_ci NULL DEFAULT NULL COMMENT '企业网址',
  `company_desc` varchar(500) CHARACTER SET utf8 COLLATE utf8_general_ci NULL DEFAULT NULL COMMENT '企业简介',
  `update_id` int(11) NULL DEFAULT NULL COMMENT '更新人',
  `update_time` datetime NULL DEFAULT NULL COMMENT '更新时间',
  PRIMARY KEY (`user_id`) USING BTREE
) ENGINE = InnoDB CHARACTER SET = utf8 COLLATE = utf8_general_ci COMMENT = '用户企业信息表' ROW_FORMAT = Dynamic;

-- ----------------------------
-- Table structure for geic_user_lock
-- ----------------------------
DROP TABLE IF EXISTS `geic_user_lock`;
CREATE TABLE `geic_user_lock`  (
  `lock_id` int(11) NOT NULL AUTO_INCREMENT COMMENT '主键ID',
  `lock_ip` varchar(50) CHARACTER SET utf8 COLLATE utf8_general_ci NULL DEFAULT NULL COMMENT '被锁IP',
  `lock_user` varchar(50) CHARACTER SET utf8 COLLATE utf8_general_ci NULL DEFAULT NULL COMMENT '被锁用户',
  `lock_time` datetime NULL DEFAULT NULL COMMENT '被锁时间',
  PRIMARY KEY (`lock_id`) USING BTREE
) ENGINE = InnoDB AUTO_INCREMENT = 1 CHARACTER SET = utf8 COLLATE = utf8_general_ci COMMENT = '用户登录被锁表' ROW_FORMAT = Dynamic;

-- ----------------------------
-- Table structure for geic_user_message
-- ----------------------------
DROP TABLE IF EXISTS `geic_user_message`;
CREATE TABLE `geic_user_message`  (
  `message_id` int(11) NOT NULL AUTO_INCREMENT COMMENT '消息主键ID',
  `message_type` tinyint(2) NULL DEFAULT NULL COMMENT '消息类型（0审核消息1竞标消息2系统消息）',
  `message_flag` tinyint(2) NULL DEFAULT NULL COMMENT '消息标志1成功2失败3普通',
  `message` varchar(255) CHARACTER SET utf8 COLLATE utf8_general_ci NULL DEFAULT NULL COMMENT '消息内容',
  `reason` varchar(255) CHARACTER SET utf8 COLLATE utf8_general_ci NULL DEFAULT NULL COMMENT '原因内容',
  `message_time` datetime NULL DEFAULT NULL COMMENT '消息时间',
  `user_id` int(11) NULL DEFAULT NULL COMMENT '用户ID',
  `status` tinyint(2) NULL DEFAULT NULL COMMENT '状态（0未查看1已查看）',
  `resource_type` tinyint(2) NULL DEFAULT NULL COMMENT '资源类型（1供应 2需求 3企业信息）',
  `resource_id` int(11) NULL DEFAULT NULL COMMENT '资源id',
  PRIMARY KEY (`message_id`) USING BTREE
) ENGINE = InnoDB AUTO_INCREMENT = 170 CHARACTER SET = utf8 COLLATE = utf8_general_ci COMMENT = '用户消息表' ROW_FORMAT = Dynamic;

-- ----------------------------
-- Table structure for geic_user_token
-- ----------------------------
DROP TABLE IF EXISTS `geic_user_token`;
CREATE TABLE `geic_user_token`  (
  `user_id` int(11) NOT NULL COMMENT '用户ID',
  `token` varchar(100) CHARACTER SET utf8 COLLATE utf8_general_ci NOT NULL COMMENT 'token',
  `expire_time` datetime NULL DEFAULT NULL COMMENT '过期时间',
  `update_time` datetime NULL DEFAULT NULL COMMENT '更新时间',
  PRIMARY KEY (`user_id`) USING BTREE
) ENGINE = InnoDB CHARACTER SET = utf8 COLLATE = utf8_general_ci COMMENT = '用户token表' ROW_FORMAT = Dynamic;

-- ----------------------------
-- Function structure for getChildListById
-- ----------------------------
DROP FUNCTION IF EXISTS `getChildListById`;
delimiter ;;
CREATE DEFINER=`root`@`localhost` FUNCTION `getChildListById`(id INT) RETURNS varchar(4000) CHARSET utf8 READS SQL DATA
BEGIN
DECLARE oTemp VARCHAR(4000);
DECLARE oTempChild VARCHAR(4000);

SET oTemp = '';
SET oTempChild = CAST(id AS CHAR);

WHILE oTempChild IS NOT NULL DO
	IF oTemp != '' THEN
		SET oTemp = concat(oTemp,',',oTempChild);
	ELSE
		SET oTemp = oTempChild;
	END IF;
	SELECT GROUP_CONCAT(class_id) INTO oTempChild FROM geic_class_manage WHERE FIND_IN_SET(parent_class_id,oTempChild) > 0;
END WHILE;
RETURN oTemp;
END
;;
delimiter ;

SET FOREIGN_KEY_CHECKS = 1;
